station_ts_utc,station_id,sync_status,remote_id,proc_status,name,station_bytes,server_id,server_status,server_bytes,near_server_id,near_dt_s,verdict
2026-09-16 06:31:26,6340,FAILED,,ERROR,20260916T063126.mp4,10136455,4558,5,10136455,,,ON-SERVER
2026-09-16 05:31:27,6338,FAILED,,ERROR,20260916T053127.mp4,9399792,4556,5,9399792,,,ON-SERVER
2026-09-16 04:31:27,6336,FAILED,,ERROR,20260916T043127.mp4,10430902,4554,5,10430902,,,ON-SERVER
2026-09-16 00:01:27,6327,FAILED,,ERROR,20260916T000127.mp4,9335742,4545,5,9335742,,,ON-SERVER
2026-09-15 07:01:27,6293,FAILED,,ERROR,20260915T070127.mp4,9317660,4511,5,9317660,,,ON-SERVER
2026-09-15 05:01:27,6289,FAILED,,ERROR,20260915T050127.mp4,9315374,4507,5,9315374,,,ON-SERVER
2026-09-14 22:31:26,6276,FAILED,,ERROR,20260914T223126.mp4,9307442,4494,5,9307442,,,ON-SERVER
2026-09-13 23:31:28,6230,FAILED,,ERROR,20260913T233128.mp4,10165414,4448,5,10165414,,,ON-SERVER
2026-09-13 05:31:25,6194,FAILED,,ERROR,20260913T053125.mp4,9314205,4412,5,9314205,,,ON-SERVER
2026-09-12 08:31:26,6152,FAILED,,ERROR,20260912T083126.mp4,10300257,4370,5,10300257,,,ON-SERVER
2026-09-11 08:01:26,6103,FAILED,,ERROR,20260911T080126.mp4,10244433,4321,5,10244433,,,ON-SERVER
2026-09-11 05:31:28,6098,FAILED,,ERROR,20260911T053128.mp4,10173503,4316,5,10173503,,,ON-SERVER
2026-09-09 14:31:27,6020,FAILED,,DONE,20260909T143127.mp4,9291443,,,,,,UPLOAD
2026-09-09 11:01:27,6013,FAILED,,ERROR,20260909T110127.mp4,9299079,4232,5,9299079,,,ON-SERVER
2026-09-09 08:31:26,6008,FAILED,,ERROR,20260909T083126.mp4,9309097,4227,5,9309097,,,ON-SERVER
2026-09-09 05:01:28,6001,FAILED,,ERROR,20260909T050128.mp4,9316049,4220,5,9316049,,,ON-SERVER
2026-09-09 00:31:25,5992,FAILED,,ERROR,20260909T003125.mp4,10139662,4211,5,10139662,,,ON-SERVER
2026-09-08 23:31:25,5990,FAILED,,ERROR,20260908T233125.mp4,9317475,4209,5,9317475,,,ON-SERVER
2026-09-08 19:01:26,5981,FAILED,,DONE,20260908T190126.mp4,9486035,,,,,,UPLOAD
2026-09-08 17:31:25,5978,FAILED,,DONE,20260908T173125.mp4,9789690,,,,,,UPLOAD
2026-09-08 13:01:25,5969,FAILED,,DONE,20260908T130125.mp4,9288369,,,,,,UPLOAD
2026-09-08 08:31:25,5960,FAILED,,ERROR,20260908T083125.mp4,9325926,4182,5,9325926,,,ON-SERVER
2026-09-08 01:01:25,5945,FAILED,,DONE,20260908T010125.mp4,9434092,,,,,,UPLOAD
2026-09-08 00:01:28,5943,FAILED,,ERROR,20260908T000128.mp4,10186965,,,,,,UPLOAD
2026-09-07 09:01:32,5913,FAILED,,ERROR,20260907T090132.mp4,9308719,4137,5,9308719,,,ON-SERVER
2026-09-06 08:31:25,5864,FAILED,,ERROR,20260906T083125.mp4,10136921,4088,5,10136921,,,ON-SERVER
2026-09-06 07:31:25,5862,FAILED,,ERROR,20260906T073125.mp4,9531208,4086,5,9531208,,,ON-SERVER
2026-09-06 02:31:34,5852,FAILED,,ERROR,20260906T023134.mp4,10170175,,,,,,UPLOAD
2026-09-05 22:31:27,5844,FAILED,,ERROR,20260905T223127.mp4,9264383,4069,5,9264383,,,ON-SERVER
2026-09-05 16:01:28,5831,FAILED,,DONE,20260905T160128.mp4,9680332,,,,,,UPLOAD
2026-09-05 05:31:25,5810,FAILED,,ERROR,20260905T053125.mp4,10085711,4036,5,10085711,,,ON-SERVER
2026-09-04 23:01:25,5797,FAILED,,ERROR,20260904T230125.mp4,10095304,,,,,,UPLOAD
2026-09-04 22:01:26,5795,FAILED,,DONE,20260904T220126.mp4,9833436,,,,,,UPLOAD
2026-09-04 21:31:33,5794,FAILED,,DONE,20260904T213133.mp4,9504324,,,,,,UPLOAD
2026-09-04 09:01:28,5769,FAILED,,ERROR,20260904T090128.mp4,10132025,3998,5,10132025,,,ON-SERVER
2026-09-04 08:01:25,5767,FAILED,,ERROR,20260904T080125.mp4,10125375,3996,5,10125375,,,ON-SERVER
2026-09-04 05:01:26,5761,FAILED,,ERROR,20260904T050126.mp4,9308962,3990,5,9308962,,,ON-SERVER
2026-09-03 21:31:32,5746,FAILED,,DONE,20260903T213132.mp4,9446691,,,,,,UPLOAD
2026-09-03 18:31:26,5740,FAILED,,DONE,20260903T183126.mp4,9292444,,,,,,UPLOAD
2026-09-03 12:01:28,5727,FAILED,,DONE,20260903T120128.mp4,10123147,,,,,,UPLOAD
2026-09-03 10:31:28,5724,FAILED,,ERROR,20260903T103128.mp4,10276292,3956,5,10276292,,,ON-SERVER
2026-09-03 07:31:32,5718,FAILED,,ERROR,20260903T073132.mp4,9315078,3950,5,9315078,,,ON-SERVER
2026-09-03 06:01:27,5715,FAILED,,ERROR,20260903T060127.mp4,9312343,,,,,,UPLOAD
2026-09-03 03:31:28,5710,FAILED,,DONE,20260903T033128.mp4,9412225,,,,,,UPLOAD
2026-09-03 03:01:29,5709,FAILED,,ERROR,20260903T030129.mp4,9312009,,,,,,UPLOAD
2026-09-03 02:31:27,5708,FAILED,,DONE,20260903T023127.mp4,9403154,,,,,,UPLOAD
2026-09-03 02:01:33,5707,FAILED,,ERROR,20260903T020133.mp4,9312835,,,,,,UPLOAD
2026-09-03 01:31:27,5706,FAILED,,ERROR,20260903T013127.mp4,9306033,,,,,,UPLOAD
2026-09-03 01:01:29,5705,FAILED,,ERROR,20260903T010129.mp4,9309428,,,,,,UPLOAD
2026-09-03 00:31:28,5704,FAILED,,ERROR,20260903T003128.mp4,9626468,,,,,,UPLOAD
2026-09-03 00:01:26,5703,FAILED,,ERROR,20260903T000126.mp4,9313002,,,,,,UPLOAD
2026-09-02 23:32:31,5702,FAILED,,ERROR,20260902T233231.mp4,10192584,,,,,,UPLOAD
2026-09-02 23:01:32,5701,FAILED,,ERROR,20260902T230132.mp4,10064602,,,,,,UPLOAD
2026-09-02 22:31:28,5700,FAILED,,DONE,20260902T223128.mp4,9687298,,,,,,UPLOAD
2026-09-02 22:01:32,5699,FAILED,,DONE,20260902T220132.mp4,9475413,,,,,,UPLOAD
2026-09-02 21:32:31,5698,FAILED,,DONE,20260902T213231.mp4,9483354,,,,,,UPLOAD
2026-09-02 21:01:32,5697,FAILED,,DONE,20260902T210132.mp4,10005923,,,,,,UPLOAD
2026-09-02 20:31:25,5696,FAILED,,DONE,20260902T203125.mp4,9286624,,,,,,UPLOAD
2026-09-02 20:01:26,5695,FAILED,,DONE,20260902T200126.mp4,9848150,,,,,,UPLOAD
2026-09-02 19:32:31,5694,FAILED,,DONE,20260902T193231.mp4,9478777,,,,,,UPLOAD
2026-09-02 19:01:31,5693,FAILED,,DONE,20260902T190131.mp4,9811709,,,,,,UPLOAD
2026-09-02 18:31:25,5692,FAILED,,DONE,20260902T183125.mp4,9716657,,,,,,UPLOAD
2026-09-02 18:01:28,5691,FAILED,,DONE,20260902T180128.mp4,10061226,,,,,,UPLOAD
2026-09-02 17:31:28,5690,FAILED,,DONE,20260902T173128.mp4,9295562,,,,,,UPLOAD
2026-09-02 17:01:30,5689,FAILED,,DONE,20260902T170130.mp4,9348249,,,,,,UPLOAD
2026-09-02 16:31:30,5688,FAILED,,DONE,20260902T163130.mp4,9554076,,,,,,UPLOAD
2026-09-02 16:01:31,5687,FAILED,,DONE,20260902T160131.mp4,9863824,,,,,,UPLOAD
2026-09-02 15:31:32,5686,FAILED,,DONE,20260902T153132.mp4,9880309,,,,,,UPLOAD
2026-09-02 15:01:28,5685,FAILED,,DONE,20260902T150128.mp4,9969931,,,,,,UPLOAD
2026-09-02 14:31:32,5684,FAILED,,DONE,20260902T143132.mp4,9294563,,,,,,UPLOAD
2026-09-02 14:01:28,5683,FAILED,,DONE,20260902T140128.mp4,9985130,,,,,,UPLOAD
2026-09-02 09:31:26,5674,FAILED,,ERROR,20260902T093126.mp4,9307256,3935,5,9307256,,,ON-SERVER
2026-09-02 07:31:25,5670,FAILED,,ERROR,20260902T073125.mp4,10308381,3931,5,10308381,,,ON-SERVER
2026-09-01 18:01:35,5643,FAILED,,DONE,20260901T180135.mp4,10045760,,,,,,UPLOAD
2026-09-01 17:31:23,5642,FAILED,,DONE,20260901T173123.mp4,9484642,,,,,,UPLOAD
2026-09-01 17:01:28,5641,FAILED,,DONE,20260901T170128.mp4,9853939,,,,,,UPLOAD
2026-09-01 16:31:23,5640,FAILED,,DONE,20260901T163123.mp4,9286339,,,,,,UPLOAD
2026-09-01 16:01:26,5639,FAILED,,DONE,20260901T160126.mp4,9431529,,,,,,UPLOAD
2026-09-01 15:31:33,5638,FAILED,,DONE,20260901T153133.mp4,9301074,,,,,,UPLOAD
2026-09-01 15:01:23,5637,FAILED,,DONE,20260901T150123.mp4,9696804,,,,,,UPLOAD
2026-09-01 14:31:23,5636,FAILED,,DONE,20260901T143123.mp4,9290442,,,,,,UPLOAD
2026-09-01 14:01:23,5635,FAILED,,DONE,20260901T140123.mp4,9751463,,,,,,UPLOAD
2026-09-01 13:31:23,5634,FAILED,,DONE,20260901T133123.mp4,9605944,,,,,,UPLOAD
2026-09-01 13:01:22,5633,FAILED,,DONE,20260901T130122.mp4,9612183,,,,,,UPLOAD
2026-09-01 12:31:28,5632,FAILED,,DONE,20260901T123128.mp4,9449026,,,,,,UPLOAD
2026-09-01 12:01:29,5631,FAILED,,DONE,20260901T120129.mp4,10180388,,,,,,UPLOAD
2026-09-01 11:31:23,5630,FAILED,,DONE,20260901T113123.mp4,9972745,,,,,,UPLOAD
2026-09-01 11:01:26,5629,FAILED,,ERROR,20260901T110126.mp4,9998561,,,,,,UPLOAD
2026-09-01 10:31:23,5628,FAILED,,ERROR,20260901T103123.mp4,10143974,,,,,,UPLOAD
2026-09-01 10:01:20,5627,FAILED,,DONE,20260901T100120.mp4,10265920,,,,,,UPLOAD
2026-09-01 09:31:24,5626,FAILED,,ERROR,20260901T093124.mp4,9307650,,,,,,UPLOAD
2026-09-01 09:01:23,5625,FAILED,,DONE,20260901T090123.mp4,9316224,,,,,,UPLOAD
2026-09-01 08:31:28,5624,FAILED,,ERROR,20260901T083128.mp4,10216157,,,,,,UPLOAD
2026-09-01 08:01:25,5623,FAILED,,ERROR,20260901T080125.mp4,9356581,,,,,,UPLOAD
2026-09-01 07:31:23,5622,FAILED,,ERROR,20260901T073123.mp4,9496920,,,,,,UPLOAD
2026-09-01 07:01:23,5621,FAILED,,ERROR,20260901T070123.mp4,10115765,,,,,,UPLOAD
2026-09-01 06:31:25,5620,FAILED,,ERROR,20260901T063125.mp4,10364069,,,,,,UPLOAD
2026-09-01 06:01:35,5619,FAILED,,DONE,20260901T060135.mp4,9311548,,,,,,UPLOAD
2026-09-01 05:31:28,5618,FAILED,,ERROR,20260901T053128.mp4,9313501,,,,,,UPLOAD
2026-09-01 05:01:23,5617,FAILED,,ERROR,20260901T050123.mp4,10207066,,,,,,UPLOAD
2026-09-01 04:31:25,5616,FAILED,,DONE,20260901T043125.mp4,10196689,,,,,,UPLOAD
2026-09-01 04:01:29,5615,FAILED,,DONE,20260901T040129.mp4,9321697,,,,,,UPLOAD
2026-09-01 03:31:24,5614,FAILED,,DONE,20260901T033124.mp4,9461136,,,,,,UPLOAD
2026-09-01 03:01:33,5613,FAILED,,ERROR,20260901T030133.mp4,9311538,,,,,,UPLOAD
2026-09-01 02:31:20,5612,FAILED,,ERROR,20260901T023120.mp4,10206107,,,,,,UPLOAD
2026-09-01 02:01:30,5611,FAILED,,ERROR,20260901T020130.mp4,10228310,,,,,,UPLOAD
2026-09-01 01:31:23,5610,FAILED,,ERROR,20260901T013123.mp4,9305280,,,,,,UPLOAD
2026-09-01 01:01:28,5609,FAILED,,ERROR,20260901T010128.mp4,9308081,,,,,,UPLOAD
2026-09-01 00:31:25,5608,FAILED,,ERROR,20260901T003125.mp4,9516900,,,,,,UPLOAD
2026-09-01 00:01:25,5607,FAILED,,ERROR,20260901T000125.mp4,9314789,,,,,,UPLOAD
2026-08-31 23:31:21,5606,FAILED,,ERROR,20260831T233121.mp4,9909323,,,,,,UPLOAD
2026-08-31 23:01:28,5605,FAILED,,ERROR,20260831T230128.mp4,9370870,,,,,,UPLOAD
2026-08-31 22:31:24,5604,FAILED,,DONE,20260831T223124.mp4,10054061,,,,,,UPLOAD
2026-08-31 22:01:25,5603,FAILED,,DONE,20260831T220125.mp4,9901865,,,,,,UPLOAD
2026-08-31 21:31:23,5602,FAILED,,DONE,20260831T213123.mp4,9721221,,,,,,UPLOAD
2026-08-31 21:01:32,5601,FAILED,,DONE,20260831T210132.mp4,10033580,,,,,,UPLOAD
2026-08-31 20:31:24,5600,FAILED,,DONE,20260831T203124.mp4,9974629,,,,,,UPLOAD
2026-08-31 20:01:28,5599,FAILED,,DONE,20260831T200128.mp4,9288564,,,,,,UPLOAD
2026-08-31 19:31:22,5598,FAILED,,DONE,20260831T193122.mp4,9789731,,,,,,UPLOAD
2026-08-31 19:01:28,5597,FAILED,,DONE,20260831T190128.mp4,9330773,,,,,,UPLOAD
2026-08-31 18:31:24,5596,FAILED,,DONE,20260831T183124.mp4,9661304,,,,,,UPLOAD
2026-08-31 18:01:23,5595,FAILED,,DONE,20260831T180123.mp4,9288870,,,,,,UPLOAD
2026-08-31 17:31:25,5594,FAILED,,DONE,20260831T173125.mp4,10259415,,,,,,UPLOAD
2026-08-31 17:01:33,5593,FAILED,,DONE,20260831T170133.mp4,9390823,,,,,,UPLOAD
2026-08-31 16:31:23,5592,FAILED,,DONE,20260831T163123.mp4,9293165,,,,,,UPLOAD
2026-08-31 16:01:30,5591,FAILED,,DONE,20260831T160130.mp4,9807426,,,,,,UPLOAD
2026-08-31 15:31:31,5590,FAILED,,DONE,20260831T153131.mp4,9293850,,,,,,UPLOAD
2026-08-31 15:01:20,5589,FAILED,,DONE,20260831T150120.mp4,9305088,,,,,,UPLOAD
2026-08-31 14:31:30,5588,FAILED,,DONE,20260831T143130.mp4,9290031,,,,,,UPLOAD
2026-08-31 14:01:24,5587,FAILED,,DONE,20260831T140124.mp4,10068114,,,,,,UPLOAD
2026-08-31 13:31:23,5586,FAILED,,DONE,20260831T133123.mp4,9429812,,,,,,UPLOAD
2026-08-31 13:01:25,5585,FAILED,,DONE,20260831T130125.mp4,9894179,,,,,,UPLOAD
2026-08-31 12:31:27,5584,FAILED,,DONE,20260831T123127.mp4,9858546,,,,,,UPLOAD
2026-08-31 12:01:25,5583,FAILED,,DONE,20260831T120125.mp4,9863663,,,,,,UPLOAD
2026-08-31 11:31:23,5582,FAILED,,DONE,20260831T113123.mp4,9286102,,,,,,UPLOAD
2026-08-31 11:01:24,5581,FAILED,,DONE,20260831T110124.mp4,9379855,,,,,,UPLOAD
2026-08-31 10:31:25,5580,FAILED,,DONE,20260831T103125.mp4,9317329,,,,,,UPLOAD
2026-08-31 10:01:26,5579,FAILED,,DONE,20260831T100126.mp4,9314857,,,,,,UPLOAD
2026-08-31 09:31:25,5578,FAILED,,ERROR,20260831T093125.mp4,10325761,,,,,,UPLOAD
2026-08-31 09:01:23,5577,FAILED,,ERROR,20260831T090123.mp4,9309042,,,,,,UPLOAD
2026-08-31 08:31:24,5576,FAILED,,ERROR,20260831T083124.mp4,9310584,,,,,,UPLOAD
2026-08-31 08:01:28,5575,FAILED,,ERROR,20260831T080128.mp4,9311762,,,,,,UPLOAD
2026-08-31 07:31:25,5574,FAILED,,DONE,20260831T073125.mp4,9486834,,,,,,UPLOAD
2026-08-31 07:01:28,5573,FAILED,,ERROR,20260831T070128.mp4,10177495,,,,,,UPLOAD
2026-08-31 06:31:23,5572,FAILED,,DONE,20260831T063123.mp4,10187626,,,,,,UPLOAD
2026-08-31 06:01:31,5571,FAILED,,DONE,20260831T060131.mp4,10291083,,,,,,UPLOAD
2026-08-31 05:31:26,5570,FAILED,,ERROR,20260831T053126.mp4,10157182,,,,,,UPLOAD
2026-08-31 05:01:28,5569,FAILED,,DONE,20260831T050128.mp4,9503177,,,,,,UPLOAD
2026-08-31 04:31:23,5568,FAILED,,DONE,20260831T043123.mp4,9316929,,,,,,UPLOAD
2026-08-31 04:01:23,5567,FAILED,,ERROR,20260831T040123.mp4,10163312,,,,,,UPLOAD
2026-08-31 03:31:23,5566,FAILED,,DONE,20260831T033123.mp4,10179228,,,,,,UPLOAD
2026-08-31 03:01:24,5565,FAILED,,DONE,20260831T030124.mp4,9493411,,,,,,UPLOAD
2026-08-31 02:31:23,5564,FAILED,,ERROR,20260831T023123.mp4,9316853,,,,,,UPLOAD
2026-08-31 02:01:28,5563,FAILED,,ERROR,20260831T020128.mp4,9369498,,,,,,UPLOAD
2026-08-31 01:31:25,5562,FAILED,,ERROR,20260831T013125.mp4,9583768,,,,,,UPLOAD
2026-08-31 01:01:28,5561,FAILED,,ERROR,20260831T010128.mp4,9407781,,,,,,UPLOAD
2026-08-31 00:31:30,5560,FAILED,,DONE,20260831T003130.mp4,9359673,,,,,,UPLOAD
2026-08-31 00:01:23,5559,FAILED,,DONE,20260831T000123.mp4,9311387,,,,,,UPLOAD
2026-08-30 23:31:27,5558,FAILED,,DONE,20260830T233127.mp4,10152156,,,,,,UPLOAD
2026-08-30 23:01:29,5557,FAILED,,DONE,20260830T230129.mp4,9592788,,,,,,UPLOAD
2026-08-30 22:31:24,5556,FAILED,,DONE,20260830T223124.mp4,9867452,,,,,,UPLOAD
2026-08-30 22:01:23,5555,FAILED,,DONE,20260830T220123.mp4,9962288,,,,,,UPLOAD
2026-08-30 21:31:23,5554,FAILED,,DONE,20260830T213123.mp4,9795066,,,,,,UPLOAD
2026-08-30 21:01:24,5553,FAILED,,DONE,20260830T210124.mp4,9292398,,,,,,UPLOAD
2026-08-30 20:31:26,5552,FAILED,,DONE,20260830T203126.mp4,9699504,,,,,,UPLOAD
2026-08-30 20:01:27,5551,FAILED,,DONE,20260830T200127.mp4,9344122,,,,,,UPLOAD
2026-08-30 19:31:23,5550,FAILED,,DONE,20260830T193123.mp4,9878863,,,,,,UPLOAD
2026-08-30 19:01:22,5549,FAILED,,DONE,20260830T190122.mp4,9288652,,,,,,UPLOAD
2026-08-30 18:31:23,5548,FAILED,,DONE,20260830T183123.mp4,9915929,,,,,,UPLOAD
2026-08-30 18:01:30,5547,FAILED,,DONE,20260830T180130.mp4,9420249,,,,,,UPLOAD
2026-08-30 17:31:30,5546,FAILED,,DONE,20260830T173130.mp4,9813370,,,,,,UPLOAD
2026-08-30 17:01:23,5545,FAILED,,DONE,20260830T170123.mp4,9840994,,,,,,UPLOAD
2026-08-30 16:31:28,5544,FAILED,,DONE,20260830T163128.mp4,9911320,,,,,,UPLOAD
2026-08-30 16:01:25,5543,FAILED,,DONE,20260830T160125.mp4,10027374,,,,,,UPLOAD
2026-08-30 15:31:24,5542,FAILED,,DONE,20260830T153124.mp4,9446819,,,,,,UPLOAD
2026-08-30 15:01:29,5541,FAILED,,DONE,20260830T150129.mp4,9922078,,,,,,UPLOAD
2026-08-30 14:31:23,5540,FAILED,,DONE,20260830T143123.mp4,9290735,,,,,,UPLOAD
2026-08-30 14:01:31,5539,FAILED,,DONE,20260830T140131.mp4,9710608,,,,,,UPLOAD
2026-08-30 13:31:28,5538,FAILED,,DONE,20260830T133128.mp4,9962205,,,,,,UPLOAD
2026-08-30 13:01:25,5537,FAILED,,DONE,20260830T130125.mp4,9731790,,,,,,UPLOAD
2026-08-30 12:31:29,5536,FAILED,,DONE,20260830T123129.mp4,9831622,,,,,,UPLOAD
2026-08-30 12:01:25,5535,FAILED,,DONE,20260830T120125.mp4,10123900,,,,,,UPLOAD
2026-08-30 11:31:23,5534,FAILED,,DONE,20260830T113123.mp4,9853346,,,,,,UPLOAD
2026-08-30 11:01:23,5533,FAILED,,DONE,20260830T110123.mp4,10085252,,,,,,UPLOAD
2026-08-30 10:31:23,5532,FAILED,,DONE,20260830T103123.mp4,10233714,,,,,,UPLOAD
2026-08-30 10:01:25,5531,FAILED,,ERROR,20260830T100125.mp4,9456911,,,,,,UPLOAD
2026-08-30 09:31:23,5530,FAILED,,DONE,20260830T093123.mp4,10226838,,,,,,UPLOAD
2026-08-30 09:01:21,5529,FAILED,,ERROR,20260830T090121.mp4,10433534,,,,,,UPLOAD
2026-08-30 08:31:24,5528,FAILED,,ERROR,20260830T083124.mp4,9462869,,,,,,UPLOAD
2026-08-30 08:01:25,5527,FAILED,,ERROR,20260830T080125.mp4,10346664,,,,,,UPLOAD
2026-08-30 07:31:30,5526,FAILED,,ERROR,20260830T073130.mp4,10081892,,,,,,UPLOAD
2026-08-30 07:01:25,5525,FAILED,,ERROR,20260830T070125.mp4,9317949,,,,,,UPLOAD
2026-08-30 06:31:28,5524,FAILED,,ERROR,20260830T063128.mp4,9317115,,,,,,UPLOAD
2026-08-30 06:01:24,5523,FAILED,,ERROR,20260830T060124.mp4,9365116,,,,,,UPLOAD
2026-08-30 05:31:23,5522,FAILED,,ERROR,20260830T053123.mp4,10223343,,,,,,UPLOAD
2026-08-30 05:01:24,5521,FAILED,,DONE,20260830T050124.mp4,9396652,,,,,,UPLOAD
2026-08-30 04:31:23,5520,FAILED,,DONE,20260830T043123.mp4,9369569,,,,,,UPLOAD
2026-08-30 04:01:23,5519,FAILED,,ERROR,20260830T040123.mp4,9407014,,,,,,UPLOAD
2026-08-30 03:31:21,5518,FAILED,,ERROR,20260830T033121.mp4,10368569,,,,,,UPLOAD
2026-08-30 03:01:23,5517,FAILED,,DONE,20260830T030123.mp4,9312049,,,,,,UPLOAD
2026-08-30 02:31:26,5516,FAILED,,ERROR,20260830T023126.mp4,9314552,,,,,,UPLOAD
2026-08-30 02:01:24,5515,FAILED,,ERROR,20260830T020124.mp4,10139209,,,,,,UPLOAD
2026-08-30 01:31:23,5514,FAILED,,ERROR,20260830T013123.mp4,10219202,,,,,,UPLOAD
2026-08-30 01:01:28,5513,FAILED,,ERROR,20260830T010128.mp4,9364574,,,,,,UPLOAD
2026-08-30 00:31:23,5512,FAILED,,ERROR,20260830T003123.mp4,9404421,,,,,,UPLOAD
2026-08-30 00:01:23,5511,FAILED,,ERROR,20260830T000123.mp4,9504262,,,,,,UPLOAD
2026-08-29 23:31:23,5510,FAILED,,ERROR,20260829T233123.mp4,9462058,,,,,,UPLOAD
2026-08-29 23:01:21,5509,FAILED,,DONE,20260829T230121.mp4,10079041,,,,,,UPLOAD
2026-08-29 22:31:25,5508,FAILED,,DONE,20260829T223125.mp4,9900232,,,,,,UPLOAD
2026-08-29 22:01:22,5507,FAILED,,DONE,20260829T220122.mp4,9292474,,,,,,UPLOAD
2026-08-29 21:31:24,5506,FAILED,,DONE,20260829T213124.mp4,9481529,,,,,,UPLOAD
2026-08-29 21:01:23,5505,FAILED,,DONE,20260829T210123.mp4,9954490,,,,,,UPLOAD
2026-08-29 20:31:26,5504,FAILED,,DONE,20260829T203126.mp4,9949775,,,,,,UPLOAD
2026-08-29 20:01:23,5503,FAILED,,DONE,20260829T200123.mp4,9285715,,,,,,UPLOAD
2026-08-29 19:31:24,5502,FAILED,,DONE,20260829T193124.mp4,9284569,,,,,,UPLOAD
2026-08-29 19:01:20,5501,FAILED,,DONE,20260829T190120.mp4,9280811,,,,,,UPLOAD
2026-08-29 18:31:23,5500,FAILED,,DONE,20260829T183123.mp4,9549236,,,,,,UPLOAD
2026-08-29 18:01:24,5499,FAILED,,DONE,20260829T180124.mp4,9289615,,,,,,UPLOAD
2026-08-29 17:31:23,5498,FAILED,,DONE,20260829T173123.mp4,9454953,,,,,,UPLOAD
2026-08-29 17:01:23,5497,FAILED,,DONE,20260829T170123.mp4,9664204,,,,,,UPLOAD
2026-08-29 16:31:23,5496,FAILED,,DONE,20260829T163123.mp4,9116261,,,,,,UPLOAD
2026-08-29 16:01:26,5495,FAILED,,DONE,20260829T160126.mp4,10278555,,,,,,UPLOAD
2026-08-29 15:31:23,5494,FAILED,,DONE,20260829T153123.mp4,9992895,,,,,,UPLOAD
2026-08-29 15:01:26,5493,FAILED,,DONE,20260829T150126.mp4,9856262,,,,,,UPLOAD
2026-08-29 14:31:25,5492,FAILED,,DONE,20260829T143125.mp4,10190077,,,,,,UPLOAD
2026-08-29 14:01:23,5491,FAILED,,DONE,20260829T140123.mp4,9201125,,,,,,UPLOAD
2026-08-29 13:31:23,5490,FAILED,,DONE,20260829T133123.mp4,9655541,,,,,,UPLOAD
2026-08-29 13:01:25,5489,FAILED,,ERROR,20260829T130125.mp4,9481472,,,,,,UPLOAD
2026-08-29 12:31:22,5488,FAILED,,ERROR,20260829T123122.mp4,9889307,,,,,,UPLOAD
2026-08-29 12:01:23,5487,FAILED,,DONE,20260829T120123.mp4,9576174,,,,,,UPLOAD
2026-08-29 11:31:25,5486,FAILED,,DONE,20260829T113125.mp4,9838324,,,,,,UPLOAD
2026-08-29 11:01:31,5485,FAILED,,DONE,20260829T110131.mp4,9311926,,,,,,UPLOAD
2026-08-29 10:31:23,5484,FAILED,,ERROR,20260829T103123.mp4,9301970,,,,,,UPLOAD
2026-08-29 10:01:26,5483,FAILED,,ERROR,20260829T100126.mp4,9391727,,,,,,UPLOAD
2026-08-29 09:31:23,5482,FAILED,,ERROR,20260829T093123.mp4,10284261,,,,,,UPLOAD
2026-08-29 09:01:23,5481,FAILED,,ERROR,20260829T090123.mp4,9577358,,,,,,UPLOAD
2026-08-29 08:31:23,5480,FAILED,,DONE,20260829T083123.mp4,9404380,,,,,,UPLOAD
2026-08-29 08:01:23,5479,FAILED,,DONE,20260829T080123.mp4,9300825,,,,,,UPLOAD
2026-08-29 07:31:29,5478,FAILED,,DONE,20260829T073129.mp4,9296038,,,,,,UPLOAD
2026-08-29 07:01:25,5477,FAILED,,DONE,20260829T070125.mp4,9304538,,,,,,UPLOAD
2026-08-29 06:31:27,5476,FAILED,,DONE,20260829T063127.mp4,9301559,,,,,,UPLOAD
2026-08-29 06:01:29,5475,FAILED,,DONE,20260829T060129.mp4,10137916,,,,,,UPLOAD
2026-08-29 05:31:28,5474,FAILED,,DONE,20260829T053128.mp4,10129208,,,,,,UPLOAD
2026-08-29 05:01:23,5473,FAILED,,ERROR,20260829T050123.mp4,10207690,,,,,,UPLOAD
2026-08-29 04:31:23,5472,FAILED,,DONE,20260829T043123.mp4,10218558,,,,,,UPLOAD
2026-08-29 04:01:23,5471,FAILED,,DONE,20260829T040123.mp4,10241431,,,,,,UPLOAD
2026-08-29 03:31:23,5470,FAILED,,DONE,20260829T033123.mp4,9321755,,,,,,UPLOAD
2026-08-29 03:01:25,5469,FAILED,,ERROR,20260829T030125.mp4,9327256,,,,,,UPLOAD
2026-08-29 02:31:23,5468,FAILED,,ERROR,20260829T023123.mp4,9318449,,,,,,UPLOAD
2026-08-29 02:01:25,5467,FAILED,,ERROR,20260829T020125.mp4,9538638,,,,,,UPLOAD
2026-08-29 01:31:23,5466,FAILED,,ERROR,20260829T013123.mp4,10268436,,,,,,UPLOAD
2026-08-29 01:01:23,5465,FAILED,,ERROR,20260829T010123.mp4,9650941,,,,,,UPLOAD
2026-08-29 00:31:23,5464,FAILED,,ERROR,20260829T003123.mp4,10089476,,,,,,UPLOAD
2026-08-29 00:01:25,5463,FAILED,,ERROR,20260829T000125.mp4,9381770,,,,,,UPLOAD
2026-08-28 23:31:26,5462,FAILED,,DONE,20260828T233126.mp4,9308383,,,,,,UPLOAD
2026-08-28 23:01:26,5461,FAILED,,ERROR,20260828T230126.mp4,9374098,,,,,,UPLOAD
2026-08-28 22:31:20,5460,FAILED,,DONE,20260828T223120.mp4,9753430,,,,,,UPLOAD
2026-08-28 22:01:22,5459,FAILED,,DONE,20260828T220122.mp4,9285454,,,,,,UPLOAD
2026-08-28 21:31:24,5458,FAILED,,DONE,20260828T213124.mp4,9287759,,,,,,UPLOAD
2026-08-28 21:01:23,5457,FAILED,,DONE,20260828T210123.mp4,9837956,,,,,,UPLOAD
2026-08-28 20:31:22,5456,FAILED,,DONE,20260828T203122.mp4,9285950,,,,,,UPLOAD
2026-08-28 20:01:24,5455,FAILED,,DONE,20260828T200124.mp4,9793184,,,,,,UPLOAD
2026-08-28 19:31:24,5454,FAILED,,DONE,20260828T193124.mp4,9873841,,,,,,UPLOAD
2026-08-28 19:01:24,5453,FAILED,,DONE,20260828T190124.mp4,9796897,,,,,,UPLOAD
2026-08-28 18:31:24,5452,FAILED,,DONE,20260828T183124.mp4,9904353,,,,,,UPLOAD
2026-08-28 18:01:23,5451,FAILED,,DONE,20260828T180123.mp4,9339152,,,,,,UPLOAD
2026-08-28 17:31:23,5450,FAILED,,DONE,20260828T173123.mp4,9872459,,,,,,UPLOAD
2026-08-28 17:01:24,5449,FAILED,,DONE,20260828T170124.mp4,9408813,,,,,,UPLOAD
2026-08-28 16:31:23,5448,FAILED,,DONE,20260828T163123.mp4,9983483,,,,,,UPLOAD
2026-08-28 16:01:25,5447,FAILED,,DONE,20260828T160125.mp4,9780482,,,,,,UPLOAD
2026-08-28 15:31:22,5446,FAILED,,DONE,20260828T153122.mp4,9793648,,,,,,UPLOAD
2026-08-28 15:01:23,5445,FAILED,,DONE,20260828T150123.mp4,9286900,,,,,,UPLOAD
2026-08-28 14:31:22,5444,FAILED,,DONE,20260828T143122.mp4,9337307,,,,,,UPLOAD
2026-08-28 14:01:23,5443,FAILED,,DONE,20260828T140123.mp4,9349466,,,,,,UPLOAD
2026-08-28 13:31:23,5442,FAILED,,DONE,20260828T133123.mp4,9283588,,,,,,UPLOAD
2026-08-28 13:01:26,5441,FAILED,,DONE,20260828T130126.mp4,9506792,,,,,,UPLOAD
2026-08-28 12:31:23,5440,FAILED,,DONE,20260828T123123.mp4,9430224,,,,,,UPLOAD
2026-08-28 12:01:26,5439,FAILED,,DONE,20260828T120126.mp4,9551929,,,,,,UPLOAD
2026-08-28 11:31:26,5438,FAILED,,DONE,20260828T113126.mp4,10022910,,,,,,UPLOAD
2026-08-28 11:01:24,5437,FAILED,,ERROR,20260828T110124.mp4,9511515,,,,,,UPLOAD
2026-08-28 10:31:23,5436,FAILED,,ERROR,20260828T103123.mp4,9436475,,,,,,UPLOAD
2026-08-28 10:01:23,5435,FAILED,,ERROR,20260828T100123.mp4,10149116,,,,,,UPLOAD
2026-08-28 09:31:25,5434,FAILED,,ERROR,20260828T093125.mp4,10289756,,,,,,UPLOAD
2026-08-28 09:01:25,5433,FAILED,,ERROR,20260828T090125.mp4,9491408,,,,,,UPLOAD
2026-08-28 08:31:23,5432,FAILED,,DONE,20260828T083123.mp4,10036667,,,,,,UPLOAD
2026-08-28 08:01:23,5431,FAILED,,DONE,20260828T080123.mp4,9300990,,,,,,UPLOAD
2026-08-28 07:31:23,5430,FAILED,,DONE,20260828T073123.mp4,9628544,,,,,,UPLOAD
2026-08-28 07:01:23,5429,FAILED,,DONE,20260828T070123.mp4,10218851,,,,,,UPLOAD
2026-08-28 06:31:23,5428,FAILED,,DONE,20260828T063123.mp4,9300127,,,,,,UPLOAD
2026-08-28 06:01:27,5427,FAILED,,DONE,20260828T060127.mp4,10112989,,,,,,UPLOAD
2026-08-28 05:31:24,5426,FAILED,,ERROR,20260828T053124.mp4,10213665,,,,,,UPLOAD
2026-08-28 05:01:30,5425,FAILED,,DONE,20260828T050130.mp4,9314978,,,,,,UPLOAD
2026-08-28 04:31:23,5424,FAILED,,DONE,20260828T043123.mp4,9320882,,,,,,UPLOAD
2026-08-28 04:01:32,5423,FAILED,,DONE,20260828T040132.mp4,9322325,,,,,,UPLOAD
2026-08-28 03:31:28,5422,FAILED,,DONE,20260828T033128.mp4,9435325,,,,,,UPLOAD
2026-08-28 03:01:31,5421,FAILED,,ERROR,20260828T030131.mp4,9314954,,,,,,UPLOAD
2026-08-28 02:31:23,5420,FAILED,,DONE,20260828T023123.mp4,10180865,,,,,,UPLOAD
2026-08-28 02:01:29,5419,FAILED,,ERROR,20260828T020129.mp4,9312248,,,,,,UPLOAD
2026-08-28 01:31:29,5418,FAILED,,ERROR,20260828T013129.mp4,10090247,,,,,,UPLOAD
2026-08-28 01:01:31,5417,FAILED,,ERROR,20260828T010131.mp4,9298344,,,,,,UPLOAD
2026-08-28 00:31:30,5416,FAILED,,ERROR,20260828T003130.mp4,9734439,,,,,,UPLOAD
2026-08-28 00:01:29,5415,FAILED,,ERROR,20260828T000129.mp4,9642413,,,,,,UPLOAD
2026-08-27 23:31:31,5414,FAILED,,DONE,20260827T233131.mp4,9309083,,,,,,UPLOAD
2026-08-27 23:01:24,5413,FAILED,,DONE,20260827T230124.mp4,9309357,,,,,,UPLOAD
2026-08-27 22:31:32,5412,FAILED,,DONE,20260827T223132.mp4,9451400,,,,,,UPLOAD
2026-08-27 22:01:29,5411,FAILED,,DONE,20260827T220129.mp4,9812280,,,,,,UPLOAD
2026-08-27 20:01:31,5407,FAILED,,DONE,20260827T200131.mp4,10057160,,,,,,UPLOAD
2026-08-27 18:01:27,5403,FAILED,,DONE,20260827T180127.mp4,9835869,,,,,,UPLOAD
2026-08-27 17:31:32,5402,FAILED,,DONE,20260827T173132.mp4,9804096,,,,,,UPLOAD
2026-08-27 17:01:33,5401,FAILED,,DONE,20260827T170133.mp4,9291147,,,,,,UPLOAD
2026-08-27 16:31:28,5400,FAILED,,DONE,20260827T163128.mp4,9753646,,,,,,UPLOAD
2026-08-27 16:01:34,5399,FAILED,,DONE,20260827T160134.mp4,9579821,,,,,,UPLOAD
2026-08-27 15:31:26,5398,FAILED,,DONE,20260827T153126.mp4,9815746,,,,,,UPLOAD
2026-08-27 15:01:26,5397,FAILED,,DONE,20260827T150126.mp4,9695557,,,,,,UPLOAD
2026-08-27 14:31:32,5396,FAILED,,DONE,20260827T143132.mp4,9617183,,,,,,UPLOAD
2026-08-27 14:01:25,5395,FAILED,,DONE,20260827T140125.mp4,9389001,,,,,,UPLOAD
2026-08-27 13:53:38,5394,FAILED,,DONE,20260827T135338.mp4,9809398,,,,,,UPLOAD
2026-08-27 13:13:15,5393,FAILED,,DONE,20260827T131315.mp4,8013458,,,,,,UPLOAD
2026-08-27 12:04:52,5392,FAILED,,DONE,20260827T120452.mp4,9784196,,,,,,UPLOAD
2026-08-27 11:48:22,5391,FAILED,,ERROR,20260827T114822.mp4,7759623,,,,,,UPLOAD
2026-08-27 11:01:27,5390,FAILED,,ERROR,20260827T110127.mp4,9558265,,,,,,UPLOAD
2026-08-27 10:31:31,5389,FAILED,,ERROR,20260827T103131.mp4,9312657,,,,,,UPLOAD
2026-08-27 10:01:28,5388,FAILED,,ERROR,20260827T100128.mp4,9306812,,,,,,UPLOAD
2026-08-27 09:31:29,5387,FAILED,,ERROR,20260827T093129.mp4,10173512,,,,,,UPLOAD
2026-08-27 09:01:26,5386,FAILED,,ERROR,20260827T090126.mp4,10269549,,,,,,UPLOAD
2026-08-27 08:31:22,5385,FAILED,,DONE,20260827T083122.mp4,9378673,,,,,,UPLOAD
2026-08-27 08:01:25,5384,FAILED,,ERROR,20260827T080125.mp4,9498676,,,,,,UPLOAD
2026-08-27 07:31:33,5383,FAILED,,DONE,20260827T073133.mp4,9365050,,,,,,UPLOAD
2026-08-27 07:01:29,5382,FAILED,,ERROR,20260827T070129.mp4,9315069,,,,,,UPLOAD
2026-08-27 06:31:26,5381,FAILED,,DONE,20260827T063126.mp4,9551335,,,,,,UPLOAD
2026-08-27 06:01:30,5380,FAILED,,ERROR,20260827T060130.mp4,10148987,,,,,,UPLOAD
2026-08-27 05:31:25,5379,FAILED,,ERROR,20260827T053125.mp4,10338965,,,,,,UPLOAD
2026-08-27 05:01:23,5378,FAILED,,ERROR,20260827T050123.mp4,9333033,,,,,,UPLOAD
2026-08-27 04:31:29,5377,FAILED,,ERROR,20260827T043129.mp4,11894532,,,,,,UPLOAD
2026-08-27 04:01:22,5376,FAILED,,ERROR,20260827T040122.mp4,9313735,,,,,,UPLOAD
2026-08-27 03:31:35,5375,FAILED,,DONE,20260827T033135.mp4,10280449,,,,,,UPLOAD
2026-08-27 03:01:26,5374,FAILED,,ERROR,20260827T030126.mp4,9316877,,,,,,UPLOAD
2026-08-27 02:31:26,5373,FAILED,,ERROR,20260827T023126.mp4,10166011,,,,,,UPLOAD
2026-08-27 02:01:32,5372,FAILED,,ERROR,20260827T020132.mp4,9313421,,,,,,UPLOAD
2026-08-27 01:31:22,5371,FAILED,,ERROR,20260827T013122.mp4,9306561,,,,,,UPLOAD
2026-08-27 01:01:30,5370,FAILED,,ERROR,20260827T010130.mp4,9468036,,,,,,UPLOAD
2026-08-27 00:31:29,5369,FAILED,,ERROR,20260827T003129.mp4,9582146,,,,,,UPLOAD
2026-08-27 00:01:26,5368,FAILED,,DONE,20260827T000126.mp4,9796736,,,,,,UPLOAD
2026-08-26 23:31:23,5367,FAILED,,DONE,20260826T233123.mp4,10144755,,,,,,UPLOAD
2026-08-26 23:01:26,5366,FAILED,,DONE,20260826T230126.mp4,10071644,,,,,,UPLOAD
2026-08-26 22:31:23,5365,FAILED,,DONE,20260826T223123.mp4,9641926,,,,,,UPLOAD
2026-08-26 22:01:32,5364,FAILED,,DONE,20260826T220132.mp4,9716679,,,,,,UPLOAD
2026-08-26 21:31:25,5363,FAILED,,DONE,20260826T213125.mp4,9271940,,,,,,UPLOAD
2026-08-26 19:31:32,5359,FAILED,,DONE,20260826T193132.mp4,9363555,,,,,,UPLOAD
2026-08-26 17:31:25,5355,FAILED,,DONE,20260826T173125.mp4,9290392,,,,,,UPLOAD
2026-08-26 17:01:27,5354,FAILED,,DONE,20260826T170127.mp4,9285435,,,,,,UPLOAD
2026-08-26 16:31:31,5353,FAILED,,DONE,20260826T163131.mp4,9879372,,,,,,UPLOAD
2026-08-26 16:01:32,5352,FAILED,,DONE,20260826T160132.mp4,9908350,,,,,,UPLOAD
2026-08-26 15:31:26,5351,FAILED,,DONE,20260826T153126.mp4,9550868,,,,,,UPLOAD
2026-08-26 15:01:30,5350,FAILED,,DONE,20260826T150130.mp4,9879599,,,,,,UPLOAD
2026-08-26 14:31:29,5349,FAILED,,DONE,20260826T143129.mp4,9492880,,,,,,UPLOAD
2026-08-26 14:01:28,5348,FAILED,,DONE,20260826T140128.mp4,9611449,,,,,,UPLOAD
2026-08-26 13:31:23,5347,FAILED,,DONE,20260826T133123.mp4,9508549,,,,,,UPLOAD
2026-08-26 13:01:31,5346,FAILED,,DONE,20260826T130131.mp4,9417528,,,,,,UPLOAD
2026-08-26 12:31:26,5345,FAILED,,DONE,20260826T123126.mp4,9958961,,,,,,UPLOAD
2026-08-26 12:01:25,5344,FAILED,,DONE,20260826T120125.mp4,9635095,,,,,,UPLOAD
2026-08-26 11:31:25,5343,FAILED,,DONE,20260826T113125.mp4,9411668,,,,,,UPLOAD
2026-08-26 11:01:33,5342,FAILED,,ERROR,20260826T110133.mp4,9298857,,,,,,UPLOAD
2026-08-26 10:31:29,5341,FAILED,,ERROR,20260826T103129.mp4,9306614,,,,,,UPLOAD
2026-08-26 10:01:26,5340,FAILED,,ERROR,20260826T100126.mp4,10362181,,,,,,UPLOAD
2026-08-26 09:31:26,5339,FAILED,,ERROR,20260826T093126.mp4,10283094,,,,,,UPLOAD
2026-08-26 09:01:25,5338,FAILED,,ERROR,20260826T090125.mp4,10281526,,,,,,UPLOAD
2026-08-26 08:31:30,5337,FAILED,,ERROR,20260826T083130.mp4,10262797,,,,,,UPLOAD
2026-08-26 08:01:31,5336,FAILED,,DONE,20260826T080131.mp4,10388972,,,,,,UPLOAD
2026-08-26 07:31:30,5335,FAILED,,ERROR,20260826T073130.mp4,10184396,,,,,,UPLOAD
2026-08-26 07:01:24,5334,FAILED,,DONE,20260826T070124.mp4,9317283,,,,,,UPLOAD
2026-08-26 06:31:29,5333,FAILED,,ERROR,20260826T063129.mp4,9374573,,,,,,UPLOAD
2026-08-26 06:01:25,5332,FAILED,,ERROR,20260826T060125.mp4,10167173,,,,,,UPLOAD
2026-08-26 05:31:24,5331,FAILED,,DONE,20260826T053124.mp4,9461740,,,,,,UPLOAD
2026-08-26 05:01:29,5330,FAILED,,ERROR,20260826T050129.mp4,10200062,,,,,,UPLOAD
2026-08-26 04:31:30,5329,FAILED,,DONE,20260826T043130.mp4,10207091,,,,,,UPLOAD
2026-08-26 04:01:30,5328,FAILED,,ERROR,20260826T040130.mp4,9561844,,,,,,UPLOAD
2026-08-26 03:31:22,5327,FAILED,,DONE,20260826T033122.mp4,10224328,,,,,,UPLOAD
2026-08-26 03:01:32,5326,FAILED,,ERROR,20260826T030132.mp4,10127129,,,,,,UPLOAD
2026-08-26 02:31:24,5325,FAILED,,ERROR,20260826T023124.mp4,9309752,,,,,,UPLOAD
2026-08-26 02:01:26,5324,FAILED,,DONE,20260826T020126.mp4,9314836,,,,,,UPLOAD
2026-08-26 01:31:31,5323,FAILED,,ERROR,20260826T013131.mp4,9309946,,,,,,UPLOAD
2026-08-26 01:01:32,5322,FAILED,,ERROR,20260826T010132.mp4,9307569,,,,,,UPLOAD
2026-08-26 00:31:23,5321,FAILED,,ERROR,20260826T003123.mp4,9489172,,,,,,UPLOAD
2026-08-26 00:01:30,5320,FAILED,,ERROR,20260826T000130.mp4,10166707,,,,,,UPLOAD
2026-08-25 23:31:30,5319,FAILED,,ERROR,20260825T233130.mp4,9308523,,,,,,UPLOAD
2026-08-25 23:01:29,5318,FAILED,,DONE,20260825T230129.mp4,9627794,,,,,,UPLOAD
2026-08-25 22:34:49,5317,FAILED,,DONE,20260825T223449.mp4,7813323,,,,,,UPLOAD
2026-08-25 20:01:25,5312,FAILED,,DONE,20260825T200125.mp4,8619769,,,,,,UPLOAD
2026-08-25 17:33:16,5308,FAILED,,DONE,20260825T173316.mp4,8058278,,,,,,UPLOAD
2026-08-25 16:33:10,5307,FAILED,,DONE,20260825T163310.mp4,7602858,,,,,,UPLOAD
2026-08-25 16:04:48,5306,FAILED,,DONE,20260825T160448.mp4,8305424,,,,,,UPLOAD
2026-08-25 15:53:23,5305,FAILED,,DONE,20260825T155323.mp4,7644160,,,,,,UPLOAD
2026-08-25 15:16:37,5304,FAILED,,DONE,20260825T151637.mp4,7567881,,,,,,UPLOAD
2026-08-25 14:31:29,5303,FAILED,,ERROR,20260825T143129.mp4,9583589,,,,,,UPLOAD
2026-08-25 14:04:54,5302,FAILED,,DONE,20260825T140454.mp4,7768217,,,,,,UPLOAD
2026-08-25 13:33:11,5301,FAILED,,ERROR,20260825T133311.mp4,7999942,,,,,,UPLOAD
2026-08-25 13:04:48,5300,FAILED,,DONE,20260825T130448.mp4,7939594,,,,,,UPLOAD
2026-08-25 12:34:59,5299,FAILED,,DONE,20260825T123459.mp4,9026254,,,,,,UPLOAD
2026-08-25 12:01:22,5298,FAILED,,DONE,20260825T120122.mp4,7578612,,,,,,UPLOAD
2026-08-25 11:31:23,5297,FAILED,,ERROR,20260825T113123.mp4,9475850,,,,,,UPLOAD
2026-08-25 11:01:26,5296,FAILED,,ERROR,20260825T110126.mp4,10229818,,,,,,UPLOAD
2026-08-25 10:31:24,5295,FAILED,,ERROR,20260825T103124.mp4,9615073,,,,,,UPLOAD
2026-08-25 10:01:26,5294,FAILED,,ERROR,20260825T100126.mp4,9496622,,,,,,UPLOAD
2026-08-25 09:31:26,5293,FAILED,,ERROR,20260825T093126.mp4,9311746,,,,,,UPLOAD
2026-08-25 09:01:24,5292,FAILED,,ERROR,20260825T090124.mp4,10181463,,,,,,UPLOAD
2026-08-25 08:31:30,5291,FAILED,,ERROR,20260825T083130.mp4,9307959,,,,,,UPLOAD
2026-08-25 08:01:22,5290,FAILED,,DONE,20260825T080122.mp4,9314764,,,,,,UPLOAD
2026-08-25 07:31:26,5289,FAILED,,ERROR,20260825T073126.mp4,9453048,,,,,,UPLOAD
2026-08-25 07:01:29,5288,FAILED,,ERROR,20260825T070129.mp4,10406915,,,,,,UPLOAD
2026-08-25 06:31:27,5287,FAILED,,ERROR,20260825T063127.mp4,9308367,,,,,,UPLOAD
2026-08-25 06:01:23,5286,FAILED,,DONE,20260825T060123.mp4,10119437,,,,,,UPLOAD
2026-08-25 05:31:26,5285,FAILED,,ERROR,20260825T053126.mp4,9323064,,,,,,UPLOAD
2026-08-25 05:01:31,5284,FAILED,,ERROR,20260825T050131.mp4,9317536,,,,,,UPLOAD
2026-08-25 04:31:23,5283,FAILED,,ERROR,20260825T043123.mp4,9312662,,,,,,UPLOAD
2026-08-25 04:01:30,5282,FAILED,,DONE,20260825T040130.mp4,9315959,,,,,,UPLOAD
2026-08-25 03:31:23,5281,FAILED,,ERROR,20260825T033123.mp4,9536411,,,,,,UPLOAD
2026-08-25 03:01:23,5280,FAILED,,DONE,20260825T030123.mp4,9622397,,,,,,UPLOAD
2026-08-25 02:31:23,5279,FAILED,,ERROR,20260825T023123.mp4,10136145,,,,,,UPLOAD
2026-08-25 02:01:24,5278,FAILED,,ERROR,20260825T020124.mp4,10119526,,,,,,UPLOAD
2026-08-25 01:31:21,5277,FAILED,,ERROR,20260825T013121.mp4,9631496,,,,,,UPLOAD
2026-08-25 01:01:30,5276,FAILED,,ERROR,20260825T010130.mp4,10108372,,,,,,UPLOAD
2026-08-25 00:31:27,5275,FAILED,,ERROR,20260825T003127.mp4,9307003,,,,,,UPLOAD
2026-08-25 00:01:27,5274,FAILED,,ERROR,20260825T000127.mp4,9459335,,,,,,UPLOAD
2026-08-24 23:31:31,5273,FAILED,,DONE,20260824T233131.mp4,9303069,,,,,,UPLOAD
2026-08-24 23:01:24,5272,FAILED,,ERROR,20260824T230124.mp4,9304352,,,,,,UPLOAD
2026-08-24 22:31:25,5271,FAILED,,DONE,20260824T223125.mp4,9535302,,,,,,UPLOAD
2026-08-24 22:01:32,5270,FAILED,,DONE,20260824T220132.mp4,9849333,,,,,,UPLOAD
2026-08-24 20:01:26,5266,FAILED,,DONE,20260824T200126.mp4,9788410,,,,,,UPLOAD
2026-08-24 18:01:28,5262,FAILED,,DONE,20260824T180128.mp4,9780579,,,,,,UPLOAD
2026-08-24 17:31:26,5261,FAILED,,DONE,20260824T173126.mp4,9270385,,,,,,UPLOAD
2026-08-24 17:01:33,5260,FAILED,,ERROR,20260824T170133.mp4,9923763,,,,,,UPLOAD
2026-08-24 16:31:31,5259,FAILED,,DONE,20260824T163131.mp4,10217660,,,,,,UPLOAD
2026-08-24 16:01:26,5258,FAILED,,ERROR,20260824T160126.mp4,9777281,,,,,,UPLOAD
2026-08-24 15:31:20,5257,FAILED,,ERROR,20260824T153120.mp4,9274314,,,,,,UPLOAD
2026-08-24 15:01:32,5256,FAILED,,ERROR,20260824T150132.mp4,9473164,,,,,,UPLOAD
2026-08-24 14:31:30,5255,FAILED,,DONE,20260824T143130.mp4,9837251,,,,,,UPLOAD
2026-08-24 14:01:32,5254,FAILED,,DONE,20260824T140132.mp4,9504740,,,,,,UPLOAD
2026-08-24 13:31:23,5253,FAILED,,DONE,20260824T133123.mp4,9297048,,,,,,UPLOAD
2026-08-24 13:01:30,5252,FAILED,,DONE,20260824T130130.mp4,9857167,,,,,,UPLOAD
2026-08-24 12:31:30,5251,FAILED,,DONE,20260824T123130.mp4,9965639,,,,,,UPLOAD
2026-08-24 12:01:24,5250,FAILED,,DONE,20260824T120124.mp4,9287430,,,,,,UPLOAD
2026-08-24 11:31:26,5249,FAILED,,DONE,20260824T113126.mp4,9686254,,,,,,UPLOAD
2026-08-24 11:01:32,5248,FAILED,,DONE,20260824T110132.mp4,9304519,,,,,,UPLOAD
2026-08-24 10:31:26,5247,FAILED,,ERROR,20260824T103126.mp4,9311579,,,,,,UPLOAD
2026-08-24 10:01:35,5246,FAILED,,ERROR,20260824T100135.mp4,9317239,,,,,,UPLOAD
2026-08-24 09:31:23,5245,FAILED,,ERROR,20260824T093123.mp4,10363470,,,,,,UPLOAD
2026-08-24 09:01:22,5244,FAILED,,ERROR,20260824T090122.mp4,9313105,,,,,,UPLOAD
2026-08-24 08:31:31,5243,FAILED,,DONE,20260824T083131.mp4,9316103,,,,,,UPLOAD
2026-08-24 08:01:32,5242,FAILED,,DONE,20260824T080132.mp4,9440219,,,,,,UPLOAD
2026-08-24 07:31:30,5241,FAILED,,DONE,20260824T073130.mp4,10195354,,,,,,UPLOAD
2026-08-24 07:01:22,5240,FAILED,,ERROR,20260824T070122.mp4,9313839,,,,,,UPLOAD
2026-08-24 06:31:30,5239,FAILED,,ERROR,20260824T063130.mp4,9311151,,,,,,UPLOAD
2026-08-24 06:01:29,5238,FAILED,,ERROR,20260824T060129.mp4,9309654,,,,,,UPLOAD
2026-08-24 05:31:30,5237,FAILED,,ERROR,20260824T053130.mp4,9529824,,,,,,UPLOAD
2026-08-24 05:01:30,5236,FAILED,,ERROR,20260824T050130.mp4,9314548,,,,,,UPLOAD
2026-08-24 04:31:30,5235,FAILED,,DONE,20260824T043130.mp4,10160338,,,,,,UPLOAD
2026-08-24 04:01:30,5234,FAILED,,DONE,20260824T040130.mp4,10388972,,,,,,UPLOAD
2026-08-24 03:31:30,5233,FAILED,,ERROR,20260824T033130.mp4,10149448,,,,,,UPLOAD
2026-08-24 03:01:29,5232,FAILED,,ERROR,20260824T030129.mp4,9551253,,,,,,UPLOAD
2026-08-24 02:31:31,5231,FAILED,,ERROR,20260824T023131.mp4,10207868,,,,,,UPLOAD
2026-08-24 02:01:31,5230,FAILED,,ERROR,20260824T020131.mp4,9579920,,,,,,UPLOAD
2026-08-24 01:31:31,5229,FAILED,,ERROR,20260824T013131.mp4,9317629,,,,,,UPLOAD
2026-08-24 01:01:24,5228,FAILED,,ERROR,20260824T010124.mp4,9314817,,,,,,UPLOAD
2026-08-24 00:31:31,5227,FAILED,,ERROR,20260824T003131.mp4,9313447,,,,,,UPLOAD
2026-08-24 00:01:30,5226,FAILED,,ERROR,20260824T000130.mp4,9315322,,,,,,UPLOAD
2026-08-23 23:31:26,5225,FAILED,,ERROR,20260823T233126.mp4,9305212,,,,,,UPLOAD
2026-08-23 23:01:28,5224,FAILED,,ERROR,20260823T230128.mp4,9310898,,,,,,UPLOAD
2026-08-23 22:31:29,5223,FAILED,,DONE,20260823T223129.mp4,9407385,,,,,,UPLOAD
2026-08-23 20:31:25,5219,FAILED,,DONE,20260823T203125.mp4,9927302,,,,,,UPLOAD
2026-08-23 20:01:27,5218,FAILED,,DONE,20260823T200127.mp4,9295458,,,,,,UPLOAD
2026-08-23 18:01:33,5214,FAILED,,DONE,20260823T180133.mp4,9872493,,,,,,UPLOAD
2026-08-23 17:31:28,5213,FAILED,,DONE,20260823T173128.mp4,9292016,,,,,,UPLOAD
2026-08-23 17:01:27,5212,FAILED,,DONE,20260823T170127.mp4,9707548,,,,,,UPLOAD
2026-08-23 16:31:20,5211,FAILED,,DONE,20260823T163120.mp4,9262766,,,,,,UPLOAD
2026-08-23 16:01:29,5210,FAILED,,DONE,20260823T160129.mp4,9863203,,,,,,UPLOAD
2026-08-23 15:31:31,5209,FAILED,,DONE,20260823T153131.mp4,9944534,,,,,,UPLOAD
2026-08-23 15:01:25,5208,FAILED,,DONE,20260823T150125.mp4,9294494,,,,,,UPLOAD
2026-08-23 14:31:29,5207,FAILED,,DONE,20260823T143129.mp4,9292737,,,,,,UPLOAD
2026-08-23 14:01:24,5206,FAILED,,DONE,20260823T140124.mp4,9662525,,,,,,UPLOAD
2026-08-23 13:31:31,5205,FAILED,,DONE,20260823T133131.mp4,10074558,,,,,,UPLOAD
2026-08-23 13:01:24,5204,FAILED,,DONE,20260823T130124.mp4,9287526,,,,,,UPLOAD
2026-08-23 12:31:26,5203,FAILED,,DONE,20260823T123126.mp4,9885575,,,,,,UPLOAD
2026-08-23 12:01:25,5202,FAILED,,DONE,20260823T120125.mp4,10138711,,,,,,UPLOAD
2026-08-23 11:31:25,5201,FAILED,,DONE,20260823T113125.mp4,9283958,,,,,,UPLOAD
2026-08-23 11:01:27,5200,FAILED,,ERROR,20260823T110127.mp4,10148680,,,,,,UPLOAD
2026-08-23 10:31:22,5199,FAILED,,ERROR,20260823T103122.mp4,9309335,,,,,,UPLOAD
2026-08-23 10:01:31,5198,FAILED,,ERROR,20260823T100131.mp4,9315534,,,,,,UPLOAD
2026-08-23 09:31:23,5197,FAILED,,ERROR,20260823T093123.mp4,10245610,,,,,,UPLOAD
2026-08-23 09:01:29,5196,FAILED,,ERROR,20260823T090129.mp4,9318397,,,,,,UPLOAD
2026-08-23 08:31:28,5195,FAILED,,ERROR,20260823T083128.mp4,10465071,,,,,,UPLOAD
2026-08-23 08:01:23,5194,FAILED,,ERROR,20260823T080123.mp4,9552565,,,,,,UPLOAD
2026-08-23 07:31:29,5193,FAILED,,ERROR,20260823T073129.mp4,9319451,,,,,,UPLOAD
2026-08-23 07:01:30,5192,FAILED,,ERROR,20260823T070130.mp4,9449038,,,,,,UPLOAD
2026-08-23 06:31:24,5191,FAILED,,ERROR,20260823T063124.mp4,9313682,,,,,,UPLOAD
2026-08-23 06:01:23,5190,FAILED,,DONE,20260823T060123.mp4,9315737,,,,,,UPLOAD
2026-08-23 05:31:29,5189,FAILED,,ERROR,20260823T053129.mp4,9372673,,,,,,UPLOAD
2026-08-23 05:01:23,5188,FAILED,,ERROR,20260823T050123.mp4,10157175,,,,,,UPLOAD
2026-08-23 04:31:27,5187,FAILED,,ERROR,20260823T043127.mp4,9313640,,,,,,UPLOAD
2026-08-23 04:01:28,5186,FAILED,,DONE,20260823T040128.mp4,10160483,,,,,,UPLOAD
2026-08-23 03:31:30,5185,FAILED,,ERROR,20260823T033130.mp4,9313300,,,,,,UPLOAD
2026-08-23 03:01:31,5184,FAILED,,DONE,20260823T030131.mp4,10144275,,,,,,UPLOAD
2026-08-23 02:31:34,5183,FAILED,,ERROR,20260823T023134.mp4,9316107,,,,,,UPLOAD
2026-08-23 01:31:25,5181,FAILED,,ERROR,20260823T013125.mp4,10317496,,,,,,UPLOAD
2026-08-23 01:01:34,5180,FAILED,,ERROR,20260823T010134.mp4,9315484,,,,,,UPLOAD
2026-08-23 00:31:28,5179,FAILED,,ERROR,20260823T003128.mp4,10397660,3872,5,10397660,,,ON-SERVER
2026-08-22 21:01:26,5172,FAILED,,DONE,20260822T210126.mp4,9350494,,,,,,UPLOAD
2026-08-22 20:31:28,5171,FAILED,,DONE,20260822T203128.mp4,9723038,,,,,,UPLOAD
2026-08-22 20:01:32,5170,FAILED,,DONE,20260822T200132.mp4,9408665,,,,,,UPLOAD
2026-08-22 10:01:28,5150,FAILED,,ERROR,20260822T100128.mp4,10165112,,,,,,UPLOAD
2026-08-22 08:01:30,5146,FAILED,,ERROR,20260822T080130.mp4,9318487,3843,5,9318487,,,ON-SERVER
2026-08-22 02:31:24,5135,FAILED,,ERROR,20260822T023124.mp4,9752722,,,,,,UPLOAD
2026-08-22 00:31:26,5131,FAILED,,ERROR,20260822T003126.mp4,10225118,3829,5,10225118,,,ON-SERVER
2026-08-21 21:31:34,5125,FAILED,,DONE,20260821T213134.mp4,9452634,,,,,,UPLOAD
2026-08-21 07:01:27,5096,FAILED,,ERROR,20260821T070127.mp4,9315840,3795,5,9315840,,,ON-SERVER
2026-08-21 03:01:26,5088,FAILED,,ERROR,20260821T030126.mp4,9318360,,,,,,UPLOAD
2026-08-14 17:31:28,5079,FAILED,3779,DONE,20260814T173128.mp4,9693068,3779,4,9693068,,,ON-SERVER
2026-08-13 17:01:25,5030,FAILED,,DONE,20260813T170125.mp4,9891749,,,,,,UPLOAD
2026-08-13 10:31:24,5017,FAILED,,ERROR,20260813T103124.mp4,10039769,3718,5,10039769,,,ON-SERVER
2026-08-13 07:01:26,5010,FAILED,,ERROR,20260813T070126.mp4,9320580,3711,5,9320580,,,ON-SERVER
2026-08-12 22:01:30,4992,FAILED,,DONE,20260812T220130.mp4,9778769,,,,,,UPLOAD
2026-08-12 16:01:32,4980,FAILED,,DONE,20260812T160132.mp4,9859675,,,,,,UPLOAD
2026-08-12 00:01:25,4948,FAILED,,ERROR,20260812T000125.mp4,10215320,3651,5,10215320,,,ON-SERVER
2026-08-11 08:01:27,4916,FAILED,,ERROR,20260811T080127.mp4,9311150,3619,5,9311150,,,ON-SERVER
2026-08-11 06:01:24,4912,FAILED,,DONE,20260811T060124.mp4,9462266,,,,,,UPLOAD
2026-08-10 23:31:30,4899,FAILED,,ERROR,20260810T233130.mp4,9311713,3603,5,9311713,,,ON-SERVER
2026-08-10 20:01:32,4892,FAILED,,DONE,20260810T200132.mp4,9410263,,,,,,UPLOAD
2026-08-10 19:31:25,4891,FAILED,,DONE,20260810T193125.mp4,9934064,,,,,,UPLOAD
2026-08-10 19:01:35,4890,FAILED,,DONE,20260810T190135.mp4,9671683,,,,,,UPLOAD
2026-08-10 18:31:24,4889,FAILED,,DONE,20260810T183124.mp4,9888005,,,,,,UPLOAD
2026-08-10 18:01:30,4888,FAILED,,DONE,20260810T180130.mp4,9280521,,,,,,UPLOAD
2026-08-10 17:31:27,4887,FAILED,,DONE,20260810T173127.mp4,9727549,,,,,,UPLOAD
2026-08-10 17:01:31,4886,FAILED,,DONE,20260810T170131.mp4,9316748,,,,,,UPLOAD
2026-08-10 16:31:26,4885,FAILED,,ERROR,20260810T163126.mp4,9860967,,,,,,UPLOAD
2026-08-10 16:01:27,4884,FAILED,,DONE,20260810T160127.mp4,9281225,,,,,,UPLOAD
2026-08-10 15:31:28,4883,FAILED,,DONE,20260810T153128.mp4,9303937,,,,,,UPLOAD
2026-08-10 15:01:27,4882,FAILED,,DONE,20260810T150127.mp4,9285382,,,,,,UPLOAD
2026-08-10 14:31:26,4881,FAILED,,DONE,20260810T143126.mp4,10102006,,,,,,UPLOAD
2026-08-10 14:01:25,4880,FAILED,,DONE,20260810T140125.mp4,9659368,,,,,,UPLOAD
2026-08-10 13:31:32,4879,FAILED,,DONE,20260810T133132.mp4,9647217,,,,,,UPLOAD
2026-08-10 13:01:32,4878,FAILED,,DONE,20260810T130132.mp4,9628003,,,,,,UPLOAD
2026-08-10 12:31:33,4877,FAILED,,DONE,20260810T123133.mp4,9838876,,,,,,UPLOAD
2026-08-10 12:01:28,4876,FAILED,,DONE,20260810T120128.mp4,9288105,,,,,,UPLOAD
2026-08-10 11:31:26,4875,FAILED,,DONE,20260810T113126.mp4,9874489,,,,,,UPLOAD
2026-08-10 11:01:35,4874,FAILED,,DONE,20260810T110135.mp4,9304242,,,,,,UPLOAD
2026-08-10 10:31:28,4873,FAILED,,DONE,20260810T103128.mp4,10111260,,,,,,UPLOAD
2026-08-10 10:01:29,4872,FAILED,,DONE,20260810T100129.mp4,9377670,,,,,,UPLOAD
2026-08-10 09:31:30,4871,FAILED,,DONE,20260810T093130.mp4,9320004,,,,,,UPLOAD
2026-08-10 09:01:28,4870,FAILED,,DONE,20260810T090128.mp4,9317778,,,,,,UPLOAD
2026-08-10 08:31:24,4869,FAILED,,DONE,20260810T083124.mp4,9762777,,,,,,UPLOAD
2026-08-10 08:01:27,4868,FAILED,,ERROR,20260810T080127.mp4,9410925,,,,,,UPLOAD
2026-08-10 07:31:27,4867,FAILED,,ERROR,20260810T073127.mp4,10169882,,,,,,UPLOAD
2026-08-10 07:01:28,4866,FAILED,,DONE,20260810T070128.mp4,10150602,,,,,,UPLOAD
2026-08-10 06:31:30,4865,FAILED,,DONE,20260810T063130.mp4,9518072,,,,,,UPLOAD
2026-08-10 06:01:27,4864,FAILED,,DONE,20260810T060127.mp4,9320909,,,,,,UPLOAD
2026-08-10 05:31:26,4863,FAILED,,ERROR,20260810T053126.mp4,9322225,,,,,,UPLOAD
2026-08-10 05:01:32,4862,FAILED,,DONE,20260810T050132.mp4,9319118,,,,,,UPLOAD
2026-08-10 04:31:30,4861,FAILED,,ERROR,20260810T043130.mp4,9316733,,,,,,UPLOAD
2026-08-10 04:01:28,4860,FAILED,,ERROR,20260810T040128.mp4,10265581,,,,,,UPLOAD
2026-08-10 03:31:32,4859,FAILED,,ERROR,20260810T033132.mp4,9453347,,,,,,UPLOAD
2026-08-10 03:01:32,4858,FAILED,,ERROR,20260810T030132.mp4,10306391,,,,,,UPLOAD
2026-08-10 02:31:30,4857,FAILED,,ERROR,20260810T023130.mp4,10188821,,,,,,UPLOAD
2026-08-10 02:01:32,4856,FAILED,,ERROR,20260810T020132.mp4,10175948,,,,,,UPLOAD
2026-08-10 01:31:26,4855,FAILED,,ERROR,20260810T013126.mp4,10150073,,,,,,UPLOAD
2026-08-10 01:01:32,4854,FAILED,,ERROR,20260810T010132.mp4,10321832,,,,,,UPLOAD
2026-08-10 00:31:29,4853,FAILED,,ERROR,20260810T003129.mp4,9473586,,,,,,UPLOAD
2026-08-10 00:01:29,4852,FAILED,,DONE,20260810T000129.mp4,9541644,,,,,,UPLOAD
2026-08-09 23:31:34,4851,FAILED,,ERROR,20260809T233134.mp4,10150230,,,,,,UPLOAD
2026-08-09 23:01:28,4850,FAILED,,ERROR,20260809T230128.mp4,10630397,,,,,,UPLOAD
2026-08-09 22:31:32,4849,FAILED,,DONE,20260809T223132.mp4,9292101,,,,,,UPLOAD
2026-08-09 22:01:25,4848,FAILED,,DONE,20260809T220125.mp4,9279827,,,,,,UPLOAD
2026-08-09 21:31:31,4847,FAILED,,DONE,20260809T213131.mp4,9524852,,,,,,UPLOAD
2026-08-09 21:01:26,4846,FAILED,,DONE,20260809T210126.mp4,9397216,,,,,,UPLOAD
2026-08-09 20:31:26,4845,FAILED,,DONE,20260809T203126.mp4,9285822,,,,,,UPLOAD
2026-08-09 20:01:34,4844,FAILED,,DONE,20260809T200134.mp4,9488106,,,,,,UPLOAD
2026-08-09 19:31:26,4843,FAILED,,DONE,20260809T193126.mp4,9337559,,,,,,UPLOAD
2026-08-09 19:01:26,4842,FAILED,,DONE,20260809T190126.mp4,9639524,,,,,,UPLOAD
2026-08-09 18:31:28,4841,FAILED,,DONE,20260809T183128.mp4,10068423,,,,,,UPLOAD
2026-08-09 18:01:31,4840,FAILED,,DONE,20260809T180131.mp4,9284843,,,,,,UPLOAD
2026-08-09 17:31:32,4839,FAILED,,DONE,20260809T173132.mp4,9837091,,,,,,UPLOAD
2026-08-09 17:01:27,4838,FAILED,,DONE,20260809T170127.mp4,9717711,,,,,,UPLOAD
2026-08-09 16:31:27,4837,FAILED,,DONE,20260809T163127.mp4,9286431,,,,,,UPLOAD
2026-08-09 16:01:26,4836,FAILED,,DONE,20260809T160126.mp4,9474457,,,,,,UPLOAD
2026-08-09 15:31:32,4835,FAILED,,DONE,20260809T153132.mp4,9820123,,,,,,UPLOAD
2026-08-09 15:01:25,4834,FAILED,,DONE,20260809T150125.mp4,9868164,,,,,,UPLOAD
2026-08-09 14:31:32,4833,FAILED,,DONE,20260809T143132.mp4,10027367,,,,,,UPLOAD
2026-08-09 14:01:25,4832,FAILED,,DONE,20260809T140125.mp4,9879761,,,,,,UPLOAD
2026-08-09 13:31:32,4831,FAILED,,DONE,20260809T133132.mp4,9381327,,,,,,UPLOAD
2026-08-09 13:01:25,4830,FAILED,,DONE,20260809T130125.mp4,9279863,,,,,,UPLOAD
2026-08-09 12:31:29,4829,FAILED,,DONE,20260809T123129.mp4,9740087,,,,,,UPLOAD
2026-08-09 12:01:24,4828,FAILED,,DONE,20260809T120124.mp4,9744056,,,,,,UPLOAD
2026-08-09 11:31:32,4827,FAILED,,DONE,20260809T113132.mp4,9543535,,,,,,UPLOAD
2026-08-09 11:01:34,4826,FAILED,,DONE,20260809T110134.mp4,10071659,,,,,,UPLOAD
2026-08-09 10:31:24,4825,FAILED,,DONE,20260809T103124.mp4,9310992,,,,,,UPLOAD
2026-08-09 10:01:28,4824,FAILED,,DONE,20260809T100128.mp4,10317031,,,,,,UPLOAD
2026-08-09 09:31:26,4823,FAILED,,DONE,20260809T093126.mp4,9352008,,,,,,UPLOAD
2026-08-09 09:01:29,4822,FAILED,,DONE,20260809T090129.mp4,9546370,,,,,,UPLOAD
2026-08-09 08:31:29,4821,FAILED,,ERROR,20260809T083129.mp4,9312321,,,,,,UPLOAD
2026-08-09 08:01:29,4820,FAILED,,ERROR,20260809T080129.mp4,10181047,,,,,,UPLOAD
2026-08-09 07:31:38,4819,FAILED,,DONE,20260809T073138.mp4,9311170,,,,,,UPLOAD
2026-08-09 07:01:27,4818,FAILED,,DONE,20260809T070127.mp4,10151503,,,,,,UPLOAD
2026-08-09 06:31:28,4817,FAILED,,DONE,20260809T063128.mp4,9317323,,,,,,UPLOAD
2026-08-09 06:01:25,4816,FAILED,,DONE,20260809T060125.mp4,9611137,,,,,,UPLOAD
2026-08-09 05:31:27,4815,FAILED,,ERROR,20260809T053127.mp4,9594667,,,,,,UPLOAD
2026-08-09 05:01:29,4814,FAILED,,DONE,20260809T050129.mp4,9317180,,,,,,UPLOAD
2026-08-09 04:31:34,4813,FAILED,,ERROR,20260809T043134.mp4,9320384,,,,,,UPLOAD
2026-08-09 04:01:25,4812,FAILED,,ERROR,20260809T040125.mp4,9314075,,,,,,UPLOAD
2026-08-09 03:31:32,4811,FAILED,,ERROR,20260809T033132.mp4,10155793,,,,,,UPLOAD
2026-08-09 03:01:26,4810,FAILED,,ERROR,20260809T030126.mp4,9355610,,,,,,UPLOAD
2026-08-09 02:31:34,4809,FAILED,,ERROR,20260809T023134.mp4,10224397,,,,,,UPLOAD
2026-08-09 02:01:24,4808,FAILED,,ERROR,20260809T020124.mp4,9308647,,,,,,UPLOAD
2026-08-09 01:31:29,4807,FAILED,,ERROR,20260809T013129.mp4,9311861,,,,,,UPLOAD
2026-08-09 01:01:27,4806,FAILED,,ERROR,20260809T010127.mp4,9499266,,,,,,UPLOAD
2026-08-09 00:31:28,4805,FAILED,,ERROR,20260809T003128.mp4,9311817,,,,,,UPLOAD
2026-08-09 00:01:28,4804,FAILED,,ERROR,20260809T000128.mp4,9550988,,,,,,UPLOAD
2026-08-08 23:31:31,4803,FAILED,,DONE,20260808T233131.mp4,10103287,,,,,,UPLOAD
2026-08-08 23:01:33,4802,FAILED,,DONE,20260808T230133.mp4,9620315,,,,,,UPLOAD
2026-08-08 22:31:34,4801,FAILED,,DONE,20260808T223134.mp4,9678178,,,,,,UPLOAD
2026-08-08 22:01:27,4800,FAILED,,DONE,20260808T220127.mp4,9851594,,,,,,UPLOAD
2026-08-08 21:31:27,4799,FAILED,,DONE,20260808T213127.mp4,9610488,,,,,,UPLOAD
2026-08-08 21:01:33,4798,FAILED,,ERROR,20260808T210133.mp4,9900635,,,,,,UPLOAD
2026-08-08 20:31:28,4797,FAILED,,DONE,20260808T203128.mp4,10101023,,,,,,UPLOAD
2026-08-08 20:01:28,4796,FAILED,,DONE,20260808T200128.mp4,9298257,,,,,,UPLOAD
2026-08-08 19:31:24,4795,FAILED,,DONE,20260808T193124.mp4,9287097,,,,,,UPLOAD
2026-08-08 19:01:32,4794,FAILED,,DONE,20260808T190132.mp4,10022715,,,,,,UPLOAD
2026-08-08 18:31:23,4793,FAILED,,DONE,20260808T183123.mp4,9278758,,,,,,UPLOAD
2026-08-08 18:01:34,4792,FAILED,,ERROR,20260808T180134.mp4,9578943,,,,,,UPLOAD
2026-08-08 17:31:31,4791,FAILED,,ERROR,20260808T173131.mp4,9289807,,,,,,UPLOAD
2026-08-08 17:01:25,4790,FAILED,,DONE,20260808T170125.mp4,9544915,,,,,,UPLOAD
2026-08-08 16:31:27,4789,FAILED,,ERROR,20260808T163127.mp4,9285007,,,,,,UPLOAD
2026-08-08 16:01:28,4788,FAILED,,ERROR,20260808T160128.mp4,10153086,,,,,,UPLOAD
2026-08-08 15:31:33,4787,FAILED,,ERROR,20260808T153133.mp4,9839348,,,,,,UPLOAD
2026-08-08 15:01:25,4786,FAILED,,DONE,20260808T150125.mp4,9519087,,,,,,UPLOAD
2026-08-08 14:31:32,4785,FAILED,,DONE,20260808T143132.mp4,9291945,,,,,,UPLOAD
2026-08-08 14:01:25,4784,FAILED,,DONE,20260808T140125.mp4,9875975,,,,,,UPLOAD
2026-08-08 13:31:30,4783,FAILED,,ERROR,20260808T133130.mp4,10241124,,,,,,UPLOAD
2026-08-08 13:01:32,4782,FAILED,,DONE,20260808T130132.mp4,10001731,,,,,,UPLOAD
2026-08-08 12:31:26,4781,FAILED,,DONE,20260808T123126.mp4,9746791,,,,,,UPLOAD
2026-08-08 12:01:26,4780,FAILED,,DONE,20260808T120126.mp4,9279678,,,,,,UPLOAD
2026-08-08 11:31:26,4779,FAILED,,DONE,20260808T113126.mp4,9888439,,,,,,UPLOAD
2026-08-08 11:01:35,4778,FAILED,,DONE,20260808T110135.mp4,9310528,,,,,,UPLOAD
2026-08-08 10:31:32,4777,FAILED,,DONE,20260808T103132.mp4,9311266,,,,,,UPLOAD
2026-08-08 10:01:24,4776,FAILED,,DONE,20260808T100124.mp4,10162407,,,,,,UPLOAD
2026-08-08 09:31:31,4775,FAILED,,DONE,20260808T093131.mp4,10162275,,,,,,UPLOAD
2026-08-08 09:01:31,4774,FAILED,,DONE,20260808T090131.mp4,9611924,,,,,,UPLOAD
2026-08-08 08:31:32,4773,FAILED,,ERROR,20260808T083132.mp4,10186505,,,,,,UPLOAD
2026-08-08 08:01:30,4772,FAILED,,DONE,20260808T080130.mp4,9624058,,,,,,UPLOAD
2026-08-08 07:31:26,4771,FAILED,,DONE,20260808T073126.mp4,10110699,,,,,,UPLOAD
2026-08-08 07:01:31,4770,FAILED,,DONE,20260808T070131.mp4,9378937,,,,,,UPLOAD
2026-08-08 06:31:28,4769,FAILED,,DONE,20260808T063128.mp4,9498713,,,,,,UPLOAD
2026-08-08 06:01:25,4768,FAILED,,DONE,20260808T060125.mp4,9327025,,,,,,UPLOAD
2026-08-08 05:31:25,4767,FAILED,,ERROR,20260808T053125.mp4,9318829,,,,,,UPLOAD
2026-08-08 05:01:27,4766,FAILED,,DONE,20260808T050127.mp4,10229217,,,,,,UPLOAD
2026-08-08 04:31:30,4765,FAILED,,ERROR,20260808T043130.mp4,9319807,,,,,,UPLOAD
2026-08-08 04:01:28,4764,FAILED,,ERROR,20260808T040128.mp4,10340403,,,,,,UPLOAD
2026-08-08 03:31:30,4763,FAILED,,ERROR,20260808T033130.mp4,9484124,,,,,,UPLOAD
2026-08-08 03:01:28,4762,FAILED,,ERROR,20260808T030128.mp4,10223051,,,,,,UPLOAD
2026-08-08 02:31:29,4761,FAILED,,ERROR,20260808T023129.mp4,9313272,,,,,,UPLOAD
2026-08-08 02:01:29,4760,FAILED,,ERROR,20260808T020129.mp4,9317328,,,,,,UPLOAD
2026-08-08 01:31:33,4759,FAILED,,ERROR,20260808T013133.mp4,9390474,,,,,,UPLOAD
2026-08-08 01:01:27,4758,FAILED,,ERROR,20260808T010127.mp4,9459193,,,,,,UPLOAD
2026-08-08 00:31:27,4757,FAILED,,DONE,20260808T003127.mp4,9317317,,,,,,UPLOAD
2026-08-08 00:01:32,4756,FAILED,,ERROR,20260808T000132.mp4,9315092,,,,,,UPLOAD
2026-08-07 23:31:25,4755,FAILED,,ERROR,20260807T233125.mp4,10093053,,,,,,UPLOAD
2026-08-07 23:01:30,4754,FAILED,,ERROR,20260807T230130.mp4,10268823,,,,,,UPLOAD
2026-08-07 22:31:30,4753,FAILED,,DONE,20260807T223130.mp4,9329754,,,,,,UPLOAD
2026-08-07 22:01:25,4752,FAILED,,ERROR,20260807T220125.mp4,9435236,,,,,,UPLOAD
2026-08-07 21:31:26,4751,FAILED,,ERROR,20260807T213126.mp4,9847936,,,,,,UPLOAD
2026-08-07 21:01:25,4750,FAILED,,ERROR,20260807T210125.mp4,9553049,,,,,,UPLOAD
2026-08-07 20:31:36,4749,FAILED,,ERROR,20260807T203136.mp4,9454880,,,,,,UPLOAD
2026-08-07 20:01:34,4748,FAILED,,ERROR,20260807T200134.mp4,9515611,,,,,,UPLOAD
2026-08-07 19:31:31,4747,FAILED,,ERROR,20260807T193131.mp4,9843457,,,,,,UPLOAD
2026-08-07 19:01:27,4746,FAILED,,ERROR,20260807T190127.mp4,9473590,,,,,,UPLOAD
2026-08-07 18:31:30,4745,FAILED,,ERROR,20260807T183130.mp4,9290001,,,,,,UPLOAD
2026-08-07 18:01:24,4744,FAILED,,DONE,20260807T180124.mp4,9740069,,,,,,UPLOAD
2026-08-07 17:31:32,4743,FAILED,,ERROR,20260807T173132.mp4,9538731,,,,,,UPLOAD
2026-08-07 17:01:24,4742,FAILED,,DONE,20260807T170124.mp4,9286144,,,,,,UPLOAD
2026-08-07 16:31:34,4741,FAILED,,DONE,20260807T163134.mp4,9550526,,,,,,UPLOAD
2026-08-07 16:01:24,4740,FAILED,,ERROR,20260807T160124.mp4,9909892,,,,,,UPLOAD
2026-08-07 15:31:34,4739,FAILED,,ERROR,20260807T153134.mp4,9702173,,,,,,UPLOAD
2026-08-07 15:01:29,4738,FAILED,,ERROR,20260807T150129.mp4,9806987,,,,,,UPLOAD
2026-08-07 14:31:31,4737,FAILED,,ERROR,20260807T143131.mp4,9284625,,,,,,UPLOAD
2026-08-07 14:01:34,4736,FAILED,,DONE,20260807T140134.mp4,9758414,,,,,,UPLOAD
2026-08-07 13:31:27,4735,FAILED,,DONE,20260807T133127.mp4,9877673,,,,,,UPLOAD
2026-08-07 13:01:28,4734,FAILED,,DONE,20260807T130128.mp4,9642448,,,,,,UPLOAD
2026-08-07 12:31:30,4733,FAILED,,DONE,20260807T123130.mp4,9615826,,,,,,UPLOAD
2026-08-07 12:01:33,4732,FAILED,,DONE,20260807T120133.mp4,9526528,,,,,,UPLOAD
2026-08-07 11:31:31,4731,FAILED,,DONE,20260807T113131.mp4,9275305,,,,,,UPLOAD
2026-08-07 11:01:25,4730,FAILED,,DONE,20260807T110125.mp4,10377460,,,,,,UPLOAD
2026-08-07 10:31:30,4729,FAILED,,ERROR,20260807T103130.mp4,10286743,,,,,,UPLOAD
2026-08-07 10:01:34,4728,FAILED,,ERROR,20260807T100134.mp4,10210166,,,,,,UPLOAD
2026-08-07 09:31:24,4727,FAILED,,DONE,20260807T093124.mp4,9318155,,,,,,UPLOAD
2026-08-07 09:01:30,4726,FAILED,,DONE,20260807T090130.mp4,10203434,,,,,,UPLOAD
2026-08-07 08:31:29,4725,FAILED,,DONE,20260807T083129.mp4,10132510,,,,,,UPLOAD
2026-08-07 08:01:28,4724,FAILED,,DONE,20260807T080128.mp4,9447829,,,,,,UPLOAD
2026-08-07 07:31:24,4723,FAILED,,DONE,20260807T073124.mp4,10135597,,,,,,UPLOAD
2026-08-07 07:01:34,4722,FAILED,,DONE,20260807T070134.mp4,10129957,,,,,,UPLOAD
2026-08-07 06:31:34,4721,FAILED,,DONE,20260807T063134.mp4,9351812,,,,,,UPLOAD
2026-08-07 06:01:29,4720,FAILED,,DONE,20260807T060129.mp4,9322892,,,,,,UPLOAD
2026-08-07 05:31:31,4719,FAILED,,ERROR,20260807T053131.mp4,9318369,,,,,,UPLOAD
2026-08-07 05:01:32,4718,FAILED,,ERROR,20260807T050132.mp4,9316656,,,,,,UPLOAD
2026-08-07 04:31:28,4717,FAILED,,ERROR,20260807T043128.mp4,9319380,,,,,,UPLOAD
2026-08-07 04:01:29,4716,FAILED,,ERROR,20260807T040129.mp4,10182384,,,,,,UPLOAD
2026-08-07 03:31:26,4715,FAILED,,ERROR,20260807T033126.mp4,10352228,,,,,,UPLOAD
2026-08-07 03:01:25,4714,FAILED,,ERROR,20260807T030125.mp4,10149176,,,,,,UPLOAD
2026-08-07 02:31:25,4713,FAILED,,ERROR,20260807T023125.mp4,9316798,,,,,,UPLOAD
2026-08-07 02:01:32,4712,FAILED,,ERROR,20260807T020132.mp4,10211259,,,,,,UPLOAD
2026-08-07 01:31:31,4711,FAILED,,ERROR,20260807T013131.mp4,9522694,,,,,,UPLOAD
2026-08-07 01:01:34,4710,FAILED,,ERROR,20260807T010134.mp4,10213967,,,,,,UPLOAD
2026-08-07 00:31:27,4709,FAILED,,ERROR,20260807T003127.mp4,9312905,,,,,,UPLOAD
2026-08-07 00:01:32,4708,FAILED,,ERROR,20260807T000132.mp4,9313066,,,,,,UPLOAD
2026-08-06 23:31:32,4707,FAILED,,DONE,20260806T233132.mp4,9311660,,,,,,UPLOAD
2026-08-06 23:01:29,4706,FAILED,,DONE,20260806T230129.mp4,9310652,,,,,,UPLOAD
2026-08-06 22:31:24,4705,FAILED,,DONE,20260806T223124.mp4,9288144,,,,,,UPLOAD
2026-08-06 22:01:33,4704,FAILED,,ERROR,20260806T220133.mp4,9885006,,,,,,UPLOAD
2026-08-06 21:31:29,4703,FAILED,,ERROR,20260806T213129.mp4,9432514,,,,,,UPLOAD
2026-08-06 21:01:34,4702,FAILED,,ERROR,20260806T210134.mp4,9583319,,,,,,UPLOAD
2026-08-06 20:31:24,4701,FAILED,,ERROR,20260806T203124.mp4,9269612,,,,,,UPLOAD
2026-08-06 20:01:34,4700,FAILED,,ERROR,20260806T200134.mp4,9693152,,,,,,UPLOAD
2026-08-06 19:31:30,4699,FAILED,,ERROR,20260806T193130.mp4,9285578,,,,,,UPLOAD
2026-08-06 19:01:24,4698,FAILED,,DONE,20260806T190124.mp4,9658002,,,,,,UPLOAD
2026-08-06 18:31:32,4697,FAILED,,DONE,20260806T183132.mp4,9888000,,,,,,UPLOAD
2026-08-06 18:01:27,4696,FAILED,,DONE,20260806T180127.mp4,9751805,,,,,,UPLOAD
2026-08-06 17:31:25,4695,FAILED,,DONE,20260806T173125.mp4,9291804,,,,,,UPLOAD
2026-08-06 17:01:27,4694,FAILED,,DONE,20260806T170127.mp4,9284160,,,,,,UPLOAD
2026-08-06 16:31:27,4693,FAILED,,DONE,20260806T163127.mp4,10117263,,,,,,UPLOAD
2026-08-06 16:01:27,4692,FAILED,,DONE,20260806T160127.mp4,9770391,,,,,,UPLOAD
2026-08-06 15:31:27,4691,FAILED,,DONE,20260806T153127.mp4,9871196,,,,,,UPLOAD
2026-08-06 15:01:34,4690,FAILED,,DONE,20260806T150134.mp4,9423070,,,,,,UPLOAD
2026-08-06 14:31:27,4689,FAILED,,DONE,20260806T143127.mp4,9928659,,,,,,UPLOAD
2026-08-06 14:01:26,4688,FAILED,,DONE,20260806T140126.mp4,9758793,,,,,,UPLOAD
2026-08-06 13:31:35,4687,FAILED,,DONE,20260806T133135.mp4,9393191,,,,,,UPLOAD
2026-08-06 13:01:32,4686,FAILED,,DONE,20260806T130132.mp4,9896464,,,,,,UPLOAD
2026-08-06 12:31:27,4685,FAILED,,DONE,20260806T123127.mp4,9856368,,,,,,UPLOAD
2026-08-06 12:01:29,4684,FAILED,,DONE,20260806T120129.mp4,10164690,,,,,,UPLOAD
2026-08-06 11:31:27,4683,FAILED,,DONE,20260806T113127.mp4,9863944,,,,,,UPLOAD
2026-08-06 11:01:30,4682,FAILED,,DONE,20260806T110130.mp4,9494027,,,,,,UPLOAD
2026-08-06 10:31:25,4681,FAILED,,DONE,20260806T103125.mp4,9625118,,,,,,UPLOAD
2026-08-06 10:01:28,4680,FAILED,,DONE,20260806T100128.mp4,10218507,,,,,,UPLOAD
2026-08-06 09:31:26,4679,FAILED,,DONE,20260806T093126.mp4,9312341,,,,,,UPLOAD
2026-08-06 09:01:34,4678,FAILED,,DONE,20260806T090134.mp4,10262291,,,,,,UPLOAD
2026-08-06 08:31:28,4677,FAILED,,ERROR,20260806T083128.mp4,9319554,,,,,,UPLOAD
2026-08-06 08:01:24,4676,FAILED,,DONE,20260806T080124.mp4,9317778,,,,,,UPLOAD
2026-08-06 07:31:33,4675,FAILED,,ERROR,20260806T073133.mp4,9401487,,,,,,UPLOAD
2026-08-06 07:01:26,4674,FAILED,,DONE,20260806T070126.mp4,10183819,,,,,,UPLOAD
2026-08-06 06:31:27,4673,FAILED,,ERROR,20260806T063127.mp4,10120470,,,,,,UPLOAD
2026-08-06 06:01:32,4672,FAILED,,ERROR,20260806T060132.mp4,9444910,,,,,,UPLOAD
2026-08-06 05:31:34,4671,FAILED,,ERROR,20260806T053134.mp4,10172224,,,,,,UPLOAD
2026-08-06 05:01:33,4670,FAILED,,ERROR,20260806T050133.mp4,9317745,,,,,,UPLOAD
2026-08-06 04:31:24,4669,FAILED,,DONE,20260806T043124.mp4,9322529,,,,,,UPLOAD
2026-08-06 04:01:32,4668,FAILED,,ERROR,20260806T040132.mp4,10130750,,,,,,UPLOAD
2026-08-06 03:31:25,4667,FAILED,,ERROR,20260806T033125.mp4,9393732,,,,,,UPLOAD
2026-08-06 03:01:32,4666,FAILED,,ERROR,20260806T030132.mp4,9319942,,,,,,UPLOAD
2026-08-06 02:31:29,4665,FAILED,,ERROR,20260806T023129.mp4,9311814,,,,,,UPLOAD
2026-08-06 02:01:24,4664,FAILED,,ERROR,20260806T020124.mp4,9366568,,,,,,UPLOAD
2026-08-06 01:31:33,4663,FAILED,,ERROR,20260806T013133.mp4,9313973,,,,,,UPLOAD
2026-08-06 01:01:26,4662,FAILED,,ERROR,20260806T010126.mp4,9311267,,,,,,UPLOAD
2026-08-06 00:31:27,4661,FAILED,,ERROR,20260806T003127.mp4,9314922,,,,,,UPLOAD
2026-08-06 00:01:29,4660,FAILED,,ERROR,20260806T000129.mp4,10268904,,,,,,UPLOAD
2026-08-05 23:31:24,4659,FAILED,,ERROR,20260805T233124.mp4,9306281,,,,,,UPLOAD
2026-08-05 23:01:32,4658,FAILED,,ERROR,20260805T230132.mp4,9312843,,,,,,UPLOAD
2026-08-05 22:31:32,4657,FAILED,,DONE,20260805T223132.mp4,9762286,,,,,,UPLOAD
2026-08-05 22:01:24,4656,FAILED,,DONE,20260805T220124.mp4,9288803,,,,,,UPLOAD
2026-08-05 21:31:27,4655,FAILED,,DONE,20260805T213127.mp4,9288732,,,,,,UPLOAD
2026-08-05 21:01:26,4654,FAILED,,DONE,20260805T210126.mp4,9624514,,,,,,UPLOAD
2026-08-05 20:31:35,4653,FAILED,,DONE,20260805T203135.mp4,9807486,,,,,,UPLOAD
2026-08-05 20:01:27,4652,FAILED,,DONE,20260805T200127.mp4,9531341,,,,,,UPLOAD
2026-08-05 19:31:25,4651,FAILED,,DONE,20260805T193125.mp4,9885856,,,,,,UPLOAD
2026-08-05 19:01:32,4650,FAILED,,DONE,20260805T190132.mp4,9593817,,,,,,UPLOAD
2026-08-05 18:31:33,4649,FAILED,,DONE,20260805T183133.mp4,9293306,,,,,,UPLOAD
2026-08-05 18:01:24,4648,FAILED,,DONE,20260805T180124.mp4,9511200,,,,,,UPLOAD
2026-08-05 17:31:28,4647,FAILED,,DONE,20260805T173128.mp4,9691839,,,,,,UPLOAD
2026-08-05 17:01:32,4646,FAILED,,DONE,20260805T170132.mp4,9383289,,,,,,UPLOAD
2026-08-05 16:31:26,4645,FAILED,,DONE,20260805T163126.mp4,9811777,,,,,,UPLOAD
2026-08-05 16:01:26,4644,FAILED,,DONE,20260805T160126.mp4,9534851,,,,,,UPLOAD
2026-08-05 15:31:33,4643,FAILED,,DONE,20260805T153133.mp4,9769895,,,,,,UPLOAD
2026-08-05 15:01:24,4642,FAILED,,DONE,20260805T150124.mp4,9287715,,,,,,UPLOAD
2026-08-05 14:31:29,4641,FAILED,,DONE,20260805T143129.mp4,9666328,,,,,,UPLOAD
2026-08-05 14:01:24,4640,FAILED,,DONE,20260805T140124.mp4,9277617,,,,,,UPLOAD
2026-08-05 13:31:31,4639,FAILED,,DONE,20260805T133131.mp4,9284506,,,,,,UPLOAD
2026-08-05 13:01:30,4638,FAILED,,DONE,20260805T130130.mp4,9588636,,,,,,UPLOAD
2026-08-05 12:31:25,4637,FAILED,,DONE,20260805T123125.mp4,9281713,,,,,,UPLOAD
2026-08-05 12:01:36,4636,FAILED,,DONE,20260805T120136.mp4,10069762,,,,,,UPLOAD
2026-08-05 11:31:34,4635,FAILED,,DONE,20260805T113134.mp4,9602548,,,,,,UPLOAD
2026-08-05 11:01:25,4634,FAILED,,DONE,20260805T110125.mp4,10231902,,,,,,UPLOAD
2026-08-05 10:31:35,4633,FAILED,,DONE,20260805T103135.mp4,9311765,,,,,,UPLOAD
2026-08-05 10:01:24,4632,FAILED,,ERROR,20260805T100124.mp4,10179706,,,,,,UPLOAD
2026-08-05 09:31:29,4631,FAILED,,ERROR,20260805T093129.mp4,10208659,,,,,,UPLOAD
2026-08-05 09:01:30,4630,FAILED,,DONE,20260805T090130.mp4,9312721,,,,,,UPLOAD
2026-08-05 08:31:28,4629,FAILED,,ERROR,20260805T083128.mp4,10272723,,,,,,UPLOAD
2026-08-05 08:01:33,4628,FAILED,,ERROR,20260805T080133.mp4,9312210,,,,,,UPLOAD
2026-08-05 07:31:24,4627,FAILED,,DONE,20260805T073124.mp4,10104552,,,,,,UPLOAD
2026-08-05 07:01:37,4626,FAILED,,DONE,20260805T070137.mp4,9316366,,,,,,UPLOAD
2026-08-05 06:31:24,4625,FAILED,,DONE,20260805T063124.mp4,9350306,,,,,,UPLOAD
2026-08-05 06:01:29,4624,FAILED,,DONE,20260805T060129.mp4,9319078,,,,,,UPLOAD
2026-08-05 05:31:28,4623,FAILED,,ERROR,20260805T053128.mp4,10172332,,,,,,UPLOAD
2026-08-05 05:01:28,4622,FAILED,,DONE,20260805T050128.mp4,10376827,,,,,,UPLOAD
2026-08-05 04:31:24,4621,FAILED,,ERROR,20260805T043124.mp4,9320607,,,,,,UPLOAD
2026-08-05 04:01:27,4620,FAILED,,ERROR,20260805T040127.mp4,9416717,,,,,,UPLOAD
2026-08-05 03:31:32,4619,FAILED,,ERROR,20260805T033132.mp4,9317918,,,,,,UPLOAD
2026-08-05 03:01:33,4618,FAILED,,ERROR,20260805T030133.mp4,9311580,,,,,,UPLOAD
2026-08-05 02:31:24,4617,FAILED,,ERROR,20260805T023124.mp4,9317563,,,,,,UPLOAD
2026-08-05 02:01:25,4616,FAILED,,ERROR,20260805T020125.mp4,10116368,,,,,,UPLOAD
2026-08-05 01:31:27,4615,FAILED,,ERROR,20260805T013127.mp4,9558550,,,,,,UPLOAD
2026-08-05 01:01:29,4614,FAILED,,ERROR,20260805T010129.mp4,10138739,,,,,,UPLOAD
2026-08-05 00:31:26,4613,FAILED,,ERROR,20260805T003126.mp4,9310172,,,,,,UPLOAD
2026-08-05 00:01:29,4612,FAILED,,DONE,20260805T000129.mp4,9398841,,,,,,UPLOAD
2026-08-04 23:31:24,4611,FAILED,,DONE,20260804T233124.mp4,9352110,,,,,,UPLOAD
2026-08-04 23:01:36,4610,FAILED,,DONE,20260804T230136.mp4,10070187,,,,,,UPLOAD
2026-08-04 22:31:30,4609,FAILED,,DONE,20260804T223130.mp4,9287417,,,,,,UPLOAD
2026-08-04 22:01:27,4608,FAILED,,DONE,20260804T220127.mp4,9609944,,,,,,UPLOAD
2026-08-04 21:31:32,4607,FAILED,,DONE,20260804T213132.mp4,9285793,,,,,,UPLOAD
2026-08-04 21:01:26,4606,FAILED,,DONE,20260804T210126.mp4,9383561,,,,,,UPLOAD
2026-08-04 20:31:32,4605,FAILED,,DONE,20260804T203132.mp4,9654935,,,,,,UPLOAD
2026-08-04 20:01:29,4604,FAILED,,DONE,20260804T200129.mp4,9416645,,,,,,UPLOAD
2026-08-04 19:31:28,4603,FAILED,,DONE,20260804T193128.mp4,9890376,,,,,,UPLOAD
2026-08-04 19:01:28,4602,FAILED,,DONE,20260804T190128.mp4,9329196,,,,,,UPLOAD
2026-08-04 18:31:32,4601,FAILED,,DONE,20260804T183132.mp4,9348860,,,,,,UPLOAD
2026-08-04 18:01:33,4600,FAILED,,DONE,20260804T180133.mp4,9767826,,,,,,UPLOAD
2026-08-04 17:31:29,4599,FAILED,,DONE,20260804T173129.mp4,9924257,,,,,,UPLOAD
2026-08-04 17:01:32,4598,FAILED,,DONE,20260804T170132.mp4,9714535,,,,,,UPLOAD
2026-08-04 16:31:29,4597,FAILED,,DONE,20260804T163129.mp4,9536475,,,,,,UPLOAD
2026-08-04 16:01:27,4596,FAILED,,DONE,20260804T160127.mp4,9541665,,,,,,UPLOAD
2026-08-04 15:31:24,4595,FAILED,,DONE,20260804T153124.mp4,9270782,,,,,,UPLOAD
2026-08-04 15:01:32,4594,FAILED,,DONE,20260804T150132.mp4,9568839,,,,,,UPLOAD
2026-08-04 14:31:24,4593,FAILED,,DONE,20260804T143124.mp4,9715790,,,,,,UPLOAD
2026-08-04 14:01:33,4592,FAILED,,DONE,20260804T140133.mp4,9884023,,,,,,UPLOAD
2026-08-04 13:31:26,4591,FAILED,,DONE,20260804T133126.mp4,9889920,,,,,,UPLOAD
2026-08-04 12:31:31,4590,FAILED,,DONE,20260804T123131.mp4,9490509,,,,,,UPLOAD
2026-08-04 12:01:34,4589,FAILED,,DONE,20260804T120134.mp4,9886200,,,,,,UPLOAD
2026-08-04 11:31:25,4588,FAILED,,DONE,20260804T113125.mp4,9649729,,,,,,UPLOAD
2026-08-04 11:01:27,4587,FAILED,,DONE,20260804T110127.mp4,9308410,,,,,,UPLOAD
2026-08-04 10:31:22,4586,FAILED,,DONE,20260804T103122.mp4,9310479,,,,,,UPLOAD
2026-08-04 10:01:34,4585,FAILED,,ERROR,20260804T100134.mp4,9310379,,,,,,UPLOAD
2026-08-04 09:31:25,4584,FAILED,,DONE,20260804T093125.mp4,9317468,,,,,,UPLOAD
2026-08-04 09:01:26,4583,FAILED,,DONE,20260804T090126.mp4,10125447,,,,,,UPLOAD
2026-08-04 08:31:32,4582,FAILED,,ERROR,20260804T083132.mp4,10154233,,,,,,UPLOAD
2026-08-04 08:01:25,4581,FAILED,,ERROR,20260804T080125.mp4,9379645,,,,,,UPLOAD
2026-08-04 07:31:31,4580,FAILED,,DONE,20260804T073131.mp4,9636746,,,,,,UPLOAD
2026-08-04 07:01:32,4579,FAILED,,ERROR,20260804T070132.mp4,10123532,,,,,,UPLOAD
2026-08-04 06:31:27,4578,FAILED,,DONE,20260804T063127.mp4,9315257,,,,,,UPLOAD
2026-08-04 06:01:27,4577,FAILED,,ERROR,20260804T060127.mp4,10179941,,,,,,UPLOAD
2026-08-04 05:31:24,4576,FAILED,,ERROR,20260804T053124.mp4,9610319,,,,,,UPLOAD
2026-08-04 05:01:34,4575,FAILED,,DONE,20260804T050134.mp4,10184545,,,,,,UPLOAD
2026-08-04 04:31:24,4574,FAILED,,ERROR,20260804T043124.mp4,9313399,,,,,,UPLOAD
2026-08-04 04:01:32,4573,FAILED,,ERROR,20260804T040132.mp4,10244392,,,,,,UPLOAD
2026-08-04 03:31:30,4572,FAILED,,ERROR,20260804T033130.mp4,9317289,,,,,,UPLOAD
2026-08-04 03:01:33,4571,FAILED,,ERROR,20260804T030133.mp4,9312549,,,,,,UPLOAD
2026-08-04 02:31:26,4570,FAILED,,ERROR,20260804T023126.mp4,10180768,,,,,,UPLOAD
2026-08-04 02:01:27,4569,FAILED,,ERROR,20260804T020127.mp4,10200786,,,,,,UPLOAD
2026-08-04 01:31:23,4568,FAILED,,ERROR,20260804T013123.mp4,9307050,,,,,,UPLOAD
2026-08-04 01:01:32,4567,FAILED,,ERROR,20260804T010132.mp4,9315001,,,,,,UPLOAD
2026-08-04 00:31:24,4566,FAILED,,ERROR,20260804T003124.mp4,10146089,,,,,,UPLOAD
2026-08-04 00:01:30,4565,FAILED,,ERROR,20260804T000130.mp4,10187744,,,,,,UPLOAD
2026-08-03 23:31:25,4564,FAILED,,ERROR,20260803T233125.mp4,9307393,,,,,,UPLOAD
2026-08-03 23:01:27,4563,FAILED,,DONE,20260803T230127.mp4,10157332,,,,,,UPLOAD
2026-08-03 22:31:27,4562,FAILED,,DONE,20260803T223127.mp4,9942815,,,,,,UPLOAD
2026-08-03 22:01:27,4561,FAILED,,DONE,20260803T220127.mp4,9464265,,,,,,UPLOAD
2026-08-03 21:31:23,4560,FAILED,,DONE,20260803T213123.mp4,9281906,,,,,,UPLOAD
2026-08-03 21:01:32,4559,FAILED,,DONE,20260803T210132.mp4,9966226,,,,,,UPLOAD
2026-08-03 20:31:26,4558,FAILED,,DONE,20260803T203126.mp4,9423970,,,,,,UPLOAD
2026-08-03 20:01:27,4557,FAILED,,DONE,20260803T200127.mp4,9286378,,,,,,UPLOAD
2026-08-03 19:31:31,4556,FAILED,,DONE,20260803T193131.mp4,9287810,,,,,,UPLOAD
2026-08-03 19:01:27,4555,FAILED,,DONE,20260803T190127.mp4,9838974,,,,,,UPLOAD
2026-08-03 18:31:33,4554,FAILED,,DONE,20260803T183133.mp4,9807958,,,,,,UPLOAD
2026-08-03 18:01:24,4553,FAILED,,DONE,20260803T180124.mp4,9539458,,,,,,UPLOAD
2026-08-03 17:31:32,4552,FAILED,,DONE,20260803T173132.mp4,9848429,,,,,,UPLOAD
2026-08-03 17:01:23,4551,FAILED,,DONE,20260803T170123.mp4,9885781,,,,,,UPLOAD
2026-08-03 16:31:32,4550,FAILED,,DONE,20260803T163132.mp4,9811705,,,,,,UPLOAD
2026-08-03 16:01:31,4549,FAILED,,DONE,20260803T160131.mp4,9521775,,,,,,UPLOAD
2026-08-03 15:31:24,4548,FAILED,,ERROR,20260803T153124.mp4,9523571,,,,,,UPLOAD
2026-08-03 15:01:26,4547,FAILED,,DONE,20260803T150126.mp4,9310099,,,,,,UPLOAD
2026-08-03 14:31:34,4546,FAILED,,DONE,20260803T143134.mp4,9283140,,,,,,UPLOAD
2026-08-03 14:01:32,4545,FAILED,,DONE,20260803T140132.mp4,9285856,,,,,,UPLOAD
2026-08-03 13:31:27,4544,FAILED,,DONE,20260803T133127.mp4,10164882,,,,,,UPLOAD
2026-08-03 13:01:28,4543,FAILED,,DONE,20260803T130128.mp4,9884967,,,,,,UPLOAD
2026-08-03 12:31:29,4542,FAILED,,DONE,20260803T123129.mp4,9718743,,,,,,UPLOAD
2026-08-03 12:01:26,4541,FAILED,,DONE,20260803T120126.mp4,9697002,,,,,,UPLOAD
2026-08-03 11:31:34,4540,FAILED,,DONE,20260803T113134.mp4,9595931,,,,,,UPLOAD
2026-08-03 11:01:25,4539,FAILED,,ERROR,20260803T110125.mp4,9588452,,,,,,UPLOAD
2026-08-03 10:31:29,4538,FAILED,,ERROR,20260803T103129.mp4,9682324,,,,,,UPLOAD
2026-08-03 10:01:24,4537,FAILED,,ERROR,20260803T100124.mp4,9311762,,,,,,UPLOAD
2026-08-03 09:31:25,4536,FAILED,,ERROR,20260803T093125.mp4,9319237,,,,,,UPLOAD
2026-08-03 09:01:34,4535,FAILED,,ERROR,20260803T090134.mp4,10212155,,,,,,UPLOAD
2026-08-03 08:31:32,4534,FAILED,,DONE,20260803T083132.mp4,10113846,,,,,,UPLOAD
2026-08-03 08:01:25,4533,FAILED,,ERROR,20260803T080125.mp4,9318220,,,,,,UPLOAD
2026-08-03 07:31:28,4532,FAILED,,ERROR,20260803T073128.mp4,10245899,,,,,,UPLOAD
2026-08-03 07:01:29,4531,FAILED,,DONE,20260803T070129.mp4,9436394,,,,,,UPLOAD
2026-08-03 06:31:28,4530,FAILED,,ERROR,20260803T063128.mp4,9353452,,,,,,UPLOAD
2026-08-03 06:01:27,4529,FAILED,,DONE,20260803T060127.mp4,9314795,,,,,,UPLOAD
2026-08-03 05:31:32,4528,FAILED,,ERROR,20260803T053132.mp4,9410043,,,,,,UPLOAD
2026-08-03 05:01:27,4527,FAILED,,ERROR,20260803T050127.mp4,9314275,,,,,,UPLOAD
2026-08-03 04:31:27,4526,FAILED,,DONE,20260803T043127.mp4,9546872,,,,,,UPLOAD
2026-08-03 04:01:24,4525,FAILED,,ERROR,20260803T040124.mp4,10130814,,,,,,UPLOAD
2026-08-03 03:31:30,4524,FAILED,,ERROR,20260803T033130.mp4,9619793,,,,,,UPLOAD
2026-08-03 03:01:26,4523,FAILED,,ERROR,20260803T030126.mp4,10250756,,,,,,UPLOAD
2026-08-03 02:31:31,4522,FAILED,,ERROR,20260803T023131.mp4,10163769,,,,,,UPLOAD
2026-08-03 02:01:27,4521,FAILED,,ERROR,20260803T020127.mp4,9522351,,,,,,UPLOAD
2026-08-03 01:31:32,4520,FAILED,,ERROR,20260803T013132.mp4,10093415,,,,,,UPLOAD
2026-08-03 01:01:25,4519,FAILED,,ERROR,20260803T010125.mp4,9316028,,,,,,UPLOAD
2026-08-03 00:31:34,4518,FAILED,,ERROR,20260803T003134.mp4,10169204,,,,,,UPLOAD
2026-08-03 00:01:25,4517,FAILED,,ERROR,20260803T000125.mp4,9484459,,,,,,UPLOAD
2026-08-02 23:31:32,4516,FAILED,,ERROR,20260802T233132.mp4,9311023,,,,,,UPLOAD
2026-08-02 23:01:25,4515,FAILED,,DONE,20260802T230125.mp4,9637749,,,,,,UPLOAD
2026-08-02 22:31:31,4514,FAILED,,DONE,20260802T223131.mp4,9904294,,,,,,UPLOAD
2026-08-02 22:01:24,4513,FAILED,,DONE,20260802T220124.mp4,9774330,,,,,,UPLOAD
2026-08-02 21:31:33,4512,FAILED,,DONE,20260802T213133.mp4,9296521,,,,,,UPLOAD
2026-08-02 21:01:25,4511,FAILED,,DONE,20260802T210125.mp4,9843422,,,,,,UPLOAD
2026-08-02 20:31:31,4510,FAILED,,ERROR,20260802T203131.mp4,9511051,,,,,,UPLOAD
2026-08-02 20:01:28,4509,FAILED,,DONE,20260802T200128.mp4,9833881,,,,,,UPLOAD
2026-08-02 19:31:26,4508,FAILED,,DONE,20260802T193126.mp4,9295292,,,,,,UPLOAD
2026-08-02 19:01:33,4507,FAILED,,DONE,20260802T190133.mp4,9879434,,,,,,UPLOAD
2026-08-02 18:31:34,4506,FAILED,,DONE,20260802T183134.mp4,9695893,,,,,,UPLOAD
2026-08-02 18:01:29,4505,FAILED,,DONE,20260802T180129.mp4,9306149,,,,,,UPLOAD
2026-08-02 17:31:26,4504,FAILED,,DONE,20260802T173126.mp4,9771938,,,,,,UPLOAD
2026-08-02 17:01:32,4503,FAILED,,DONE,20260802T170132.mp4,9932147,,,,,,UPLOAD
2026-08-02 16:31:28,4502,FAILED,,DONE,20260802T163128.mp4,9503686,,,,,,UPLOAD
2026-08-02 16:01:27,4501,FAILED,,DONE,20260802T160127.mp4,9282668,,,,,,UPLOAD
2026-08-02 15:31:24,4500,FAILED,,DONE,20260802T153124.mp4,9673964,,,,,,UPLOAD
2026-08-02 15:01:31,4499,FAILED,,DONE,20260802T150131.mp4,9826472,,,,,,UPLOAD
2026-08-02 14:31:24,4498,FAILED,,DONE,20260802T143124.mp4,9305287,,,,,,UPLOAD
2026-08-02 14:01:31,4497,FAILED,,DONE,20260802T140131.mp4,9715906,,,,,,UPLOAD
2026-08-02 13:31:30,4496,FAILED,,DONE,20260802T133130.mp4,9706706,,,,,,UPLOAD
2026-08-02 13:01:31,4495,FAILED,,DONE,20260802T130131.mp4,9286618,,,,,,UPLOAD
2026-08-02 12:31:27,4494,FAILED,,DONE,20260802T123127.mp4,9284606,,,,,,UPLOAD
2026-08-02 12:01:24,4493,FAILED,,DONE,20260802T120124.mp4,9889313,,,,,,UPLOAD
2026-08-02 11:31:30,4492,FAILED,,DONE,20260802T113130.mp4,9951550,,,,,,UPLOAD
2026-08-02 11:01:32,4491,FAILED,,ERROR,20260802T110132.mp4,9371387,,,,,,UPLOAD
2026-08-02 10:31:29,4490,FAILED,,ERROR,20260802T103129.mp4,9314637,,,,,,UPLOAD
2026-08-02 10:01:32,4489,FAILED,,DONE,20260802T100132.mp4,10071693,,,,,,UPLOAD
2026-08-02 09:31:31,4488,FAILED,,ERROR,20260802T093131.mp4,9315411,,,,,,UPLOAD
2026-08-02 09:01:26,4487,FAILED,,DONE,20260802T090126.mp4,9362250,,,,,,UPLOAD
2026-08-02 08:31:24,4486,FAILED,,DONE,20260802T083124.mp4,9313944,,,,,,UPLOAD
2026-08-02 08:01:34,4485,FAILED,,ERROR,20260802T080134.mp4,10229027,,,,,,UPLOAD
2026-08-02 07:31:25,4484,FAILED,,DONE,20260802T073125.mp4,10161557,,,,,,UPLOAD
2026-08-02 07:01:32,4483,FAILED,,DONE,20260802T070132.mp4,10244366,,,,,,UPLOAD
2026-08-02 06:31:32,4482,FAILED,,DONE,20260802T063132.mp4,10130954,,,,,,UPLOAD
2026-08-02 06:01:27,4481,FAILED,,ERROR,20260802T060127.mp4,9386375,,,,,,UPLOAD
2026-08-02 05:31:30,4480,FAILED,,DONE,20260802T053130.mp4,10133719,,,,,,UPLOAD
2026-08-02 05:01:27,4479,FAILED,,DONE,20260802T050127.mp4,9307018,,,,,,UPLOAD
2026-08-02 04:31:34,4478,FAILED,,ERROR,20260802T043134.mp4,9312691,,,,,,UPLOAD
2026-08-02 04:01:25,4477,FAILED,,ERROR,20260802T040125.mp4,9305299,,,,,,UPLOAD
2026-08-02 03:31:27,4476,FAILED,,ERROR,20260802T033127.mp4,9397783,,,,,,UPLOAD
2026-08-02 03:01:33,4475,FAILED,,ERROR,20260802T030133.mp4,9566162,,,,,,UPLOAD
2026-08-02 02:31:27,4474,FAILED,,ERROR,20260802T023127.mp4,9439136,,,,,,UPLOAD
2026-08-02 02:01:25,4473,FAILED,,ERROR,20260802T020125.mp4,9420631,,,,,,UPLOAD
2026-08-02 01:31:27,4472,FAILED,,DONE,20260802T013127.mp4,10122348,,,,,,UPLOAD
2026-08-02 01:01:26,4471,FAILED,,ERROR,20260802T010126.mp4,10058526,,,,,,UPLOAD
2026-08-02 00:31:32,4470,FAILED,,ERROR,20260802T003132.mp4,10157022,,,,,,UPLOAD
2026-08-02 00:01:28,4469,FAILED,,ERROR,20260802T000128.mp4,10098688,,,,,,UPLOAD
2026-08-01 23:31:33,4468,FAILED,,ERROR,20260801T233133.mp4,10154808,,,,,,UPLOAD
2026-08-01 23:01:28,4467,FAILED,,ERROR,20260801T230128.mp4,10031135,,,,,,UPLOAD
2026-08-01 22:31:26,4466,FAILED,,DONE,20260801T223126.mp4,9549506,,,,,,UPLOAD
2026-08-01 22:01:26,4465,FAILED,,DONE,20260801T220126.mp4,9286539,,,,,,UPLOAD
2026-08-01 21:31:33,4464,FAILED,,DONE,20260801T213133.mp4,9890142,,,,,,UPLOAD
2026-08-01 21:01:25,4463,FAILED,,DONE,20260801T210125.mp4,9267654,,,,,,UPLOAD
2026-08-01 20:31:34,4462,FAILED,,DONE,20260801T203134.mp4,10204618,,,,,,UPLOAD
2026-08-01 20:01:31,4461,FAILED,,DONE,20260801T200131.mp4,9725513,,,,,,UPLOAD
2026-08-01 19:31:27,4460,FAILED,,DONE,20260801T193127.mp4,9469632,,,,,,UPLOAD
2026-08-01 19:01:31,4459,FAILED,,DONE,20260801T190131.mp4,9879632,,,,,,UPLOAD
2026-08-01 18:31:27,4458,FAILED,,DONE,20260801T183127.mp4,9293700,,,,,,UPLOAD
2026-08-01 18:01:34,4457,FAILED,,DONE,20260801T180134.mp4,10020122,,,,,,UPLOAD
2026-08-01 17:31:32,4456,FAILED,,DONE,20260801T173132.mp4,9563288,,,,,,UPLOAD
2026-08-01 17:01:27,4455,FAILED,,DONE,20260801T170127.mp4,9596554,,,,,,UPLOAD
2026-08-01 16:31:29,4454,FAILED,,DONE,20260801T163129.mp4,9489300,,,,,,UPLOAD
2026-08-01 16:01:31,4453,FAILED,,DONE,20260801T160131.mp4,9886534,,,,,,UPLOAD
2026-08-01 15:31:30,4452,FAILED,,DONE,20260801T153130.mp4,9708099,,,,,,UPLOAD
2026-08-01 15:01:28,4451,FAILED,,DONE,20260801T150128.mp4,10350499,,,,,,UPLOAD
2026-08-01 14:31:28,4450,FAILED,,DONE,20260801T143128.mp4,9866853,,,,,,UPLOAD
2026-08-01 14:01:35,4449,FAILED,,DONE,20260801T140135.mp4,9730099,,,,,,UPLOAD
2026-08-01 13:31:24,4448,FAILED,,DONE,20260801T133124.mp4,9923433,,,,,,UPLOAD
2026-08-01 13:01:26,4447,FAILED,,DONE,20260801T130126.mp4,9778304,,,,,,UPLOAD
2026-08-01 12:31:31,4446,FAILED,,DONE,20260801T123131.mp4,9870133,,,,,,UPLOAD
2026-08-01 12:01:25,4445,FAILED,,DONE,20260801T120125.mp4,9281393,,,,,,UPLOAD
2026-08-01 11:31:24,4444,FAILED,,DONE,20260801T113124.mp4,9648514,,,,,,UPLOAD
2026-08-01 11:01:36,4443,FAILED,,ERROR,20260801T110136.mp4,10029978,,,,,,UPLOAD
2026-08-01 10:31:25,4442,FAILED,,DONE,20260801T103125.mp4,10101194,,,,,,UPLOAD
2026-08-01 10:01:26,4441,FAILED,,ERROR,20260801T100126.mp4,10158257,,,,,,UPLOAD
2026-08-01 09:31:24,4440,FAILED,,ERROR,20260801T093124.mp4,10260422,,,,,,UPLOAD
2026-08-01 09:01:33,4439,FAILED,,ERROR,20260801T090133.mp4,9863313,,,,,,UPLOAD
2026-08-01 08:31:24,4438,FAILED,,ERROR,20260801T083124.mp4,9320794,,,,,,UPLOAD
2026-08-01 08:01:32,4437,FAILED,,DONE,20260801T080132.mp4,9489641,,,,,,UPLOAD
2026-08-01 07:31:24,4436,FAILED,,DONE,20260801T073124.mp4,9311772,,,,,,UPLOAD
2026-08-01 07:01:31,4435,FAILED,,DONE,20260801T070131.mp4,9524688,,,,,,UPLOAD
2026-08-01 06:31:31,4434,FAILED,,ERROR,20260801T063131.mp4,10187580,,,,,,UPLOAD
2026-08-01 06:01:31,4433,FAILED,,ERROR,20260801T060131.mp4,9318522,,,,,,UPLOAD
2026-08-01 05:31:26,4432,FAILED,,ERROR,20260801T053126.mp4,9331297,,,,,,UPLOAD
2026-08-01 05:01:31,4431,FAILED,,ERROR,20260801T050131.mp4,9324236,,,,,,UPLOAD
2026-08-01 04:31:32,4430,FAILED,,ERROR,20260801T043132.mp4,10183308,,,,,,UPLOAD
2026-08-01 04:01:27,4429,FAILED,,ERROR,20260801T040127.mp4,9318293,,,,,,UPLOAD
2026-08-01 03:31:31,4428,FAILED,,ERROR,20260801T033131.mp4,9554240,,,,,,UPLOAD
2026-08-01 03:01:29,4427,FAILED,,ERROR,20260801T030129.mp4,9311614,,,,,,UPLOAD
2026-08-01 02:31:30,4426,FAILED,,ERROR,20260801T023130.mp4,10183443,,,,,,UPLOAD
2026-08-01 02:01:33,4425,FAILED,,ERROR,20260801T020133.mp4,10326803,,,,,,UPLOAD
2026-08-01 01:31:25,4424,FAILED,,ERROR,20260801T013125.mp4,9409391,,,,,,UPLOAD
2026-08-01 01:01:34,4423,FAILED,,ERROR,20260801T010134.mp4,10211655,,,,,,UPLOAD
2026-08-01 00:31:27,4422,FAILED,,ERROR,20260801T003127.mp4,9483811,,,,,,UPLOAD
2026-08-01 00:01:28,4421,FAILED,,ERROR,20260801T000128.mp4,10168692,,,,,,UPLOAD
2026-07-31 23:31:25,4420,FAILED,,ERROR,20260731T233125.mp4,9310035,,,,,,UPLOAD
2026-07-31 23:01:25,4419,FAILED,,ERROR,20260731T230125.mp4,9309377,,,,,,UPLOAD
2026-07-31 22:31:30,4418,FAILED,,DONE,20260731T223130.mp4,9290694,,,,,,UPLOAD
2026-07-31 22:01:27,4417,FAILED,,DONE,20260731T220127.mp4,9513349,,,,,,UPLOAD
2026-07-31 21:31:29,4416,FAILED,,DONE,20260731T213129.mp4,9979852,,,,,,UPLOAD
2026-07-31 21:01:32,4415,FAILED,,DONE,20260731T210132.mp4,9832976,,,,,,UPLOAD
2026-07-31 20:31:24,4414,FAILED,,DONE,20260731T203124.mp4,9287005,,,,,,UPLOAD
2026-07-31 20:01:34,4413,FAILED,,DONE,20260731T200134.mp4,9920787,,,,,,UPLOAD
2026-07-31 19:31:24,4412,FAILED,,DONE,20260731T193124.mp4,9767646,,,,,,UPLOAD
2026-07-31 19:01:32,4411,FAILED,,DONE,20260731T190132.mp4,9284670,,,,,,UPLOAD
2026-07-31 18:31:24,4410,FAILED,,DONE,20260731T183124.mp4,9284017,,,,,,UPLOAD
2026-07-31 18:01:28,4409,FAILED,,DONE,20260731T180128.mp4,9570681,,,,,,UPLOAD
2026-07-31 17:31:28,4408,FAILED,,DONE,20260731T173128.mp4,10010571,,,,,,UPLOAD
2026-07-31 17:01:33,4407,FAILED,,DONE,20260731T170133.mp4,9584223,,,,,,UPLOAD
2026-07-31 16:31:26,4406,FAILED,,DONE,20260731T163126.mp4,9316517,,,,,,UPLOAD
2026-07-31 16:01:27,4405,FAILED,,DONE,20260731T160127.mp4,9919862,,,,,,UPLOAD
2026-07-31 15:31:31,4404,FAILED,,DONE,20260731T153131.mp4,9333643,,,,,,UPLOAD
2026-07-31 15:01:34,4403,FAILED,,DONE,20260731T150134.mp4,9770444,,,,,,UPLOAD
2026-07-31 14:31:35,4402,FAILED,,DONE,20260731T143135.mp4,9374193,,,,,,UPLOAD
2026-07-31 14:01:29,4401,FAILED,,DONE,20260731T140129.mp4,9294502,,,,,,UPLOAD
2026-07-31 13:31:25,4400,FAILED,,DONE,20260731T133125.mp4,9282079,,,,,,UPLOAD
2026-07-31 13:01:29,4399,FAILED,,DONE,20260731T130129.mp4,9282864,,,,,,UPLOAD
2026-07-31 12:31:24,4398,FAILED,,DONE,20260731T123124.mp4,9281052,,,,,,UPLOAD
2026-07-31 12:01:31,4397,FAILED,,DONE,20260731T120131.mp4,9495030,,,,,,UPLOAD
2026-07-31 11:31:30,4396,FAILED,,DONE,20260731T113130.mp4,9445310,,,,,,UPLOAD
2026-07-31 11:01:29,4395,FAILED,,DONE,20260731T110129.mp4,9312103,,,,,,UPLOAD
2026-07-31 10:31:32,4394,FAILED,,ERROR,20260731T103132.mp4,9403425,,,,,,UPLOAD
2026-07-31 10:01:31,4393,FAILED,,ERROR,20260731T100131.mp4,9315210,,,,,,UPLOAD
2026-07-31 09:31:31,4392,FAILED,,DONE,20260731T093131.mp4,9315442,,,,,,UPLOAD
2026-07-31 09:01:33,4391,FAILED,,ERROR,20260731T090133.mp4,10185319,,,,,,UPLOAD
2026-07-31 08:31:24,4390,FAILED,,ERROR,20260731T083124.mp4,9322797,,,,,,UPLOAD
2026-07-31 08:01:30,4389,FAILED,,ERROR,20260731T080130.mp4,10228946,,,,,,UPLOAD
2026-07-31 07:31:34,4388,FAILED,,ERROR,20260731T073134.mp4,9323339,,,,,,UPLOAD
2026-07-31 07:01:27,4387,FAILED,,DONE,20260731T070127.mp4,9313418,,,,,,UPLOAD
2026-07-31 06:31:27,4386,FAILED,,DONE,20260731T063127.mp4,9319748,,,,,,UPLOAD
2026-07-31 06:01:25,4385,FAILED,,DONE,20260731T060125.mp4,9318795,,,,,,UPLOAD
2026-07-31 05:31:33,4384,FAILED,,ERROR,20260731T053133.mp4,10277746,,,,,,UPLOAD
2026-07-31 05:01:30,4383,FAILED,,ERROR,20260731T050130.mp4,10051637,,,,,,UPLOAD
2026-07-31 04:31:24,4382,FAILED,,ERROR,20260731T043124.mp4,9317000,,,,,,UPLOAD
2026-07-31 04:01:28,4381,FAILED,,ERROR,20260731T040128.mp4,10141720,,,,,,UPLOAD
2026-07-31 03:31:31,4380,FAILED,,ERROR,20260731T033131.mp4,9316306,,,,,,UPLOAD
2026-07-31 03:01:27,4379,FAILED,,ERROR,20260731T030127.mp4,9431414,,,,,,UPLOAD
2026-07-31 02:31:34,4378,FAILED,,ERROR,20260731T023134.mp4,9318089,,,,,,UPLOAD
2026-07-31 02:01:32,4377,FAILED,,ERROR,20260731T020132.mp4,10134875,,,,,,UPLOAD
2026-07-31 01:31:27,4376,FAILED,,ERROR,20260731T013127.mp4,10229957,,,,,,UPLOAD
2026-07-31 01:01:26,4375,FAILED,,ERROR,20260731T010126.mp4,9313362,,,,,,UPLOAD
2026-07-31 00:31:26,4374,FAILED,,ERROR,20260731T003126.mp4,9868770,,,,,,UPLOAD
2026-07-31 00:01:25,4373,FAILED,,ERROR,20260731T000125.mp4,9318973,,,,,,UPLOAD
2026-07-30 23:31:32,4372,FAILED,,ERROR,20260730T233132.mp4,10059850,,,,,,UPLOAD
2026-07-30 23:01:25,4371,FAILED,,ERROR,20260730T230125.mp4,10153532,,,,,,UPLOAD
2026-07-30 22:31:32,4370,FAILED,,DONE,20260730T223132.mp4,9812770,,,,,,UPLOAD
2026-07-30 22:01:33,4369,FAILED,,DONE,20260730T220133.mp4,9829706,,,,,,UPLOAD
2026-07-30 21:31:24,4368,FAILED,,DONE,20260730T213124.mp4,9278158,,,,,,UPLOAD
2026-07-30 21:01:28,4367,FAILED,,DONE,20260730T210128.mp4,9905942,,,,,,UPLOAD
2026-07-30 20:31:24,4366,FAILED,,DONE,20260730T203124.mp4,9925200,,,,,,UPLOAD
2026-07-30 20:01:34,4365,FAILED,,DONE,20260730T200134.mp4,10133194,,,,,,UPLOAD
2026-07-30 19:31:26,4364,FAILED,,DONE,20260730T193126.mp4,9994840,,,,,,UPLOAD
2026-07-30 19:01:30,4363,FAILED,,DONE,20260730T190130.mp4,9274131,,,,,,UPLOAD
2026-07-30 18:31:26,4362,FAILED,,DONE,20260730T183126.mp4,9870451,,,,,,UPLOAD
2026-07-30 18:01:33,4361,FAILED,,DONE,20260730T180133.mp4,9568949,,,,,,UPLOAD
2026-07-30 17:31:28,4360,FAILED,,DONE,20260730T173128.mp4,9455419,,,,,,UPLOAD
2026-07-30 17:01:32,4359,FAILED,,DONE,20260730T170132.mp4,9612702,,,,,,UPLOAD
2026-07-30 16:31:24,4358,FAILED,,DONE,20260730T163124.mp4,9287210,,,,,,UPLOAD
2026-07-30 16:01:33,4357,FAILED,,DONE,20260730T160133.mp4,9631376,,,,,,UPLOAD
2026-07-30 15:31:29,4356,FAILED,,DONE,20260730T153129.mp4,10046466,,,,,,UPLOAD
2026-07-30 15:01:24,4355,FAILED,,DONE,20260730T150124.mp4,9272379,,,,,,UPLOAD
2026-07-30 14:31:32,4354,FAILED,,DONE,20260730T143132.mp4,9603636,,,,,,UPLOAD
2026-07-30 14:01:28,4353,FAILED,,DONE,20260730T140128.mp4,9684119,,,,,,UPLOAD
2026-07-30 13:31:26,4352,FAILED,,DONE,20260730T133126.mp4,9861743,,,,,,UPLOAD
2026-07-30 13:01:30,4351,FAILED,,DONE,20260730T130130.mp4,9283728,,,,,,UPLOAD
2026-07-30 12:31:28,4350,FAILED,,DONE,20260730T123128.mp4,10072487,,,,,,UPLOAD
2026-07-30 12:01:27,4349,FAILED,,DONE,20260730T120127.mp4,9767200,,,,,,UPLOAD
2026-07-30 11:31:24,4348,FAILED,,DONE,20260730T113124.mp4,9746669,,,,,,UPLOAD
2026-07-30 11:01:27,4347,FAILED,,ERROR,20260730T110127.mp4,9470187,,,,,,UPLOAD
2026-07-30 10:31:32,4346,FAILED,,DONE,20260730T103132.mp4,10132479,,,,,,UPLOAD
2026-07-30 10:01:32,4345,FAILED,,DONE,20260730T100132.mp4,9336281,,,,,,UPLOAD
2026-07-30 09:31:26,4344,FAILED,,DONE,20260730T093126.mp4,10153327,,,,,,UPLOAD
2026-07-30 09:01:32,4343,FAILED,,ERROR,20260730T090132.mp4,10183556,,,,,,UPLOAD
2026-07-30 08:31:24,4342,FAILED,,ERROR,20260730T083124.mp4,9419920,,,,,,UPLOAD
2026-07-30 08:01:35,4341,FAILED,,ERROR,20260730T080135.mp4,9310721,,,,,,UPLOAD
2026-07-30 07:31:33,4340,FAILED,,DONE,20260730T073133.mp4,9312900,,,,,,UPLOAD
2026-07-30 07:01:25,4339,FAILED,,DONE,20260730T070125.mp4,10115084,,,,,,UPLOAD
2026-07-30 06:31:30,4338,FAILED,,DONE,20260730T063130.mp4,10255253,,,,,,UPLOAD
2026-07-30 06:01:24,4337,FAILED,,DONE,20260730T060124.mp4,9319286,,,,,,UPLOAD
2026-07-30 05:31:30,4336,FAILED,,DONE,20260730T053130.mp4,9313240,,,,,,UPLOAD
2026-07-30 05:01:23,4335,FAILED,,ERROR,20260730T050123.mp4,9845905,,,,,,UPLOAD
2026-07-30 04:31:33,4334,FAILED,,DONE,20260730T043133.mp4,9314796,,,,,,UPLOAD
2026-07-30 04:01:24,4333,FAILED,,DONE,20260730T040124.mp4,9443045,,,,,,UPLOAD
2026-07-30 03:31:34,4332,FAILED,,ERROR,20260730T033134.mp4,9414883,,,,,,UPLOAD
2026-07-30 03:01:26,4331,FAILED,,ERROR,20260730T030126.mp4,9309992,,,,,,UPLOAD
2026-07-30 02:31:33,4330,FAILED,,ERROR,20260730T023133.mp4,10181874,,,,,,UPLOAD
2026-07-30 02:01:26,4329,FAILED,,ERROR,20260730T020126.mp4,9369428,,,,,,UPLOAD
2026-07-30 01:31:34,4328,FAILED,,ERROR,20260730T013134.mp4,9309572,,,,,,UPLOAD
2026-07-30 01:01:27,4327,FAILED,,ERROR,20260730T010127.mp4,10176671,,,,,,UPLOAD
2026-07-30 00:31:24,4326,FAILED,,ERROR,20260730T003124.mp4,9446756,,,,,,UPLOAD
2026-07-30 00:01:31,4325,FAILED,,ERROR,20260730T000131.mp4,10477150,,,,,,UPLOAD
2026-07-29 23:31:34,4324,FAILED,,ERROR,20260729T233134.mp4,9310867,,,,,,UPLOAD
2026-07-29 23:01:28,4323,FAILED,,ERROR,20260729T230128.mp4,10115088,,,,,,UPLOAD
2026-07-29 22:31:27,4322,FAILED,,ERROR,20260729T223127.mp4,10040082,,,,,,UPLOAD
2026-07-29 22:01:24,4321,FAILED,,DONE,20260729T220124.mp4,9351330,,,,,,UPLOAD
2026-07-29 21:31:31,4320,FAILED,,ERROR,20260729T213131.mp4,10201206,,,,,,UPLOAD
2026-07-29 21:01:27,4319,FAILED,,DONE,20260729T210127.mp4,9478211,,,,,,UPLOAD
2026-07-29 20:31:27,4318,FAILED,,DONE,20260729T203127.mp4,9398625,,,,,,UPLOAD
2026-07-29 20:01:24,4317,FAILED,,DONE,20260729T200124.mp4,9579513,,,,,,UPLOAD
2026-07-29 19:31:35,4316,FAILED,,DONE,20260729T193135.mp4,9665954,,,,,,UPLOAD
2026-07-29 19:01:32,4315,FAILED,,DONE,20260729T190132.mp4,9316879,,,,,,UPLOAD
2026-07-29 18:31:24,4314,FAILED,,DONE,20260729T183124.mp4,9261483,,,,,,UPLOAD
2026-07-29 18:01:28,4313,FAILED,,DONE,20260729T180128.mp4,9835981,,,,,,UPLOAD
2026-07-29 17:31:26,4312,FAILED,,DONE,20260729T173126.mp4,9289853,,,,,,UPLOAD
2026-07-29 17:01:27,4311,FAILED,,DONE,20260729T170127.mp4,9609122,,,,,,UPLOAD
2026-07-29 16:31:25,4310,FAILED,,DONE,20260729T163125.mp4,9866344,,,,,,UPLOAD
2026-07-29 16:01:31,4309,FAILED,,DONE,20260729T160131.mp4,9676673,,,,,,UPLOAD
2026-07-29 15:31:25,4308,FAILED,,DONE,20260729T153125.mp4,9697899,,,,,,UPLOAD
2026-07-29 15:01:31,4307,FAILED,,DONE,20260729T150131.mp4,9816843,,,,,,UPLOAD
2026-07-29 14:31:27,4306,FAILED,,DONE,20260729T143127.mp4,9629414,,,,,,UPLOAD
2026-07-29 14:01:33,4305,FAILED,,DONE,20260729T140133.mp4,9293357,,,,,,UPLOAD
2026-07-29 13:31:24,4304,FAILED,,DONE,20260729T133124.mp4,9885661,,,,,,UPLOAD
2026-07-29 13:01:34,4303,FAILED,,DONE,20260729T130134.mp4,9789063,,,,,,UPLOAD
2026-07-29 12:31:24,4302,FAILED,,DONE,20260729T123124.mp4,9355822,,,,,,UPLOAD
2026-07-29 12:01:32,4301,FAILED,,DONE,20260729T120132.mp4,9732572,,,,,,UPLOAD
2026-07-29 11:31:25,4300,FAILED,,DONE,20260729T113125.mp4,9845877,,,,,,UPLOAD
2026-07-29 11:01:30,4299,FAILED,,DONE,20260729T110130.mp4,9305492,,,,,,UPLOAD
2026-07-29 10:31:26,4298,FAILED,,DONE,20260729T103126.mp4,10118443,,,,,,UPLOAD
2026-07-29 10:01:28,4297,FAILED,,ERROR,20260729T100128.mp4,10100227,,,,,,UPLOAD
2026-07-29 09:31:27,4296,FAILED,,DONE,20260729T093127.mp4,10175023,,,,,,UPLOAD
2026-07-29 09:01:32,4295,FAILED,,DONE,20260729T090132.mp4,10134626,,,,,,UPLOAD
2026-07-29 08:31:26,4294,FAILED,,DONE,20260729T083126.mp4,10332318,,,,,,UPLOAD
2026-07-29 08:01:31,4293,FAILED,,DONE,20260729T080131.mp4,10180228,,,,,,UPLOAD
2026-07-29 07:31:28,4292,FAILED,,DONE,20260729T073128.mp4,9590519,,,,,,UPLOAD
2026-07-29 04:31:26,4286,FAILED,,ERROR,20260729T043126.mp4,10164645,3591,5,10164645,,,ON-SERVER
2026-07-29 01:31:25,4280,FAILED,,ERROR,20260729T013125.mp4,9414464,,,,,,UPLOAD
2026-07-28 01:01:25,4231,FAILED,,ERROR,20260728T010125.mp4,9925631,3537,5,9925631,,,ON-SERVER
2026-07-28 00:01:24,4229,FAILED,,ERROR,20260728T000124.mp4,10352005,3535,5,10352005,,,ON-SERVER
2026-07-27 05:31:26,4192,FAILED,,ERROR,20260727T053126.mp4,9411323,3498,5,9411323,,,ON-SERVER
2026-07-26 23:31:32,4180,FAILED,,DONE,20260726T233132.mp4,10065390,,,,,,UPLOAD
2026-07-26 22:01:26,4177,FAILED,,ERROR,20260726T220126.mp4,10247675,3484,5,10247675,,,ON-SERVER
2026-07-26 17:01:29,4167,FAILED,,DONE,20260726T170129.mp4,9380195,,,,,,UPLOAD
2026-07-26 12:01:28,4157,FAILED,,DONE,20260726T120128.mp4,9641707,,,,,,UPLOAD
2026-07-26 00:31:24,4134,FAILED,,ERROR,20260726T003124.mp4,9311964,3443,5,9311964,,,ON-SERVER
2026-07-25 15:01:27,4115,FAILED,3424,DONE,20260725T150127.mp4,9332832,3424,4,9332832,,,ON-SERVER
2026-07-25 14:01:24,4113,FAILED,,DONE,20260725T140124.mp4,9754093,,,,,,UPLOAD
2026-07-25 09:31:29,4104,FAILED,,ERROR,20260725T093129.mp4,9983515,3414,5,9983515,,,ON-SERVER
2026-07-25 03:31:28,4092,FAILED,,ERROR,20260725T033128.mp4,9316043,3402,5,9316043,,,ON-SERVER
2026-07-25 01:01:29,4087,FAILED,,ERROR,20260725T010129.mp4,9308633,3397,5,9308633,,,ON-SERVER
2026-07-24 17:01:31,4071,FAILED,,DONE,20260724T170131.mp4,9286732,,,,,,UPLOAD
2026-07-24 05:31:25,4048,FAILED,,ERROR,20260724T053125.mp4,9572285,3359,5,9572285,,,ON-SERVER
2026-07-24 00:31:30,4038,FAILED,,DONE,20260724T003130.mp4,9488440,,,,,,UPLOAD
2026-07-24 00:01:30,4037,FAILED,,DONE,20260724T000130.mp4,10212355,,,,,,UPLOAD
2026-07-23 23:31:28,4036,FAILED,,DONE,20260723T233128.mp4,10076683,,,,,,UPLOAD
2026-07-23 23:01:27,4035,FAILED,,DONE,20260723T230127.mp4,9653123,,,,,,UPLOAD
2026-07-23 22:31:27,4034,FAILED,,DONE,20260723T223127.mp4,9889060,,,,,,UPLOAD
2026-07-23 22:01:30,4033,FAILED,,DONE,20260723T220130.mp4,9554378,,,,,,UPLOAD
2026-07-23 21:31:23,4032,FAILED,,DONE,20260723T213123.mp4,10064052,,,,,,UPLOAD
2026-07-23 21:01:23,4031,FAILED,,DONE,20260723T210123.mp4,9717583,,,,,,UPLOAD
2026-07-23 20:31:30,4030,FAILED,,DONE,20260723T203130.mp4,9350994,,,,,,UPLOAD
2026-07-23 20:01:23,4029,FAILED,,DONE,20260723T200123.mp4,10004557,,,,,,UPLOAD
2026-07-23 19:31:30,4028,FAILED,,DONE,20260723T193130.mp4,9334869,,,,,,UPLOAD
2026-07-23 19:01:22,4027,FAILED,,DONE,20260723T190122.mp4,9600926,,,,,,UPLOAD
2026-07-23 18:31:24,4026,FAILED,,DONE,20260723T183124.mp4,9633777,,,,,,UPLOAD
2026-07-23 18:01:25,4025,FAILED,,DONE,20260723T180125.mp4,9892835,,,,,,UPLOAD
2026-07-23 17:31:29,4024,FAILED,,DONE,20260723T173129.mp4,9976625,,,,,,UPLOAD
2026-07-23 17:01:25,4023,FAILED,,DONE,20260723T170125.mp4,9739700,,,,,,UPLOAD
2026-07-23 16:31:29,4022,FAILED,,DONE,20260723T163129.mp4,9629384,,,,,,UPLOAD
2026-07-23 16:01:29,4021,FAILED,,DONE,20260723T160129.mp4,9980992,,,,,,UPLOAD
2026-07-23 15:31:23,4020,FAILED,,DONE,20260723T153123.mp4,9422657,,,,,,UPLOAD
2026-07-23 15:01:30,4019,FAILED,,DONE,20260723T150130.mp4,9566334,,,,,,UPLOAD
2026-07-23 14:31:22,4018,FAILED,,DONE,20260723T143122.mp4,9286565,,,,,,UPLOAD
2026-07-23 14:01:25,4017,FAILED,,DONE,20260723T140125.mp4,9499809,,,,,,UPLOAD
2026-07-23 13:31:23,4016,FAILED,,DONE,20260723T133123.mp4,9912018,,,,,,UPLOAD
2026-07-23 13:01:31,4015,FAILED,,DONE,20260723T130131.mp4,9829395,,,,,,UPLOAD
2026-07-23 12:31:24,4014,FAILED,,DONE,20260723T123124.mp4,9562412,,,,,,UPLOAD
2026-07-23 12:01:31,4013,FAILED,,DONE,20260723T120131.mp4,9721850,,,,,,UPLOAD
2026-07-23 11:31:22,4012,FAILED,,DONE,20260723T113122.mp4,9367323,,,,,,UPLOAD
2026-07-23 11:01:28,4011,FAILED,,DONE,20260723T110128.mp4,9469126,,,,,,UPLOAD
2026-07-23 10:31:31,4010,FAILED,,DONE,20260723T103131.mp4,9313034,,,,,,UPLOAD
2026-07-23 10:01:23,4009,FAILED,,DONE,20260723T100123.mp4,10081078,,,,,,UPLOAD
2026-07-23 09:31:24,4008,FAILED,,DONE,20260723T093124.mp4,9334149,,,,,,UPLOAD
2026-07-23 09:01:29,4007,FAILED,,DONE,20260723T090129.mp4,9553703,,,,,,UPLOAD
2026-07-23 08:31:28,4006,FAILED,,DONE,20260723T083128.mp4,9310092,,,,,,UPLOAD
2026-07-23 08:01:27,4005,FAILED,,DONE,20260723T080127.mp4,9311142,,,,,,UPLOAD
2026-07-23 07:31:31,4004,FAILED,,DONE,20260723T073131.mp4,9352002,,,,,,UPLOAD
2026-07-23 07:01:22,4003,FAILED,,DONE,20260723T070122.mp4,10096964,,,,,,UPLOAD
2026-07-23 06:31:30,4002,FAILED,,DONE,20260723T063130.mp4,9553328,,,,,,UPLOAD
2026-07-23 06:01:23,4001,FAILED,,DONE,20260723T060123.mp4,9568717,,,,,,UPLOAD
2026-07-23 05:31:30,4000,FAILED,,DONE,20260723T053130.mp4,9496548,,,,,,UPLOAD
2026-07-23 05:01:28,3999,FAILED,,DONE,20260723T050128.mp4,9370518,,,,,,UPLOAD
2026-07-23 04:31:22,3998,FAILED,,DONE,20260723T043122.mp4,10297463,,,,,,UPLOAD
2026-07-23 04:01:22,3997,FAILED,,DONE,20260723T040122.mp4,9318164,,,,,,UPLOAD
2026-07-23 03:31:29,3996,FAILED,,ERROR,20260723T033129.mp4,9312173,,,,,,UPLOAD
2026-07-23 03:01:26,3995,FAILED,,ERROR,20260723T030126.mp4,9881296,,,,,,UPLOAD
2026-07-23 02:31:22,3994,FAILED,,ERROR,20260723T023122.mp4,9305484,,,,,,UPLOAD
2026-07-23 02:01:30,3993,FAILED,,ERROR,20260723T020130.mp4,9382133,,,,,,UPLOAD
2026-07-23 01:31:23,3992,FAILED,,ERROR,20260723T013123.mp4,9304572,,,,,,UPLOAD
2026-07-23 01:01:24,3991,FAILED,,DONE,20260723T010124.mp4,10189705,,,,,,UPLOAD
2026-07-23 00:31:23,3990,FAILED,,ERROR,20260723T003123.mp4,9505491,,,,,,UPLOAD
2026-07-23 00:01:21,3989,FAILED,,DONE,20260723T000121.mp4,9309351,,,,,,UPLOAD
2026-07-22 23:31:28,3988,FAILED,,DONE,20260722T233128.mp4,10078913,,,,,,UPLOAD
2026-07-22 23:01:30,3987,FAILED,,DONE,20260722T230130.mp4,10066533,,,,,,UPLOAD
2026-07-22 22:31:30,3986,FAILED,,DONE,20260722T223130.mp4,9963289,,,,,,UPLOAD
2026-07-22 22:01:22,3985,FAILED,,DONE,20260722T220122.mp4,9280614,,,,,,UPLOAD
2026-07-22 21:31:24,3984,FAILED,,DONE,20260722T213124.mp4,9639890,,,,,,UPLOAD
2026-07-22 21:01:25,3983,FAILED,,DONE,20260722T210125.mp4,9478622,,,,,,UPLOAD
2026-07-22 20:31:30,3982,FAILED,,DONE,20260722T203130.mp4,9778535,,,,,,UPLOAD
2026-07-22 20:01:28,3981,FAILED,,DONE,20260722T200128.mp4,9890651,,,,,,UPLOAD
2026-07-22 16:31:25,3974,FAILED,,DONE,20260722T163125.mp4,9934350,,,,,,UPLOAD
2026-07-22 05:31:25,3952,FAILED,,ERROR,20260722T053125.mp4,9308887,3322,5,9308887,,,ON-SERVER
2026-07-22 01:01:29,3943,FAILED,,ERROR,20260722T010129.mp4,10121338,3313,5,10121338,,,ON-SERVER
2026-07-22 00:01:26,3941,FAILED,,ERROR,20260722T000126.mp4,10238360,3311,5,10238360,,,ON-SERVER
2026-07-21 23:01:24,3939,FAILED,,ERROR,20260721T230124.mp4,10135308,3309,5,10135308,,,ON-SERVER
2026-07-21 20:01:24,3933,FAILED,,DONE,20260721T200124.mp4,9377372,,,,,,UPLOAD
2026-07-21 10:31:26,3914,FAILED,,ERROR,20260721T103126.mp4,10066890,3285,5,10066890,,,ON-SERVER
2026-07-20 10:31:33,3866,FAILED,,DONE,20260720T103133.mp4,9533755,,,,,,UPLOAD
2026-07-20 05:31:27,3856,FAILED,,ERROR,20260720T053127.mp4,9461509,3228,5,9461509,,,ON-SERVER
2026-07-20 05:01:29,3855,FAILED,,DONE,20260720T050129.mp4,10113657,,,,,,UPLOAD
2026-07-20 04:01:23,3853,FAILED,,ERROR,20260720T040123.mp4,10024784,,,,,,UPLOAD
2026-07-20 01:31:23,3848,FAILED,,ERROR,20260720T013123.mp4,10088026,3222,5,10088026,,,ON-SERVER
2026-07-19 11:31:24,3820,FAILED,3194,DONE,20260719T113124.mp4,9807915,3194,4,9807915,,,ON-SERVER
2026-07-17 10:31:24,3722,FAILED,,ERROR,20260717T103124.mp4,10112846,3096,5,10112846,,,ON-SERVER
2026-07-17 03:01:23,3707,FAILED,,DONE,20260717T030123.mp4,10134633,,,,,,UPLOAD
2026-07-17 00:31:28,3702,FAILED,,ERROR,20260717T003128.mp4,10156173,3077,5,10156173,,,ON-SERVER
2026-07-16 23:31:27,3700,FAILED,,ERROR,20260716T233127.mp4,10313484,3075,5,10313484,,,ON-SERVER
2026-07-16 10:01:28,3673,FAILED,,DONE,20260716T100128.mp4,9310368,,,,,,UPLOAD
2026-07-16 09:31:25,3672,FAILED,,ERROR,20260716T093125.mp4,9318071,3048,5,9318071,,,ON-SERVER
2026-07-16 01:31:23,3656,FAILED,,ERROR,20260716T013123.mp4,10686583,3032,5,10686583,,,ON-SERVER
2026-07-15 06:01:23,3617,FAILED,,ERROR,20260715T060123.mp4,9310401,2993,5,9310401,,,ON-SERVER
2026-07-15 05:01:26,3615,FAILED,,DONE,20260715T050126.mp4,9552179,,,,,,UPLOAD
2026-07-15 00:01:24,3605,FAILED,,ERROR,20260715T000124.mp4,10086730,2982,5,10086730,,,ON-SERVER
2026-07-14 03:31:23,3564,LOCAL,2941,ERROR,20260714T033123.mp4,9307077,2941,5,9307077,,,ON-SERVER
2026-07-13 14:31:25,3538,FAILED,,DONE,20260713T143125.mp4,9764316,,,,,,UPLOAD
2026-07-13 08:01:27,3525,FAILED,2903,ERROR,20260713T080127.mp4,9541318,2903,5,9541318,,,ON-SERVER
2026-07-13 05:31:28,3520,FAILED,,ERROR,20260713T053128.mp4,9501662,2898,5,9501662,,,ON-SERVER
2026-07-13 04:31:26,3518,FAILED,,ERROR,20260713T043126.mp4,10172489,2896,5,10172489,,,ON-SERVER
2026-07-12 23:01:26,3507,FAILED,,ERROR,20260712T230126.mp4,10080469,2885,5,10080469,,,ON-SERVER
2026-07-12 16:01:27,3493,FAILED,,DONE,20260712T160127.mp4,9652734,,,,,,UPLOAD
2026-07-12 08:01:24,3477,FAILED,2856,ERROR,20260712T080124.mp4,9312641,2856,5,9312641,,,ON-SERVER
2026-07-12 07:31:31,3476,FAILED,,ERROR,20260712T073131.mp4,10112462,,,,,,UPLOAD
2026-07-12 05:31:27,3472,FAILED,2852,ERROR,20260712T053127.mp4,9447602,2852,5,9447602,,,ON-SERVER
2026-07-12 05:01:26,3471,FAILED,,ERROR,20260712T050126.mp4,9318828,2851,5,9318828,,,ON-SERVER
2026-07-12 00:31:31,3462,FAILED,2842,ERROR,20260712T003131.mp4,9502368,2842,5,9502368,,,ON-SERVER
2026-07-11 10:31:26,3434,FAILED,2814,ERROR,20260711T103126.mp4,9311605,2814,5,9311605,,,ON-SERVER
2026-07-11 04:31:31,3422,FAILED,,DONE,20260711T043131.mp4,9460776,,,,,,UPLOAD
2026-07-11 00:01:31,3413,FAILED,,DONE,20260711T000131.mp4,9326695,,,,,,UPLOAD
2026-07-10 10:31:24,3386,FAILED,,ERROR,20260710T103124.mp4,9311035,2768,5,9311035,,,ON-SERVER
2026-07-09 08:01:26,3333,FAILED,,ERROR,20260709T080126.mp4,10290239,2715,5,10290239,,,ON-SERVER
2026-07-09 00:31:24,3318,FAILED,,ERROR,20260709T003124.mp4,10144996,2700,5,10144996,,,ON-SERVER
2026-07-08 08:01:24,3285,FAILED,,ERROR,20260708T080124.mp4,10376879,2667,5,10376879,,,ON-SERVER
2026-07-08 00:31:22,3270,FAILED,,DONE,20260708T003122.mp4,9352216,,,,,,UPLOAD
2026-07-07 17:01:26,3255,FAILED,2638,DONE,20260707T170126.mp4,9860164,2638,4,9860164,,,ON-SERVER
2026-07-07 15:31:31,3252,FAILED,,DONE,20260707T153131.mp4,9289053,,,,,,UPLOAD
2026-07-07 13:01:27,3247,FAILED,,DONE,20260707T130127.mp4,9286660,,,,,,UPLOAD
2026-07-07 06:01:25,3233,FAILED,2618,DONE,20260707T060125.mp4,9314336,2618,4,9314336,,,ON-SERVER
2026-07-07 00:31:25,3222,FAILED,,ERROR,20260707T003125.mp4,9310405,2607,5,9310405,,,ON-SERVER
2026-07-07 00:01:27,3221,FAILED,,DONE,20260707T000127.mp4,9373364,,,,,,UPLOAD
2026-07-06 17:31:22,3208,FAILED,,DONE,20260706T173122.mp4,9284291,,,,,,UPLOAD
2026-07-06 07:31:25,3188,FAILED,,ERROR,20260706T073125.mp4,9318114,2575,5,9318114,,,ON-SERVER
2026-07-06 05:31:25,3184,FAILED,,ERROR,20260706T053125.mp4,9518371,2571,5,9518371,,,ON-SERVER
2026-07-06 01:31:25,3176,FAILED,,ERROR,20260706T013125.mp4,9306696,2563,5,9306696,,,ON-SERVER
2026-07-06 00:31:22,3174,FAILED,,ERROR,20260706T003122.mp4,10344791,2561,5,10344791,,,ON-SERVER
2026-07-05 23:31:27,3172,FAILED,,ERROR,20260705T233127.mp4,9313746,2559,5,9313746,,,ON-SERVER
2026-07-05 09:31:27,3144,FAILED,,ERROR,20260705T093127.mp4,9318684,2531,5,9318684,,,ON-SERVER
2026-07-04 10:31:24,3098,FAILED,,DONE,20260704T103124.mp4,10093769,,,,,,UPLOAD
2026-07-04 07:31:25,3092,FAILED,,ERROR,20260704T073125.mp4,10109165,,,,,,UPLOAD
2026-07-04 03:31:22,3084,FAILED,,ERROR,20260704T033122.mp4,9863280,2473,5,9863280,,,ON-SERVER
2026-07-04 02:31:22,3082,FAILED,,ERROR,20260704T023122.mp4,9315780,2471,5,9315780,,,ON-SERVER
2026-07-03 09:31:22,3048,FAILED,,ERROR,20260703T093122.mp4,10238352,2437,5,10238352,,,ON-SERVER
2026-06-24 20:01:25,3028,FAILED,,ERROR,20260624T200125.mp4,,,,,,,LOST
2026-06-24 18:31:27,3026,FAILED,,ERROR,20260624T183127.mp4,,,,,,,LOST
2026-06-24 18:01:29,3025,FAILED,,ERROR,20260624T180129.mp4,,,,,,,LOST
2026-06-24 17:31:27,3024,FAILED,,ERROR,20260624T173127.mp4,,,,,,,LOST
2026-06-24 16:38:19,3023,FAILED,,ERROR,20260624T163819.mp4,,,,,,,LOST
2026-06-24 16:01:25,3022,FAILED,,DONE,20260624T160125.mp4,,,,,,,LOST
2026-06-24 15:31:27,3021,FAILED,,ERROR,20260624T153127.mp4,,,,,,,LOST
2026-06-24 15:01:27,3020,FAILED,,ERROR,20260624T150127.mp4,,,,,,,LOST
2026-06-24 11:01:27,3013,FAILED,,ERROR,20260624T110127.mp4,,2410,4,9607645,,,ON-SERVER-local-gone
2026-06-24 08:01:28,3007,FAILED,,DONE,20260624T080128.mp4,,,,,,,LOST
2026-06-24 07:01:23,3005,FAILED,,DONE,20260624T070123.mp4,,,,,,,LOST
2026-06-24 05:31:27,3002,FAILED,,DONE,20260624T053127.mp4,,,,,,,LOST
2026-06-23 20:31:25,2984,FAILED,,ERROR,20260623T203125.mp4,,,,,,,LOST
2026-06-23 19:31:31,2982,FAILED,,DONE,20260623T193131.mp4,,,,,,,LOST
2026-06-23 19:01:22,2981,FAILED,,ERROR,20260623T190122.mp4,,,,,,,LOST
2026-06-23 18:31:25,2980,FAILED,,ERROR,20260623T183125.mp4,,,,,,,LOST
2026-06-23 18:01:25,2979,FAILED,,ERROR,20260623T180125.mp4,,,,,,,LOST
2026-06-23 17:31:31,2978,FAILED,,DONE,20260623T173131.mp4,,,,,,,LOST
2026-06-23 17:01:24,2977,FAILED,,ERROR,20260623T170124.mp4,,,,,,,LOST
2026-06-23 16:01:24,2975,FAILED,,ERROR,20260623T160124.mp4,,,,,,,LOST
2026-06-23 15:01:25,2973,FAILED,,DONE,20260623T150125.mp4,,,,,,,LOST
2026-06-23 14:01:25,2971,FAILED,,DONE,20260623T140125.mp4,,,,,,,LOST
2026-06-23 13:31:23,2970,FAILED,,ERROR,20260623T133123.mp4,,,,,,,LOST
2026-06-23 12:31:27,2968,FAILED,,DONE,20260623T123127.mp4,,,,,,,LOST
2026-06-23 12:01:24,2967,FAILED,,ERROR,20260623T120124.mp4,,,,,,,LOST
2026-06-23 11:31:25,2966,FAILED,,ERROR,20260623T113125.mp4,,,,,,,LOST
2026-06-23 11:01:26,2965,FAILED,,ERROR,20260623T110126.mp4,,,,,,,LOST
2026-06-23 10:31:25,2964,FAILED,,DONE,20260623T103125.mp4,,,,,,,LOST
2026-06-23 10:01:26,2963,FAILED,,DONE,20260623T100126.mp4,,,,,,,LOST
2026-06-23 09:31:25,2962,FAILED,,DONE,20260623T093125.mp4,,,,,,,LOST
2026-06-23 09:01:24,2961,FAILED,,DONE,20260623T090124.mp4,,,,,,,LOST
2026-06-23 08:31:27,2960,FAILED,,DONE,20260623T083127.mp4,,,,,,,LOST
2026-06-23 08:01:26,2959,FAILED,,DONE,20260623T080126.mp4,,,,,,,LOST
2026-06-23 07:31:25,2958,FAILED,,DONE,20260623T073125.mp4,,,,,,,LOST
2026-06-23 07:01:27,2957,FAILED,,DONE,20260623T070127.mp4,,,,,,,LOST
2026-06-23 06:31:24,2956,FAILED,,DONE,20260623T063124.mp4,,,,,,,LOST
2026-06-23 06:01:25,2955,FAILED,,DONE,20260623T060125.mp4,,,,,,,LOST
2026-06-23 05:31:25,2954,FAILED,,DONE,20260623T053125.mp4,,,,,,,LOST
2026-06-23 05:01:22,2953,FAILED,,DONE,20260623T050122.mp4,,,,,,,LOST
2026-06-23 04:31:25,2952,FAILED,,DONE,20260623T043125.mp4,,,,,,,LOST
2026-06-23 04:09:37,2951,FAILED,,DONE,20260623T040937.mp4,,,,,,,LOST
2026-06-23 04:01:24,2950,FAILED,,DONE,20260623T040124.mp4,,,,,,,LOST
2026-06-23 03:31:23,2949,FAILED,,DONE,20260623T033123.mp4,,,,,,,LOST
2026-06-23 03:01:27,2948,FAILED,,DONE,20260623T030127.mp4,,,,,,,LOST
2026-06-23 02:31:25,2947,FAILED,,DONE,20260623T023125.mp4,,,,,,,LOST
2026-06-23 02:01:23,2946,FAILED,,DONE,20260623T020123.mp4,,,,,,,LOST
2026-06-23 01:31:21,2945,FAILED,,DONE,20260623T013121.mp4,,,,,,,LOST
2026-06-23 01:01:24,2944,FAILED,,DONE,20260623T010124.mp4,,,,,,,LOST
2026-06-23 00:31:23,2943,FAILED,,ERROR,20260623T003123.mp4,,,,,,,LOST
2026-06-23 00:01:21,2942,FAILED,,DONE,20260623T000121.mp4,,,,,,,LOST
2026-06-22 23:31:23,2941,FAILED,,DONE,20260622T233123.mp4,,,,,,,LOST
2026-06-22 23:01:25,2940,FAILED,,DONE,20260622T230125.mp4,,,,,,,LOST
2026-06-22 22:31:23,2939,FAILED,,ERROR,20260622T223123.mp4,,,,,,,LOST
2026-06-22 22:01:27,2938,FAILED,,ERROR,20260622T220127.mp4,,,,,,,LOST
2026-06-22 21:31:23,2937,FAILED,,ERROR,20260622T213123.mp4,,,,,,,LOST
2026-06-22 21:01:25,2936,FAILED,,ERROR,20260622T210125.mp4,,,,,,,LOST
2026-06-22 20:31:25,2935,FAILED,,ERROR,20260622T203125.mp4,,,,,,,LOST
2026-06-22 20:01:25,2934,FAILED,,ERROR,20260622T200125.mp4,,,,,,,LOST
2026-06-22 19:31:25,2933,FAILED,,ERROR,20260622T193125.mp4,,,,,,,LOST
2026-06-22 19:01:24,2932,FAILED,,ERROR,20260622T190124.mp4,,,,,,,LOST
2026-06-22 18:31:26,2931,FAILED,,ERROR,20260622T183126.mp4,,,,,,,LOST
2026-06-22 18:01:22,2930,FAILED,,ERROR,20260622T180122.mp4,,,,,,,LOST
2026-06-22 17:31:25,2929,FAILED,,ERROR,20260622T173125.mp4,,,,,,,LOST
2026-06-22 17:01:24,2928,FAILED,,ERROR,20260622T170124.mp4,,,,,,,LOST
2026-06-22 16:31:26,2927,FAILED,,ERROR,20260622T163126.mp4,,,,,,,LOST
2026-06-22 16:01:26,2926,FAILED,,ERROR,20260622T160126.mp4,,,,,,,LOST
2026-06-22 15:31:23,2925,FAILED,,ERROR,20260622T153123.mp4,,,,,,,LOST
2026-06-22 15:01:27,2924,FAILED,,ERROR,20260622T150127.mp4,,,,,,,LOST
2026-06-22 14:31:23,2923,FAILED,,ERROR,20260622T143123.mp4,,,,,,,LOST
2026-06-22 14:01:25,2922,FAILED,,ERROR,20260622T140125.mp4,,,,,,,LOST
2026-06-22 13:31:27,2921,FAILED,,ERROR,20260622T133127.mp4,,,,,,,LOST
2026-06-22 13:01:24,2920,FAILED,,ERROR,20260622T130124.mp4,,,,,,,LOST
2026-06-22 12:31:24,2919,FAILED,,ERROR,20260622T123124.mp4,,,,,,,LOST
2026-06-22 12:01:25,2918,FAILED,,ERROR,20260622T120125.mp4,,,,,,,LOST
2026-06-22 11:31:25,2917,FAILED,,ERROR,20260622T113125.mp4,,,,,,,LOST
2026-06-22 11:01:21,2916,FAILED,,DONE,20260622T110121.mp4,,,,,,,LOST
2026-06-22 10:31:22,2915,FAILED,,DONE,20260622T103122.mp4,,,,,,,LOST
2026-06-22 10:01:20,2914,FAILED,,DONE,20260622T100120.mp4,,,,,,,LOST
2026-06-22 09:31:22,2913,FAILED,,DONE,20260622T093122.mp4,,,,,,,LOST
2026-06-22 09:01:24,2912,FAILED,,DONE,20260622T090124.mp4,,,,,,,LOST
2026-06-22 08:31:25,2911,FAILED,,DONE,20260622T083125.mp4,,,,,,,LOST
2026-06-22 08:01:27,2910,FAILED,,DONE,20260622T080127.mp4,,,,,,,LOST
2026-06-22 07:31:24,2909,FAILED,,DONE,20260622T073124.mp4,,,,,,,LOST
2026-06-22 07:01:23,2908,FAILED,,DONE,20260622T070123.mp4,,,,,,,LOST
2026-06-22 06:31:26,2907,FAILED,,DONE,20260622T063126.mp4,,,,,,,LOST
2026-06-22 06:01:21,2906,FAILED,,DONE,20260622T060121.mp4,,,,,,,LOST
2026-06-22 05:31:25,2905,FAILED,,DONE,20260622T053125.mp4,,,,,,,LOST
2026-06-22 05:01:24,2904,FAILED,,DONE,20260622T050124.mp4,,,,,,,LOST
2026-06-22 04:31:27,2903,FAILED,,DONE,20260622T043127.mp4,,,,,,,LOST
2026-06-22 04:01:27,2902,FAILED,,DONE,20260622T040127.mp4,,,,,,,LOST
2026-06-22 03:31:29,2901,FAILED,,DONE,20260622T033129.mp4,,,,,,,LOST
2026-06-22 03:01:25,2900,FAILED,,DONE,20260622T030125.mp4,,,,,,,LOST
2026-06-22 02:31:21,2899,FAILED,,DONE,20260622T023121.mp4,,,,,,,LOST
2026-06-22 02:01:21,2898,FAILED,,DONE,20260622T020121.mp4,,,,,,,LOST
2026-06-22 01:31:26,2897,FAILED,,DONE,20260622T013126.mp4,,,,,,,LOST
2026-06-22 01:01:23,2896,FAILED,,ERROR,20260622T010123.mp4,,,,,,,LOST
2026-06-22 00:31:24,2895,FAILED,,ERROR,20260622T003124.mp4,,,,,,,LOST
2026-06-22 00:01:25,2894,FAILED,,DONE,20260622T000125.mp4,,,,,,,LOST
2026-06-21 23:31:24,2893,FAILED,,DONE,20260621T233124.mp4,,,,,,,LOST
2026-06-21 23:01:25,2892,FAILED,,DONE,20260621T230125.mp4,,,,,,,LOST
2026-06-21 22:31:23,2891,FAILED,,ERROR,20260621T223123.mp4,,,,,,,LOST
2026-06-21 22:01:21,2890,FAILED,,ERROR,20260621T220121.mp4,,,,,,,LOST
2026-06-21 21:31:25,2889,FAILED,,ERROR,20260621T213125.mp4,,,,,,,LOST
2026-06-21 21:01:24,2888,FAILED,,ERROR,20260621T210124.mp4,,,,,,,LOST
2026-06-21 20:31:24,2887,FAILED,,ERROR,20260621T203124.mp4,,,,,,,LOST
2026-06-21 20:01:24,2886,FAILED,,ERROR,20260621T200124.mp4,,,,,,,LOST
2026-06-21 19:31:27,2885,FAILED,,ERROR,20260621T193127.mp4,,,,,,,LOST
2026-06-21 19:01:23,2884,FAILED,,ERROR,20260621T190123.mp4,,,,,,,LOST
2026-06-21 18:31:23,2883,FAILED,,ERROR,20260621T183123.mp4,,,,,,,LOST
2026-06-21 18:01:25,2882,FAILED,,ERROR,20260621T180125.mp4,,,,,,,LOST
2026-06-21 17:31:24,2881,FAILED,,ERROR,20260621T173124.mp4,,,,,,,LOST
2026-06-21 17:01:26,2880,FAILED,,ERROR,20260621T170126.mp4,,,,,,,LOST
2026-06-21 16:31:23,2879,FAILED,,ERROR,20260621T163123.mp4,,,,,,,LOST
2026-06-21 16:01:22,2878,FAILED,,ERROR,20260621T160122.mp4,,,,,,,LOST
2026-06-21 15:31:22,2877,FAILED,,ERROR,20260621T153122.mp4,,,,,,,LOST
2026-06-21 15:01:25,2876,FAILED,,ERROR,20260621T150125.mp4,,,,,,,LOST
2026-06-21 14:31:24,2875,FAILED,,ERROR,20260621T143124.mp4,,,,,,,LOST
2026-06-21 14:01:22,2874,FAILED,,ERROR,20260621T140122.mp4,,,,,,,LOST
2026-06-21 13:31:23,2873,FAILED,,ERROR,20260621T133123.mp4,,,,,,,LOST
2026-06-21 13:01:26,2872,FAILED,,ERROR,20260621T130126.mp4,,,,,,,LOST
2026-06-21 12:31:21,2871,FAILED,,ERROR,20260621T123121.mp4,,,,,,,LOST
2026-06-21 12:01:23,2870,FAILED,,ERROR,20260621T120123.mp4,,,,,,,LOST
2026-06-21 11:31:25,2869,FAILED,,ERROR,20260621T113125.mp4,,,,,,,LOST
2026-06-21 11:01:26,2868,FAILED,,DONE,20260621T110126.mp4,,,,,,,LOST
2026-06-21 10:31:22,2867,FAILED,,DONE,20260621T103122.mp4,,,,,,,LOST
2026-06-21 10:01:24,2866,FAILED,,DONE,20260621T100124.mp4,,,,,,,LOST
2026-06-21 09:31:22,2865,FAILED,,DONE,20260621T093122.mp4,,,,,,,LOST
2026-06-21 09:01:23,2864,FAILED,,DONE,20260621T090123.mp4,,,,,,,LOST
2026-06-21 08:31:25,2863,FAILED,,DONE,20260621T083125.mp4,,,,,,,LOST
2026-06-21 08:01:23,2862,FAILED,,DONE,20260621T080123.mp4,,,,,,,LOST
2026-06-21 07:31:25,2861,FAILED,,DONE,20260621T073125.mp4,,,,,,,LOST
2026-06-21 07:01:22,2860,FAILED,,DONE,20260621T070122.mp4,,,,,,,LOST
2026-06-21 06:31:25,2859,FAILED,,DONE,20260621T063125.mp4,,,,,,,LOST
2026-06-21 06:01:25,2858,FAILED,,DONE,20260621T060125.mp4,,,,,,,LOST
2026-06-21 05:31:22,2857,FAILED,,DONE,20260621T053122.mp4,,,,,,,LOST
2026-06-21 05:01:25,2856,FAILED,,DONE,20260621T050125.mp4,,,,,,,LOST
2026-06-21 04:31:25,2855,FAILED,,DONE,20260621T043125.mp4,,,,,,,LOST
2026-06-21 04:01:22,2854,FAILED,,DONE,20260621T040122.mp4,,,,,,,LOST
2026-06-21 03:31:24,2853,FAILED,,DONE,20260621T033124.mp4,,,,,,,LOST
2026-06-21 03:01:22,2852,FAILED,,DONE,20260621T030122.mp4,,,,,,,LOST
2026-06-21 02:31:21,2851,FAILED,,DONE,20260621T023121.mp4,,,,,,,LOST
2026-06-21 02:01:22,2850,FAILED,,DONE,20260621T020122.mp4,,,,,,,LOST
2026-06-21 01:31:24,2849,FAILED,,DONE,20260621T013124.mp4,,,,,,,LOST
2026-06-21 01:01:25,2848,FAILED,,DONE,20260621T010125.mp4,,,,,,,LOST
2026-06-21 00:31:30,2847,FAILED,,DONE,20260621T003130.mp4,,,,,,,LOST
2026-06-21 00:01:24,2846,FAILED,,DONE,20260621T000124.mp4,,,,,,,LOST
2026-06-20 23:31:25,2845,FAILED,,DONE,20260620T233125.mp4,,,,,,,LOST
2026-06-20 23:01:24,2844,FAILED,,DONE,20260620T230124.mp4,,,,,,,LOST
2026-06-20 22:31:23,2843,FAILED,,ERROR,20260620T223123.mp4,,,,,,,LOST
2026-06-20 22:01:26,2842,FAILED,,ERROR,20260620T220126.mp4,,,,,,,LOST
2026-06-20 21:31:25,2841,FAILED,,ERROR,20260620T213125.mp4,,,,,,,LOST
2026-06-20 21:01:22,2840,FAILED,,ERROR,20260620T210122.mp4,,,,,,,LOST
2026-06-20 20:31:24,2839,FAILED,,ERROR,20260620T203124.mp4,,,,,,,LOST
2026-06-20 20:01:23,2838,FAILED,,ERROR,20260620T200123.mp4,,,,,,,LOST
2026-06-20 19:31:28,2837,FAILED,,ERROR,20260620T193128.mp4,,,,,,,LOST
2026-06-20 19:01:29,2836,FAILED,,ERROR,20260620T190129.mp4,,,,,,,LOST
2026-06-20 18:31:24,2835,FAILED,,ERROR,20260620T183124.mp4,,,,,,,LOST
2026-06-20 18:01:27,2834,FAILED,,ERROR,20260620T180127.mp4,,,,,,,LOST
2026-06-20 17:31:25,2833,FAILED,,ERROR,20260620T173125.mp4,,,,,,,LOST
2026-06-20 17:01:26,2832,FAILED,,ERROR,20260620T170126.mp4,,,,,,,LOST
2026-06-20 16:31:29,2831,FAILED,,ERROR,20260620T163129.mp4,,,,,,,LOST
2026-06-20 16:01:25,2830,FAILED,,ERROR,20260620T160125.mp4,,,,,,,LOST
2026-06-20 15:01:25,2828,FAILED,,ERROR,20260620T150125.mp4,,,,,,,LOST
2026-06-20 12:31:25,2823,FAILED,,ERROR,20260620T123125.mp4,,,,,,,LOST
2026-06-20 11:01:27,2820,FAILED,,DONE,20260620T110127.mp4,,,,,,,LOST
2026-06-20 10:01:24,2818,FAILED,,DONE,20260620T100124.mp4,,,,,,,LOST
2026-06-20 07:01:26,2812,FAILED,,DONE,20260620T070126.mp4,,,,,,,LOST
2026-06-20 06:01:24,2810,FAILED,,DONE,20260620T060124.mp4,,,,,,,LOST
2026-06-20 05:31:25,2809,FAILED,,DONE,20260620T053125.mp4,,,,,,,LOST
2026-06-20 03:31:27,2805,FAILED,,DONE,20260620T033127.mp4,,,,,,,LOST
2026-06-20 00:01:24,2798,FAILED,,ERROR,20260620T000124.mp4,,2356,4,10203349,,,ON-SERVER-local-gone
2026-06-19 19:01:25,2788,FAILED,,ERROR,20260619T190125.mp4,,,,,,,LOST
2026-06-19 18:31:27,2787,FAILED,,DONE,20260619T183127.mp4,,,,,,,LOST
2026-06-19 18:01:29,2786,FAILED,,ERROR,20260619T180129.mp4,,,,,,,LOST
2026-06-19 17:31:27,2785,FAILED,,DONE,20260619T173127.mp4,,,,,,,LOST
2026-06-19 17:01:25,2784,FAILED,,ERROR,20260619T170125.mp4,,,,,,,LOST
2026-06-19 15:01:25,2780,FAILED,,ERROR,20260619T150125.mp4,,,,,,,LOST
2026-06-19 14:31:26,2779,FAILED,,ERROR,20260619T143126.mp4,,,,,,,LOST
2026-06-19 14:01:26,2778,FAILED,,DONE,20260619T140126.mp4,,,,,,,LOST
2026-06-19 13:01:22,2776,FAILED,2343,ERROR,20260619T130122.mp4,,2343,4,9280546,,,ON-SERVER-local-gone
2026-06-19 11:01:24,2772,FAILED,,DONE,20260619T110124.mp4,,,,,,,LOST
2026-06-19 10:01:22,2770,FAILED,,DONE,20260619T100122.mp4,,,,,,,LOST
2026-06-19 09:31:26,2769,FAILED,,DONE,20260619T093126.mp4,,,,,,,LOST
2026-06-19 08:31:23,2767,FAILED,,DONE,20260619T083123.mp4,,,,,,,LOST
2026-06-19 07:31:26,2765,FAILED,,DONE,20260619T073126.mp4,,,,,,,LOST
2026-06-19 06:31:28,2763,FAILED,,DONE,20260619T063128.mp4,,,,,,,LOST
2026-06-19 05:31:25,2761,FAILED,,ERROR,20260619T053125.mp4,,2334,5,10270529,,,ON-SERVER-local-gone
2026-06-19 04:31:25,2759,FAILED,,ERROR,20260619T043125.mp4,,,,,,,LOST
2026-06-19 02:01:22,2754,FAILED,,ERROR,20260619T020122.mp4,,2328,5,9305073,,,ON-SERVER-local-gone
2026-06-19 01:01:25,2752,FAILED,,ERROR,20260619T010125.mp4,,,,,,,LOST
2026-06-19 00:31:23,2751,FAILED,,ERROR,20260619T003123.mp4,,,,,,,LOST
2026-06-18 21:01:23,2744,FAILED,,ERROR,20260618T210123.mp4,,2320,4,9368177,,,ON-SERVER-local-gone
2026-06-18 20:01:22,2742,FAILED,,ERROR,20260618T200122.mp4,,2318,4,9292224,,,ON-SERVER-local-gone
2026-06-18 19:01:25,2740,FAILED,,DONE,20260618T190125.mp4,,,,,,,LOST
2026-06-18 18:31:25,2739,FAILED,,DONE,20260618T183125.mp4,,,,,,,LOST
2026-06-18 18:01:23,2738,FAILED,,ERROR,20260618T180123.mp4,,,,,,,LOST
2026-06-18 17:31:25,2737,FAILED,,DONE,20260618T173125.mp4,,,,,,,LOST
2026-06-18 17:01:26,2736,FAILED,,ERROR,20260618T170126.mp4,,,,,,,LOST
2026-06-18 16:31:23,2735,FAILED,,ERROR,20260618T163123.mp4,,,,,,,LOST
2026-06-18 15:31:25,2733,FAILED,,DONE,20260618T153125.mp4,,,,,,,LOST
2026-06-18 15:01:22,2732,FAILED,,ERROR,20260618T150122.mp4,,,,,,,LOST
2026-06-18 14:01:27,2730,FAILED,,DONE,20260618T140127.mp4,,,,,,,LOST
2026-06-18 13:31:26,2729,FAILED,,DONE,20260618T133126.mp4,,,,,,,LOST
2026-06-18 12:31:23,2727,FAILED,,ERROR,20260618T123123.mp4,,2313,4,9272165,,,ON-SERVER-local-gone
2026-06-18 11:31:23,2725,FAILED,,ERROR,20260618T113123.mp4,,,,,,,LOST
2026-06-18 10:31:25,2723,FAILED,,DONE,20260618T103125.mp4,,,,,,,LOST
2026-06-18 10:01:26,2722,FAILED,,DONE,20260618T100126.mp4,,,,,,,LOST
2026-06-18 08:31:26,2719,FAILED,,DONE,20260618T083126.mp4,,,,,,,LOST
2026-06-18 06:01:28,2714,FAILED,,DONE,20260618T060128.mp4,,,,,,,LOST
2026-06-18 05:31:24,2713,FAILED,,DONE,20260618T053124.mp4,,,,,,,LOST
2026-06-18 04:31:25,2711,FAILED,,DONE,20260618T043125.mp4,,,,,,,LOST
2026-06-18 04:01:27,2710,FAILED,,DONE,20260618T040127.mp4,,,,,,,LOST
2026-06-18 03:31:27,2709,FAILED,,DONE,20260618T033127.mp4,,,,,,,LOST
2026-06-18 03:01:29,2708,FAILED,,DONE,20260618T030129.mp4,,,,,,,LOST
2026-06-18 02:31:25,2707,FAILED,,DONE,20260618T023125.mp4,,,,,,,LOST
2026-06-18 01:31:25,2705,FAILED,,ERROR,20260618T013125.mp4,,2302,4,10136067,,,ON-SERVER-local-gone
2026-06-17 22:01:25,2698,FAILED,,ERROR,20260617T220125.mp4,,2295,4,9515898,,,ON-SERVER-local-gone
2026-06-17 19:31:27,2693,FAILED,,DONE,20260617T193127.mp4,,,,,,,LOST
2026-06-17 19:01:28,2692,FAILED,,ERROR,20260617T190128.mp4,,,,,,,LOST
2026-06-17 18:31:27,2691,FAILED,,DONE,20260617T183127.mp4,,,,,,,LOST
2026-06-17 18:01:25,2690,FAILED,,DONE,20260617T180125.mp4,,,,,,,LOST
2026-06-17 17:31:22,2689,FAILED,,DONE,20260617T173122.mp4,,,,,,,LOST
2026-06-17 17:01:28,2688,FAILED,,DONE,20260617T170128.mp4,,,,,,,LOST
2026-06-17 16:31:22,2687,FAILED,,DONE,20260617T163122.mp4,,,,,,,LOST
2026-06-17 16:01:28,2686,FAILED,,DONE,20260617T160128.mp4,,,,,,,LOST
2026-06-17 15:31:25,2685,FAILED,,DONE,20260617T153125.mp4,,,,,,,LOST
2026-06-17 15:01:23,2684,FAILED,,ERROR,20260617T150123.mp4,,,,,,,LOST
2026-06-17 14:31:27,2683,FAILED,,DONE,20260617T143127.mp4,,,,,,,LOST
2026-06-17 10:31:22,2675,FAILED,,DONE,20260617T103122.mp4,,,,,,,LOST
2026-06-17 07:01:26,2668,FAILED,,DONE,20260617T070126.mp4,,,,,,,LOST
2026-06-17 06:01:25,2666,FAILED,,DONE,20260617T060125.mp4,,,,,,,LOST
2026-06-17 04:01:22,2662,FAILED,,DONE,20260617T040122.mp4,,,,,,,LOST
2026-06-17 02:01:23,2658,FAILED,,DONE,20260617T020123.mp4,,,,,,,LOST
2026-06-17 01:01:25,2656,FAILED,,ERROR,20260617T010125.mp4,,,,,,,LOST
2026-06-16 18:31:25,2643,FAILED,,ERROR,20260616T183125.mp4,,2257,4,10010428,,,ON-SERVER-local-gone
2026-06-16 17:31:25,2641,FAILED,,ERROR,20260616T173125.mp4,,,,,,,LOST
2026-06-16 17:01:25,2640,FAILED,,ERROR,20260616T170125.mp4,,,,,,,LOST
2026-06-16 16:31:27,2639,FAILED,,ERROR,20260616T163127.mp4,,,,,,,LOST
2026-06-16 14:31:26,2635,FAILED,,ERROR,20260616T143126.mp4,,,,,,,LOST
2026-06-16 13:31:22,2633,FAILED,,ERROR,20260616T133122.mp4,,,,,,,LOST
2026-06-16 13:01:27,2632,FAILED,,ERROR,20260616T130127.mp4,,,,,,,LOST
2026-06-16 11:31:28,2629,FAILED,,ERROR,20260616T113128.mp4,,,,,,,LOST
2026-06-16 11:01:28,2628,FAILED,,DONE,20260616T110128.mp4,,,,,,,LOST
2026-06-16 10:31:25,2627,FAILED,,DONE,20260616T103125.mp4,,,,,,,LOST
2026-06-16 09:01:26,2624,FAILED,,DONE,20260616T090126.mp4,,,,,,,LOST
2026-06-16 07:31:25,2621,FAILED,,DONE,20260616T073125.mp4,,,,,,,LOST
2026-06-16 07:01:25,2620,FAILED,,DONE,20260616T070125.mp4,,,,,,,LOST
2026-06-16 06:31:22,2619,FAILED,,DONE,20260616T063122.mp4,,,,,,,LOST
2026-06-16 06:01:23,2618,FAILED,,DONE,20260616T060123.mp4,,,,,,,LOST
2026-06-16 02:01:23,2610,FAILED,,DONE,20260616T020123.mp4,,,,,,,LOST
2026-06-16 00:31:22,2607,FAILED,2236,DONE,20260616T003122.mp4,,2236,4,9899335,,,ON-SERVER-local-gone
2026-06-15 20:01:25,2598,FAILED,,DONE,20260615T200125.mp4,,,,,,,LOST
2026-06-15 19:01:27,2596,FAILED,,DONE,20260615T190127.mp4,,,,,,,LOST
2026-06-15 18:31:25,2595,FAILED,,DONE,20260615T183125.mp4,,,,,,,LOST
2026-06-15 18:01:25,2594,FAILED,,DONE,20260615T180125.mp4,,,,,,,LOST
2026-06-15 17:31:28,2593,FAILED,,DONE,20260615T173128.mp4,,,,,,,LOST
2026-06-15 16:31:28,2591,FAILED,,DONE,20260615T163128.mp4,,,,,,,LOST
2026-06-15 15:01:26,2588,FAILED,,ERROR,20260615T150126.mp4,,,,,,,LOST
2026-06-15 11:01:25,2580,FAILED,,ERROR,20260615T110125.mp4,,2216,4,9434755,,,ON-SERVER-local-gone
2026-06-15 03:01:25,2564,FAILED,,DONE,20260615T030125.mp4,,,,,,,LOST
2026-06-14 21:31:26,2553,FAILED,,ERROR,20260614T213126.mp4,,,,,,,LOST
2026-06-14 19:31:25,2549,FAILED,,ERROR,20260614T193125.mp4,,,,,,,LOST
2026-06-14 18:31:22,2547,FAILED,,ERROR,20260614T183122.mp4,,,,,,,LOST
2026-06-14 18:01:29,2546,FAILED,,ERROR,20260614T180129.mp4,,,,,,,LOST
2026-06-14 17:31:26,2545,FAILED,,ERROR,20260614T173126.mp4,,,,,,,LOST
2026-06-14 17:01:27,2544,FAILED,,ERROR,20260614T170127.mp4,,,,,,,LOST
2026-06-14 16:01:23,2542,FAILED,,ERROR,20260614T160123.mp4,,,,,,,LOST
2026-06-14 15:01:25,2540,FAILED,,ERROR,20260614T150125.mp4,,,,,,,LOST
2026-06-14 14:01:27,2538,FAILED,,ERROR,20260614T140127.mp4,,,,,,,LOST
2026-06-14 13:31:25,2537,FAILED,,ERROR,20260614T133125.mp4,,,,,,,LOST
2026-06-14 11:01:25,2532,FAILED,,DONE,20260614T110125.mp4,,,,,,,LOST
2026-06-14 09:01:26,2528,FAILED,,DONE,20260614T090126.mp4,,,,,,,LOST
2026-06-14 08:31:25,2527,FAILED,,DONE,20260614T083125.mp4,,,,,,,LOST
2026-06-14 08:01:26,2526,FAILED,,DONE,20260614T080126.mp4,,,,,,,LOST
2026-06-14 06:31:29,2523,FAILED,,DONE,20260614T063129.mp4,,,,,,,LOST
2026-06-14 05:31:23,2521,FAILED,,DONE,20260614T053123.mp4,,,,,,,LOST
2026-06-14 05:01:26,2520,FAILED,,DONE,20260614T050126.mp4,,,,,,,LOST
2026-06-14 01:31:25,2513,FAILED,,DONE,20260614T013125.mp4,,,,,,,LOST
2026-06-13 22:31:23,2507,FAILED,,ERROR,20260613T223123.mp4,,,,,,,LOST
2026-06-13 19:31:28,2501,FAILED,,ERROR,20260613T193128.mp4,,,,,,,LOST
2026-06-13 18:31:26,2499,FAILED,,ERROR,20260613T183126.mp4,,,,,,,LOST
2026-06-13 17:01:24,2496,FAILED,,ERROR,20260613T170124.mp4,,,,,,,LOST
2026-06-13 16:31:29,2495,FAILED,,ERROR,20260613T163129.mp4,,,,,,,LOST
2026-06-13 14:31:25,2491,FAILED,,ERROR,20260613T143125.mp4,,,,,,,LOST
2026-06-13 14:01:25,2490,FAILED,,ERROR,20260613T140125.mp4,,,,,,,LOST
2026-06-13 12:01:26,2486,FAILED,,ERROR,20260613T120126.mp4,,,,,,,LOST
2026-06-13 11:01:24,2484,FAILED,,DONE,20260613T110124.mp4,,,,,,,LOST
2026-06-13 09:31:25,2481,FAILED,,DONE,20260613T093125.mp4,,,,,,,LOST
2026-06-13 09:01:27,2480,FAILED,,DONE,20260613T090127.mp4,,,,,,,LOST
2026-06-13 08:31:28,2479,FAILED,,DONE,20260613T083128.mp4,,,,,,,LOST
2026-06-13 07:31:26,2477,FAILED,,DONE,20260613T073126.mp4,,,,,,,LOST
2026-06-13 06:01:27,2474,FAILED,,DONE,20260613T060127.mp4,,,,,,,LOST
2026-06-13 05:31:26,2473,FAILED,,DONE,20260613T053126.mp4,,,,,,,LOST
2026-06-13 04:31:26,2471,FAILED,,DONE,20260613T043126.mp4,,,,,,,LOST
2026-06-13 03:31:25,2469,FAILED,,DONE,20260613T033125.mp4,,,,,,,LOST
2026-06-13 00:01:23,2462,FAILED,,DONE,20260613T000123.mp4,,,,,,,LOST
2026-06-12 23:01:26,2460,FAILED,,DONE,20260612T230126.mp4,,,,,,,LOST
2026-06-12 17:31:26,2449,FAILED,,ERROR,20260612T173126.mp4,,,,,,,LOST
2026-06-12 16:31:28,2447,FAILED,,ERROR,20260612T163128.mp4,,,,,,,LOST
2026-06-12 15:31:25,2445,FAILED,,ERROR,20260612T153125.mp4,,,,,,,LOST
2026-06-12 14:01:27,2442,FAILED,,ERROR,20260612T140127.mp4,,,,,,,LOST
2026-06-12 11:01:25,2436,FAILED,,DONE,20260612T110125.mp4,,,,,,,LOST
2026-06-12 09:31:26,2433,FAILED,,DONE,20260612T093126.mp4,,,,,,,LOST
2026-06-12 01:01:22,2416,FAILED,,ERROR,20260612T010122.mp4,,2096,5,10075937,,,ON-SERVER-local-gone
2026-06-12 00:01:27,2414,FAILED,,DONE,20260612T000127.mp4,,,,,,,LOST
2026-06-11 20:01:25,2406,FAILED,,ERROR,20260611T200125.mp4,,,,,,,LOST
2026-06-11 17:01:26,2400,FAILED,,ERROR,20260611T170126.mp4,,,,,,,LOST
2026-06-11 16:31:23,2399,FAILED,,ERROR,20260611T163123.mp4,,,,,,,LOST
2026-06-11 16:01:25,2398,FAILED,,ERROR,20260611T160125.mp4,,,,,,,LOST
2026-06-11 15:31:27,2397,FAILED,,ERROR,20260611T153127.mp4,,,,,,,LOST
2026-06-11 15:01:24,2396,FAILED,,ERROR,20260611T150124.mp4,,,,,,,LOST
2026-06-11 14:31:27,2395,FAILED,,ERROR,20260611T143127.mp4,,,,,,,LOST
2026-06-11 11:31:22,2389,FAILED,,ERROR,20260611T113122.mp4,,2077,4,9284472,,,ON-SERVER-local-gone
2026-06-11 10:01:23,2386,FAILED,,DONE,20260611T100123.mp4,,,,,,,LOST
2026-06-11 09:31:26,2385,FAILED,,DONE,20260611T093126.mp4,,,,,,,LOST
2026-06-11 09:01:22,2384,FAILED,,DONE,20260611T090122.mp4,,,,,,,LOST
2026-06-11 05:01:25,2376,FAILED,,ERROR,20260611T050125.mp4,,2067,4,10271156,,,ON-SERVER-local-gone
2026-06-11 03:01:25,2372,FAILED,,DONE,20260611T030125.mp4,,,,,,,LOST
2026-06-11 02:31:23,2371,FAILED,,ERROR,20260611T023123.mp4,,2063,5,9309147,,,ON-SERVER-local-gone
2026-06-11 01:01:25,2368,FAILED,,ERROR,20260611T010125.mp4,,2060,5,9312047,,,ON-SERVER-local-gone
2026-06-10 16:01:26,2350,FAILED,2042,ERROR,20260610T160126.mp4,,2042,4,9729504,,,ON-SERVER-local-gone
2026-06-10 15:01:27,2348,FAILED,,ERROR,20260610T150127.mp4,,,,,,,LOST
2026-06-10 14:31:23,2347,FAILED,,ERROR,20260610T143123.mp4,,,,,,,LOST
2026-06-10 09:31:26,2337,FAILED,,DONE,20260610T093126.mp4,,,,,,,LOST
2026-06-10 08:31:25,2335,FAILED,,DONE,20260610T083125.mp4,,,,,,,LOST
2026-06-10 08:01:26,2334,FAILED,,DONE,20260610T080126.mp4,,,,,,,LOST
2026-06-10 07:31:25,2333,FAILED,,DONE,20260610T073125.mp4,,,,,,,LOST
2026-06-10 06:31:24,2331,FAILED,,DONE,20260610T063124.mp4,,,,,,,LOST
2026-06-10 03:31:25,2325,FAILED,,DONE,20260610T033125.mp4,,,,,,,LOST
2026-06-10 01:01:23,2320,FAILED,,DONE,20260610T010123.mp4,,,,,,,LOST
2026-06-09 19:01:26,2308,FAILED,,ERROR,20260609T190126.mp4,,,,,,,LOST
2026-06-09 18:01:22,2306,FAILED,,ERROR,20260609T180122.mp4,,,,,,,LOST
2026-06-09 17:31:27,2305,FAILED,,ERROR,20260609T173127.mp4,,,,,,,LOST
2026-06-09 16:31:28,2303,FAILED,,ERROR,20260609T163128.mp4,,,,,,,LOST
2026-06-09 15:01:22,2300,FAILED,,ERROR,20260609T150122.mp4,,,,,,,LOST
2026-06-09 14:01:22,2298,FAILED,,ERROR,20260609T140122.mp4,,,,,,,LOST
2026-06-09 12:31:26,2295,FAILED,,ERROR,20260609T123126.mp4,,,,,,,LOST
2026-06-09 11:31:26,2293,FAILED,,ERROR,20260609T113126.mp4,,,,,,,LOST
2026-06-09 07:31:25,2285,FAILED,,DONE,20260609T073125.mp4,,,,,,,LOST
2026-06-09 07:01:25,2284,FAILED,,DONE,20260609T070125.mp4,,,,,,,LOST
2026-06-09 04:31:25,2279,FAILED,,DONE,20260609T043125.mp4,,,,,,,LOST
2026-06-09 03:31:23,2277,FAILED,,DONE,20260609T033123.mp4,,,,,,,LOST
2026-06-09 02:01:26,2274,FAILED,,ERROR,20260609T020126.mp4,,,,,,,LOST
2026-06-08 19:31:26,2261,FAILED,,ERROR,20260608T193126.mp4,,,,,,,LOST
2026-06-08 19:01:26,2260,FAILED,,ERROR,20260608T190126.mp4,,,,,,,LOST
2026-06-08 18:31:27,2259,FAILED,,ERROR,20260608T183127.mp4,,,,,,,LOST
2026-06-08 18:01:25,2258,FAILED,,ERROR,20260608T180125.mp4,,,,,,,LOST
2026-06-08 17:31:26,2257,FAILED,,ERROR,20260608T173126.mp4,,,,,,,LOST
2026-06-08 17:01:26,2256,FAILED,,ERROR,20260608T170126.mp4,,,,,,,LOST
2026-06-08 15:31:24,2253,FAILED,,ERROR,20260608T153124.mp4,,,,,,,LOST
2026-06-08 14:31:25,2251,FAILED,,ERROR,20260608T143125.mp4,,,,,,,LOST
2026-06-08 12:01:27,2246,FAILED,,ERROR,20260608T120127.mp4,,,,,,,LOST
2026-06-08 11:31:25,2245,FAILED,,ERROR,20260608T113125.mp4,,,,,,,LOST
2026-06-08 11:01:25,2244,FAILED,,DONE,20260608T110125.mp4,,,,,,,LOST
2026-06-08 08:31:24,2239,FAILED,,DONE,20260608T083124.mp4,,,,,,,LOST
2026-06-08 07:01:27,2236,FAILED,,DONE,20260608T070127.mp4,,,,,,,LOST
2026-06-08 05:31:27,2233,FAILED,,DONE,20260608T053127.mp4,,,,,,,LOST
2026-06-08 05:01:27,2232,FAILED,,DONE,20260608T050127.mp4,,,,,,,LOST
2026-06-08 04:31:27,2231,FAILED,,DONE,20260608T043127.mp4,,,,,,,LOST
2026-06-08 03:01:26,2228,FAILED,,DONE,20260608T030126.mp4,,,,,,,LOST
2026-06-08 01:01:24,2224,FAILED,,ERROR,20260608T010124.mp4,,1955,4,9429028,,,ON-SERVER-local-gone
2026-06-07 18:31:24,2211,FAILED,,ERROR,20260607T183124.mp4,,,,,,,LOST
2026-06-07 17:31:24,2209,FAILED,,ERROR,20260607T173124.mp4,,,,,,,LOST
2026-06-07 17:01:24,2208,FAILED,,ERROR,20260607T170124.mp4,,,,,,,LOST
2026-06-07 16:31:22,2207,FAILED,,ERROR,20260607T163122.mp4,,,,,,,LOST
2026-06-07 16:01:23,2206,FAILED,,ERROR,20260607T160123.mp4,,,,,,,LOST
2026-06-07 14:31:23,2203,FAILED,,ERROR,20260607T143123.mp4,,,,,,,LOST
2026-06-07 13:31:25,2201,FAILED,,ERROR,20260607T133125.mp4,,,,,,,LOST
2026-06-07 11:31:22,2197,FAILED,,ERROR,20260607T113122.mp4,,1935,4,9347985,,,ON-SERVER-local-gone
2026-06-07 09:01:21,2192,FAILED,,DONE,20260607T090121.mp4,,,,,,,LOST
2026-06-07 07:31:22,2189,FAILED,,DONE,20260607T073122.mp4,,,,,,,LOST
2026-06-07 07:01:24,2188,FAILED,,DONE,20260607T070124.mp4,,,,,,,LOST
2026-06-07 06:31:24,2187,FAILED,,DONE,20260607T063124.mp4,,,,,,,LOST
2026-06-07 06:01:25,2186,FAILED,,DONE,20260607T060125.mp4,,,,,,,LOST
2026-06-07 05:31:22,2185,FAILED,,DONE,20260607T053122.mp4,,,,,,,LOST
2026-06-07 00:31:24,2175,FAILED,,DONE,20260607T003124.mp4,,,,,,,LOST
2026-06-06 19:01:25,2164,FAILED,,ERROR,20260606T190125.mp4,,,,,,,LOST
2026-06-06 18:31:22,2163,FAILED,,ERROR,20260606T183122.mp4,,,,,,,LOST
2026-06-06 18:01:25,2162,FAILED,,ERROR,20260606T180125.mp4,,,,,,,LOST
2026-06-06 17:01:25,2160,FAILED,,ERROR,20260606T170125.mp4,,,,,,,LOST
2026-06-06 16:31:25,2159,FAILED,,ERROR,20260606T163125.mp4,,,,,,,LOST
2026-06-06 16:01:26,2158,FAILED,,ERROR,20260606T160126.mp4,,,,,,,LOST
2026-06-06 14:01:25,2154,FAILED,,ERROR,20260606T140125.mp4,,,,,,,LOST
2026-06-06 13:31:24,2153,FAILED,,ERROR,20260606T133124.mp4,,,,,,,LOST
2026-06-06 12:01:29,2150,FAILED,,ERROR,20260606T120129.mp4,,,,,,,LOST
2026-06-06 11:31:25,2149,FAILED,,ERROR,20260606T113125.mp4,,,,,,,LOST
2026-06-06 09:01:24,2144,FAILED,,DONE,20260606T090124.mp4,,,,,,,LOST
2026-06-06 08:31:25,2143,FAILED,,DONE,20260606T083125.mp4,,,,,,,LOST
2026-06-06 07:01:27,2140,FAILED,,DONE,20260606T070127.mp4,,,,,,,LOST
2026-06-06 06:31:24,2139,FAILED,,DONE,20260606T063124.mp4,,,,,,,LOST
2026-06-06 05:31:25,2137,FAILED,,DONE,20260606T053125.mp4,,,,,,,LOST
2026-06-05 18:01:25,2114,FAILED,,ERROR,20260605T180125.mp4,,,,,,,LOST
2026-06-05 17:31:25,2113,FAILED,,ERROR,20260605T173125.mp4,,,,,,,LOST
2026-06-05 17:01:27,2112,FAILED,,ERROR,20260605T170127.mp4,,,,,,,LOST
2026-06-05 16:31:25,2111,FAILED,,ERROR,20260605T163125.mp4,,,,,,,LOST
2026-06-05 15:31:26,2109,FAILED,,ERROR,20260605T153126.mp4,,,,,,,LOST
2026-06-05 15:01:25,2108,FAILED,,ERROR,20260605T150125.mp4,,,,,,,LOST
2026-06-05 13:31:27,2105,FAILED,,ERROR,20260605T133127.mp4,,,,,,,LOST
2026-06-05 11:31:25,2101,FAILED,,ERROR,20260605T113125.mp4,,,,,,,LOST
2026-06-05 08:01:27,2094,FAILED,,DONE,20260605T080127.mp4,,,,,,,LOST
2026-06-05 02:01:25,2082,FAILED,,DONE,20260605T020125.mp4,,,,,,,LOST
2026-06-04 22:31:21,2075,FAILED,,ERROR,20260604T223121.mp4,,1845,4,9733323,,,ON-SERVER-local-gone
2026-06-04 21:01:23,2072,FAILED,,ERROR,20260604T210123.mp4,,1842,4,9321638,,,ON-SERVER-local-gone
2026-06-04 20:01:22,2070,FAILED,,ERROR,20260604T200122.mp4,,1840,4,9271128,,,ON-SERVER-local-gone
2026-06-04 19:01:24,2068,FAILED,,ERROR,20260604T190124.mp4,,,,,,,LOST
2026-06-04 17:31:24,2065,FAILED,,DONE,20260604T173124.mp4,,,,,,,LOST
2026-06-04 15:31:24,2061,FAILED,,DONE,20260604T153124.mp4,,,,,,,LOST
2026-06-04 14:31:24,2059,FAILED,,DONE,20260604T143124.mp4,,,,,,,LOST
2026-06-04 12:31:22,2055,FAILED,,ERROR,20260604T123122.mp4,,1829,4,9280423,,,ON-SERVER-local-gone
2026-06-04 10:31:25,2051,FAILED,,DONE,20260604T103125.mp4,,,,,,,LOST
2026-06-04 09:01:27,2048,FAILED,,DONE,20260604T090127.mp4,,,,,,,LOST
2026-06-04 06:31:25,2043,FAILED,,DONE,20260604T063125.mp4,,,,,,,LOST
2026-06-04 05:01:26,2040,FAILED,,DONE,20260604T050126.mp4,,,,,,,LOST
2026-06-04 04:01:26,2038,FAILED,,DONE,20260604T040126.mp4,,,,,,,LOST
2026-06-04 03:31:24,2037,FAILED,,DONE,20260604T033124.mp4,,,,,,,LOST
2026-06-03 21:31:23,2025,FAILED,,ERROR,20260603T213123.mp4,,1805,4,9292955,,,ON-SERVER-local-gone
2026-06-03 19:31:23,2021,FAILED,,ERROR,20260603T193123.mp4,,1801,4,9283272,,,ON-SERVER-local-gone
2026-06-03 18:31:26,2019,FAILED,,DONE,20260603T183126.mp4,,,,,,,LOST
2026-06-03 18:01:24,2018,FAILED,,DONE,20260603T180124.mp4,,,,,,,LOST
2026-06-03 17:31:24,2017,FAILED,,ERROR,20260603T173124.mp4,,,,,,,LOST
2026-06-03 17:01:26,2016,FAILED,,DONE,20260603T170126.mp4,,,,,,,LOST
2026-06-03 13:31:26,2009,FAILED,,DONE,20260603T133126.mp4,,,,,,,LOST
2026-06-03 12:01:27,2006,FAILED,,DONE,20260603T120127.mp4,,,,,,,LOST
2026-06-03 09:31:24,2001,FAILED,,DONE,20260603T093124.mp4,,,,,,,LOST
2026-06-03 08:01:28,1998,FAILED,,DONE,20260603T080128.mp4,,,,,,,LOST
2026-06-03 07:01:24,1996,FAILED,,DONE,20260603T070124.mp4,,,,,,,LOST
2026-06-03 03:31:24,1989,FAILED,,DONE,20260603T033124.mp4,,,,,,,LOST
2026-06-03 03:01:26,1988,FAILED,,DONE,20260603T030126.mp4,,,,,,,LOST
2026-06-03 00:01:25,1982,FAILED,1773,DONE,20260603T000125.mp4,,1773,4,9315985,,,ON-SERVER-local-gone
2026-06-02 22:31:23,1979,FAILED,,ERROR,20260602T223123.mp4,,1770,4,9362771,,,ON-SERVER-local-gone
2026-06-02 19:01:24,1972,FAILED,,ERROR,20260602T190124.mp4,,,,,,,LOST
2026-06-02 18:01:27,1970,FAILED,,ERROR,20260602T180127.mp4,,,,,,,LOST
2026-06-02 17:31:24,1969,FAILED,,DONE,20260602T173124.mp4,,,,,,,LOST
2026-06-02 16:31:23,1967,FAILED,,ERROR,20260602T163123.mp4,,,,,,,LOST
2026-06-02 16:01:24,1966,FAILED,,DONE,20260602T160124.mp4,,,,,,,LOST
2026-06-02 15:31:27,1965,FAILED,,ERROR,20260602T153127.mp4,,,,,,,LOST
2026-06-02 12:31:24,1959,FAILED,,DONE,20260602T123124.mp4,,,,,,,LOST
2026-06-02 11:31:23,1957,FAILED,,ERROR,20260602T113123.mp4,,1755,4,9302453,,,ON-SERVER-local-gone
2026-06-02 09:31:25,1953,FAILED,,DONE,20260602T093125.mp4,,,,,,,LOST
2026-06-02 09:01:24,1952,FAILED,,DONE,20260602T090124.mp4,,,,,,,LOST
2026-06-02 05:31:25,1945,FAILED,,DONE,20260602T053125.mp4,,,,,,,LOST
2026-06-02 00:31:24,1935,FAILED,,DONE,20260602T003124.mp4,,,,,,,LOST
2026-06-01 18:01:23,1922,FAILED,,DONE,20260601T180123.mp4,,,,,,,LOST
2026-06-01 17:31:24,1921,FAILED,,ERROR,20260601T173124.mp4,,,,,,,LOST
2026-06-01 17:01:26,1920,FAILED,,DONE,20260601T170126.mp4,,,,,,,LOST
2026-06-01 16:31:25,1919,FAILED,,ERROR,20260601T163125.mp4,,,,,,,LOST
2026-06-01 16:01:24,1918,FAILED,,ERROR,20260601T160124.mp4,,,,,,,LOST
2026-06-01 15:31:23,1917,FAILED,,ERROR,20260601T153123.mp4,,,,,,,LOST
2026-06-01 15:01:24,1916,FAILED,,ERROR,20260601T150124.mp4,,,,,,,LOST
2026-06-01 14:31:24,1915,FAILED,,ERROR,20260601T143124.mp4,,,,,,,LOST
2026-06-01 13:31:24,1913,FAILED,,ERROR,20260601T133124.mp4,,,,,,,LOST
2026-06-01 11:01:24,1908,FAILED,,ERROR,20260601T110124.mp4,,,,,,,LOST
2026-06-01 10:01:24,1906,FAILED,,DONE,20260601T100124.mp4,,,,,,,LOST
2026-06-01 05:01:24,1896,FAILED,,DONE,20260601T050124.mp4,,,,,,,LOST
2026-06-01 03:01:24,1892,FAILED,,DONE,20260601T030124.mp4,,,,,,,LOST
2026-05-31 23:31:24,1885,FAILED,,DONE,20260531T233124.mp4,,,,,,,LOST
2026-05-31 19:31:24,1877,FAILED,,ERROR,20260531T193124.mp4,,,,,,,LOST
2026-05-31 19:01:24,1876,FAILED,,ERROR,20260531T190124.mp4,,,,,,,LOST
2026-05-31 18:31:26,1875,FAILED,,ERROR,20260531T183126.mp4,,,,,,,LOST
2026-05-31 18:01:24,1874,FAILED,,ERROR,20260531T180124.mp4,,,,,,,LOST
2026-05-31 17:31:26,1873,FAILED,,ERROR,20260531T173126.mp4,,,,,,,LOST
2026-05-31 16:01:24,1870,FAILED,,ERROR,20260531T160124.mp4,,,,,,,LOST
2026-05-31 15:31:24,1869,FAILED,,ERROR,20260531T153124.mp4,,,,,,,LOST
2026-05-31 12:31:27,1863,FAILED,,ERROR,20260531T123127.mp4,,,,,,,LOST
2026-05-31 12:01:26,1862,FAILED,,ERROR,20260531T120126.mp4,,,,,,,LOST
2026-05-31 11:31:24,1861,FAILED,,ERROR,20260531T113124.mp4,,1686,4,9332508,,,ON-SERVER-local-gone
2026-05-31 10:31:24,1859,FAILED,,DONE,20260531T103124.mp4,,,,,,,LOST
2026-05-31 05:01:24,1848,FAILED,,DONE,20260531T050124.mp4,,,,,,,LOST
2026-05-31 04:31:23,1847,FAILED,,DONE,20260531T043123.mp4,,,,,,,LOST
2026-05-31 03:31:26,1845,FAILED,,DONE,20260531T033126.mp4,,,,,,,LOST
2026-05-30 20:01:24,1830,FAILED,,ERROR,20260530T200124.mp4,,,,,,,LOST
2026-05-30 18:01:24,1826,FAILED,,ERROR,20260530T180124.mp4,,,,,,,LOST
2026-05-30 17:01:24,1824,FAILED,,ERROR,20260530T170124.mp4,,,,,,,LOST
2026-05-30 16:31:24,1823,FAILED,,ERROR,20260530T163124.mp4,,,,,,,LOST
2026-05-30 15:01:24,1820,FAILED,,ERROR,20260530T150124.mp4,,,,,,,LOST
2026-05-30 14:31:24,1819,FAILED,,ERROR,20260530T143124.mp4,,,,,,,LOST
2026-05-30 12:31:24,1815,FAILED,,ERROR,20260530T123124.mp4,,,,,,,LOST
2026-05-30 12:01:24,1814,FAILED,,ERROR,20260530T120124.mp4,,,,,,,LOST
2026-05-30 11:31:24,1813,FAILED,,ERROR,20260530T113124.mp4,,1650,4,9484036,,,ON-SERVER-local-gone
2026-05-30 06:31:24,1803,FAILED,,DONE,20260530T063124.mp4,,,,,,,LOST
2026-05-30 03:31:26,1797,FAILED,,DONE,20260530T033126.mp4,,,,,,,LOST
2026-05-29 21:31:26,1785,FAILED,,ERROR,20260529T213126.mp4,,,,,,,LOST
2026-05-29 19:01:24,1780,FAILED,,ERROR,20260529T190124.mp4,,,,,,,LOST
2026-05-29 17:31:26,1777,FAILED,,ERROR,20260529T173126.mp4,,,,,,,LOST
2026-05-29 16:31:24,1775,FAILED,,ERROR,20260529T163124.mp4,,,,,,,LOST
2026-05-29 15:01:24,1772,FAILED,,ERROR,20260529T150124.mp4,,,,,,,LOST
2026-05-29 14:31:24,1771,FAILED,,ERROR,20260529T143124.mp4,,,,,,,LOST
2026-05-29 14:01:24,1770,FAILED,,ERROR,20260529T140124.mp4,,,,,,,LOST
2026-05-29 13:31:26,1769,FAILED,,ERROR,20260529T133126.mp4,,,,,,,LOST
2026-05-29 12:31:24,1767,FAILED,,ERROR,20260529T123124.mp4,,,,,,,LOST
2026-05-29 11:01:25,1764,FAILED,,DONE,20260529T110125.mp4,,,,,,,LOST
2026-05-29 08:01:24,1758,FAILED,,DONE,20260529T080124.mp4,,,,,,,LOST
2026-05-29 04:31:25,1751,FAILED,,DONE,20260529T043125.mp4,,,,,,,LOST
2026-05-29 03:31:25,1749,FAILED,,DONE,20260529T033125.mp4,,,,,,,LOST
2026-05-29 00:01:24,1742,FAILED,,ERROR,20260529T000124.mp4,,1594,5,9309025,,,ON-SERVER-local-gone
2026-05-28 13:31:25,1721,FAILED,,ERROR,20260528T133125.mp4,,,,,,,LOST
2026-05-28 13:01:26,1720,FAILED,,ERROR,20260528T130126.mp4,,,,,,,LOST
2026-05-28 12:31:26,1719,FAILED,,ERROR,20260528T123126.mp4,,,,,,,LOST
2026-05-28 10:31:24,1715,FAILED,,DONE,20260528T103124.mp4,,,,,,,LOST
2026-05-28 08:31:24,1711,FAILED,1567,DONE,20260528T083124.mp4,,1567,4,9434348,,,ON-SERVER-local-gone
2026-05-28 04:01:24,1702,FAILED,,DONE,20260528T040124.mp4,,,,,,,LOST
2026-05-28 03:31:26,1701,FAILED,,DONE,20260528T033126.mp4,,,,,,,LOST
2026-05-28 01:01:24,1696,FAILED,,DONE,20260528T010124.mp4,,,,,,,LOST
2026-05-27 19:01:26,1684,FAILED,,DONE,20260527T190126.mp4,,,,,,,LOST
2026-05-27 17:01:26,1680,FAILED,,DONE,20260527T170126.mp4,,,,,,,LOST
2026-05-27 12:31:24,1671,FAILED,,DONE,20260527T123124.mp4,,,,,,,LOST
2026-05-27 12:01:24,1670,FAILED,,DONE,20260527T120124.mp4,,,,,,,LOST
2026-05-27 11:31:25,1669,FAILED,,ERROR,20260527T113125.mp4,,,,,,,LOST
2026-05-27 10:31:23,1667,FAILED,,DONE,20260527T103123.mp4,,,,,,,LOST
2026-05-27 07:01:23,1660,FAILED,1525,DONE,20260527T070123.mp4,,1525,4,9341097,,,ON-SERVER-local-gone
2026-05-27 04:31:25,1655,FAILED,,DONE,20260527T043125.mp4,,,,,,,LOST
2026-05-27 03:31:25,1653,FAILED,,DONE,20260527T033125.mp4,,,,,,,LOST
2026-05-27 00:31:24,1647,FAILED,,ERROR,20260527T003124.mp4,,1514,4,10168539,,,ON-SERVER-local-gone
2026-05-26 23:01:25,1644,FAILED,,DONE,20260526T230125.mp4,,,,,,,LOST
2026-05-26 21:01:24,1640,FAILED,,ERROR,20260526T210124.mp4,,1508,4,9605776,,,ON-SERVER-local-gone
2026-05-26 13:31:24,1625,FAILED,,DONE,20260526T133124.mp4,,,,,,,LOST
2026-05-26 13:01:24,1624,FAILED,,DONE,20260526T130124.mp4,,,,,,,LOST
2026-05-26 12:01:24,1622,FAILED,,DONE,20260526T120124.mp4,,,,,,,LOST
2026-05-26 10:01:26,1618,FAILED,,DONE,20260526T100126.mp4,,,,,,,LOST
2026-05-26 05:31:23,1609,FAILED,,DONE,20260526T053123.mp4,,,,,,,LOST
2026-05-26 04:31:26,1607,FAILED,,DONE,20260526T043126.mp4,,,,,,,LOST
2026-05-26 04:01:26,1606,FAILED,1480,DONE,20260526T040126.mp4,,1480,4,9316935,,,ON-SERVER-local-gone
2026-05-26 03:31:23,1605,FAILED,,DONE,20260526T033123.mp4,,,,,,,LOST
2026-05-26 03:01:24,1604,FAILED,,ERROR,20260526T030124.mp4,,,,,,,LOST
2026-05-26 02:31:26,1603,FAILED,,DONE,20260526T023126.mp4,,,,,,,LOST
2026-05-26 02:01:24,1602,FAILED,,ERROR,20260526T020124.mp4,,,,,,,LOST
2026-05-26 00:31:26,1599,FAILED,,DONE,20260526T003126.mp4,,,,,,,LOST
2026-05-26 00:01:23,1598,FAILED,,ERROR,20260526T000123.mp4,,1477,5,9311067,,,ON-SERVER-local-gone
2026-05-25 22:31:26,1595,FAILED,,DONE,20260525T223126.mp4,,,,,,,LOST
2026-05-25 21:01:21,1592,FAILED,,ERROR,20260525T210121.mp4,,1472,4,9270449,,,ON-SERVER-local-gone
2026-05-25 19:01:21,1588,FAILED,,ERROR,20260525T190121.mp4,,1468,4,9610105,,,ON-SERVER-local-gone
2026-05-25 16:31:21,1583,FAILED,,ERROR,20260525T163121.mp4,,1463,4,9273666,,,ON-SERVER-local-gone
2026-05-25 14:01:26,1578,FAILED,,DONE,20260525T140126.mp4,,,,,,,LOST
2026-05-25 12:31:22,1575,FAILED,,ERROR,20260525T123122.mp4,,1456,4,9283125,,,ON-SERVER-local-gone
2026-05-25 11:01:24,1572,FAILED,,ERROR,20260525T110124.mp4,,,,,,,LOST
2026-05-25 09:01:23,1568,FAILED,,DONE,20260525T090123.mp4,,,,,,,LOST
2026-05-25 08:31:26,1567,FAILED,1450,DONE,20260525T083126.mp4,,1450,4,10027269,,,ON-SERVER-local-gone
2026-05-25 07:31:27,1565,FAILED,,DONE,20260525T073127.mp4,,,,,,,LOST
2026-05-25 07:01:24,1564,FAILED,,DONE,20260525T070124.mp4,,,,,,,LOST
2026-05-25 02:31:25,1555,FAILED,,ERROR,20260525T023125.mp4,,,,,,,LOST
2026-05-25 01:01:23,1552,FAILED,,ERROR,20260525T010123.mp4,,1438,4,9657650,,,ON-SERVER-local-gone
2026-05-24 19:01:23,1540,FAILED,,DONE,20260524T190123.mp4,,,,,,,LOST
2026-05-24 18:31:23,1539,FAILED,,DONE,20260524T183123.mp4,,,,,,,LOST
2026-05-24 18:01:26,1538,FAILED,,DONE,20260524T180126.mp4,,,,,,,LOST
2026-05-24 17:31:23,1537,FAILED,,ERROR,20260524T173123.mp4,,,,,,,LOST
2026-05-24 14:01:28,1530,FAILED,,DONE,20260524T140128.mp4,,,,,,,LOST
2026-05-24 13:31:26,1529,FAILED,,DONE,20260524T133126.mp4,,,,,,,LOST
2026-05-24 11:31:26,1525,FAILED,,DONE,20260524T113126.mp4,,,,,,,LOST
2026-05-24 07:01:24,1516,FAILED,,DONE,20260524T070124.mp4,,,,,,,LOST
2026-05-24 06:31:23,1515,FAILED,,DONE,20260524T063123.mp4,,,,,,,LOST
2026-05-24 05:31:24,1513,FAILED,,DONE,20260524T053124.mp4,,,,,,,LOST
2026-05-24 04:31:24,1511,FAILED,,ERROR,20260524T043124.mp4,,,,,,,LOST
2026-05-24 03:01:24,1508,FAILED,,ERROR,20260524T030124.mp4,,1405,5,9304646,,,ON-SERVER-local-gone
2026-05-24 01:01:26,1504,FAILED,,DONE,20260524T010126.mp4,,,,,,,LOST
2026-05-23 11:31:24,1477,FAILED,,ERROR,20260523T113124.mp4,,,,,,,LOST
2026-05-23 11:01:24,1476,FAILED,,ERROR,20260523T110124.mp4,,1375,5,10197165,,,ON-SERVER-local-gone
2026-05-23 09:31:23,1473,FAILED,,DONE,20260523T093123.mp4,,,,,,,LOST
2026-05-23 09:01:29,1472,FAILED,1372,DONE,20260523T090129.mp4,,1372,4,9484595,,,ON-SERVER-local-gone
2026-05-23 07:31:23,1469,FAILED,,DONE,20260523T073123.mp4,,,,,,,LOST
2026-05-23 07:01:24,1468,FAILED,,DONE,20260523T070124.mp4,,,,,,,LOST
2026-05-23 06:31:24,1467,FAILED,,DONE,20260523T063124.mp4,,,,,,,LOST
2026-05-23 06:01:23,1466,FAILED,,ERROR,20260523T060123.mp4,,,,,,,LOST
2026-05-23 05:31:23,1465,FAILED,,DONE,20260523T053123.mp4,,,,,,,LOST
2026-05-22 18:31:23,1443,FAILED,,DONE,20260522T183123.mp4,,,,,,,LOST
2026-05-22 14:31:23,1435,FAILED,,DONE,20260522T143123.mp4,,,,,,,LOST
2026-05-22 13:31:24,1432,FAILED,,DONE,20260522T133124.mp4,,,,,,,LOST
2026-05-22 12:31:24,1430,FAILED,,DONE,20260522T123124.mp4,,,,,,,LOST
2026-05-22 11:01:26,1427,FAILED,,DONE,20260522T110126.mp4,,,,,,,LOST
2026-05-22 10:31:26,1426,FAILED,,ERROR,20260522T103126.mp4,,,,,,,LOST
2026-05-22 10:01:23,1425,FAILED,,DONE,20260522T100123.mp4,,,,,,,LOST
2026-05-22 07:01:25,1419,FAILED,,DONE,20260522T070125.mp4,,,,,,,LOST
2026-05-22 06:31:24,1418,FAILED,,DONE,20260522T063124.mp4,,,,,,,LOST
2026-05-22 06:01:23,1417,FAILED,,DONE,20260522T060123.mp4,,,,,,,LOST
2026-05-22 05:31:26,1416,FAILED,,DONE,20260522T053126.mp4,,,,,,,LOST
2026-05-22 05:01:22,1415,FAILED,,DONE,20260522T050122.mp4,,,,,,,LOST
2026-05-22 04:31:23,1414,FAILED,,DONE,20260522T043123.mp4,,,,,,,LOST
2026-05-22 04:01:23,1413,FAILED,,DONE,20260522T040123.mp4,,,,,,,LOST
2026-05-22 03:31:23,1412,FAILED,,DONE,20260522T033123.mp4,,,,,,,LOST
2026-05-22 03:01:20,1411,FAILED,,DONE,20260522T030120.mp4,,,,,,,LOST
2026-05-22 02:31:20,1410,FAILED,,DONE,20260522T023120.mp4,,,,,,,LOST
2026-05-22 02:01:23,1409,FAILED,,DONE,20260522T020123.mp4,,,,,,,LOST
2026-05-22 01:31:20,1408,FAILED,,DONE,20260522T013120.mp4,,,,,,,LOST
2026-05-22 01:01:21,1407,FAILED,,DONE,20260522T010121.mp4,,,,,,,LOST
2026-05-22 00:31:27,1406,FAILED,,DONE,20260522T003127.mp4,,,,,,,LOST
2026-05-22 00:01:22,1405,FAILED,,DONE,20260522T000122.mp4,,,,,,,LOST
2026-05-21 23:31:23,1404,FAILED,,DONE,20260521T233123.mp4,,,,,,,LOST
2026-05-21 23:01:26,1403,FAILED,,DONE,20260521T230126.mp4,,,,,,,LOST
2026-05-21 22:31:23,1402,FAILED,,ERROR,20260521T223123.mp4,,,,,,,LOST
2026-05-21 22:01:26,1401,FAILED,,ERROR,20260521T220126.mp4,,,,,,,LOST
2026-05-21 21:31:25,1400,FAILED,,ERROR,20260521T213125.mp4,,,,,,,LOST
2026-05-21 21:01:22,1399,FAILED,,ERROR,20260521T210122.mp4,,,,,,,LOST
2026-05-21 20:31:20,1398,FAILED,,ERROR,20260521T203120.mp4,,,,,,,LOST
2026-05-21 20:01:25,1397,FAILED,,ERROR,20260521T200125.mp4,,,,,,,LOST
2026-05-21 19:31:20,1396,FAILED,,ERROR,20260521T193120.mp4,,,,,,,LOST
2026-05-21 19:01:23,1395,FAILED,,ERROR,20260521T190123.mp4,,,,,,,LOST
2026-05-21 18:31:23,1394,FAILED,,ERROR,20260521T183123.mp4,,,,,,,LOST
2026-05-21 18:01:21,1393,FAILED,,ERROR,20260521T180121.mp4,,,,,,,LOST
2026-05-21 17:31:23,1392,FAILED,,ERROR,20260521T173123.mp4,,,,,,,LOST
2026-05-21 17:01:23,1391,FAILED,,ERROR,20260521T170123.mp4,,,,,,,LOST
2026-05-21 16:31:22,1390,FAILED,,ERROR,20260521T163122.mp4,,,,,,,LOST
2026-05-21 16:01:25,1389,FAILED,,ERROR,20260521T160125.mp4,,,,,,,LOST
2026-05-21 15:31:25,1388,FAILED,,ERROR,20260521T153125.mp4,,,,,,,LOST
2026-05-21 15:01:24,1387,FAILED,,ERROR,20260521T150124.mp4,,,,,,,LOST
2026-05-21 14:31:22,1386,FAILED,,ERROR,20260521T143122.mp4,,,,,,,LOST
2026-05-21 14:01:23,1385,FAILED,,ERROR,20260521T140123.mp4,,,,,,,LOST
2026-05-21 13:31:23,1384,FAILED,,ERROR,20260521T133123.mp4,,,,,,,LOST
2026-05-21 13:01:20,1383,FAILED,,ERROR,20260521T130120.mp4,,,,,,,LOST
2026-05-21 12:31:25,1382,FAILED,,ERROR,20260521T123125.mp4,,,,,,,LOST
2026-05-21 12:01:25,1381,FAILED,,ERROR,20260521T120125.mp4,,,,,,,LOST
2026-05-21 11:31:23,1380,FAILED,,ERROR,20260521T113123.mp4,,,,,,,LOST
2026-05-21 11:01:26,1379,FAILED,,ERROR,20260521T110126.mp4,,,,,,,LOST
2026-05-21 10:31:20,1378,FAILED,,DONE,20260521T103120.mp4,,,,,,,LOST
2026-05-21 10:01:23,1377,FAILED,,DONE,20260521T100123.mp4,,,,,,,LOST
2026-05-21 09:31:25,1376,FAILED,,DONE,20260521T093125.mp4,,,,,,,LOST
2026-05-21 09:01:20,1375,FAILED,,DONE,20260521T090120.mp4,,,,,,,LOST
2026-05-21 08:31:23,1374,FAILED,,DONE,20260521T083123.mp4,,,,,,,LOST
2026-05-21 08:01:23,1373,FAILED,,DONE,20260521T080123.mp4,,,,,,,LOST
2026-05-21 07:31:23,1372,FAILED,,DONE,20260521T073123.mp4,,,,,,,LOST
2026-05-21 07:01:23,1371,FAILED,,DONE,20260521T070123.mp4,,,,,,,LOST
2026-05-21 06:31:23,1370,FAILED,,DONE,20260521T063123.mp4,,,,,,,LOST
2026-05-21 06:01:20,1369,FAILED,,DONE,20260521T060120.mp4,,,,,,,LOST
2026-05-21 05:31:23,1368,FAILED,,DONE,20260521T053123.mp4,,,,,,,LOST
2026-05-21 05:01:23,1367,FAILED,,DONE,20260521T050123.mp4,,,,,,,LOST
2026-05-21 04:31:23,1366,FAILED,,DONE,20260521T043123.mp4,,,,,,,LOST
2026-05-21 04:01:20,1365,FAILED,,DONE,20260521T040120.mp4,,,,,,,LOST
2026-05-21 03:31:23,1364,FAILED,,DONE,20260521T033123.mp4,,,,,,,LOST
2026-05-21 03:01:23,1363,FAILED,,DONE,20260521T030123.mp4,,,,,,,LOST
2026-05-21 02:31:20,1362,FAILED,,DONE,20260521T023120.mp4,,,,,,,LOST
2026-05-21 02:01:23,1361,FAILED,,DONE,20260521T020123.mp4,,,,,,,LOST
2026-05-21 01:31:23,1360,FAILED,,DONE,20260521T013123.mp4,,,,,,,LOST
2026-05-21 01:01:26,1359,FAILED,,ERROR,20260521T010126.mp4,,,,,,,LOST
2026-05-21 00:31:23,1358,FAILED,,DONE,20260521T003123.mp4,,,,,,,LOST
2026-05-21 00:01:26,1357,FAILED,,ERROR,20260521T000126.mp4,,,,,,,LOST
2026-05-20 23:31:23,1356,FAILED,,DONE,20260520T233123.mp4,,,,,,,LOST
2026-05-20 23:01:24,1355,FAILED,,DONE,20260520T230124.mp4,,,,,,,LOST
2026-05-20 22:31:24,1354,FAILED,,ERROR,20260520T223124.mp4,,,,,,,LOST
2026-05-20 22:01:20,1353,FAILED,,ERROR,20260520T220120.mp4,,,,,,,LOST
2026-05-20 21:31:23,1352,FAILED,,DONE,20260520T213123.mp4,,,,,,,LOST
2026-05-20 21:01:26,1351,FAILED,,ERROR,20260520T210126.mp4,,,,,,,LOST
2026-05-20 20:31:25,1350,FAILED,,ERROR,20260520T203125.mp4,,,,,,,LOST
2026-05-20 20:01:21,1349,FAILED,,ERROR,20260520T200121.mp4,,,,,,,LOST
2026-05-20 19:31:20,1348,FAILED,,ERROR,20260520T193120.mp4,,,,,,,LOST
2026-05-20 19:01:25,1347,FAILED,,DONE,20260520T190125.mp4,,,,,,,LOST
2026-05-20 18:31:23,1346,FAILED,,DONE,20260520T183123.mp4,,,,,,,LOST
2026-05-20 18:01:23,1345,FAILED,,ERROR,20260520T180123.mp4,,,,,,,LOST
2026-05-20 17:31:23,1344,FAILED,,ERROR,20260520T173123.mp4,,,,,,,LOST
2026-05-20 17:01:20,1343,FAILED,,ERROR,20260520T170120.mp4,,,,,,,LOST
2026-05-20 16:31:23,1342,FAILED,,DONE,20260520T163123.mp4,,,,,,,LOST
2026-05-20 16:01:23,1341,FAILED,,DONE,20260520T160123.mp4,,,,,,,LOST
2026-05-20 15:31:23,1340,FAILED,,ERROR,20260520T153123.mp4,,,,,,,LOST
2026-05-20 15:01:23,1339,FAILED,,DONE,20260520T150123.mp4,,,,,,,LOST
2026-05-20 14:31:23,1338,FAILED,,ERROR,20260520T143123.mp4,,,,,,,LOST
2026-05-20 14:01:23,1337,FAILED,,DONE,20260520T140123.mp4,,,,,,,LOST
2026-05-20 13:31:25,1336,FAILED,,ERROR,20260520T133125.mp4,,,,,,,LOST
2026-05-20 13:01:20,1335,FAILED,,ERROR,20260520T130120.mp4,,,,,,,LOST
2026-05-20 12:31:23,1334,FAILED,,DONE,20260520T123123.mp4,,,,,,,LOST
2026-05-20 12:01:25,1333,FAILED,,ERROR,20260520T120125.mp4,,,,,,,LOST
2026-05-20 11:31:25,1332,FAILED,,ERROR,20260520T113125.mp4,,,,,,,LOST
2026-05-20 11:01:24,1331,FAILED,,DONE,20260520T110124.mp4,,,,,,,LOST
2026-05-20 10:31:23,1330,FAILED,,DONE,20260520T103123.mp4,,,,,,,LOST
2026-05-20 10:01:23,1329,FAILED,,DONE,20260520T100123.mp4,,,,,,,LOST
2026-05-20 09:31:22,1328,FAILED,,DONE,20260520T093122.mp4,,,,,,,LOST
2026-05-20 09:01:23,1327,FAILED,,DONE,20260520T090123.mp4,,,,,,,LOST
2026-05-20 08:31:23,1326,FAILED,,DONE,20260520T083123.mp4,,,,,,,LOST
2026-05-20 08:01:23,1325,FAILED,,DONE,20260520T080123.mp4,,,,,,,LOST
2026-05-20 07:31:25,1324,FAILED,,DONE,20260520T073125.mp4,,,,,,,LOST
2026-05-20 07:01:22,1323,FAILED,,DONE,20260520T070122.mp4,,,,,,,LOST
2026-05-20 06:31:23,1322,FAILED,,DONE,20260520T063123.mp4,,,,,,,LOST
2026-05-20 06:01:23,1321,FAILED,,DONE,20260520T060123.mp4,,,,,,,LOST
2026-05-20 05:31:26,1320,FAILED,,DONE,20260520T053126.mp4,,,,,,,LOST
2026-05-20 05:01:26,1319,FAILED,,DONE,20260520T050126.mp4,,,,,,,LOST
2026-05-20 04:31:20,1318,FAILED,,DONE,20260520T043120.mp4,,,,,,,LOST
2026-05-20 04:01:23,1317,FAILED,,DONE,20260520T040123.mp4,,,,,,,LOST
2026-05-20 03:31:23,1316,FAILED,,DONE,20260520T033123.mp4,,,,,,,LOST
2026-05-20 03:01:25,1315,FAILED,,DONE,20260520T030125.mp4,,,,,,,LOST
2026-05-20 02:31:20,1314,FAILED,,DONE,20260520T023120.mp4,,,,,,,LOST
2026-05-20 02:01:27,1313,FAILED,,DONE,20260520T020127.mp4,,,,,,,LOST
2026-05-20 01:31:23,1312,FAILED,,DONE,20260520T013123.mp4,,,,,,,LOST
2026-05-20 01:01:23,1311,FAILED,,DONE,20260520T010123.mp4,,,,,,,LOST
2026-05-20 00:31:26,1310,FAILED,,DONE,20260520T003126.mp4,,,,,,,LOST
2026-05-20 00:01:23,1309,FAILED,,ERROR,20260520T000123.mp4,,,,,,,LOST
2026-05-19 23:31:26,1308,FAILED,,DONE,20260519T233126.mp4,,,,,,,LOST
2026-05-19 23:01:24,1307,FAILED,,DONE,20260519T230124.mp4,,,,,,,LOST
2026-05-19 22:31:25,1306,FAILED,,DONE,20260519T223125.mp4,,,,,,,LOST
2026-05-19 22:01:25,1305,FAILED,,DONE,20260519T220125.mp4,,,,,,,LOST
2026-05-19 21:31:25,1304,FAILED,,DONE,20260519T213125.mp4,,,,,,,LOST
2026-05-19 21:01:23,1303,FAILED,,ERROR,20260519T210123.mp4,,,,,,,LOST
2026-05-19 20:31:26,1302,FAILED,,DONE,20260519T203126.mp4,,,,,,,LOST
2026-05-19 20:01:23,1301,FAILED,,DONE,20260519T200123.mp4,,,,,,,LOST
2026-05-19 19:31:22,1300,FAILED,,ERROR,20260519T193122.mp4,,,,,,,LOST
2026-05-19 19:01:21,1299,FAILED,,ERROR,20260519T190121.mp4,,,,,,,LOST
2026-05-19 18:31:23,1298,FAILED,,DONE,20260519T183123.mp4,,,,,,,LOST
2026-05-19 18:01:20,1297,FAILED,,ERROR,20260519T180120.mp4,,,,,,,LOST
2026-05-19 17:31:23,1296,FAILED,,DONE,20260519T173123.mp4,,,,,,,LOST
2026-05-19 17:01:25,1295,FAILED,,DONE,20260519T170125.mp4,,,,,,,LOST
2026-05-19 16:31:23,1294,FAILED,,DONE,20260519T163123.mp4,,,,,,,LOST
2026-05-19 16:01:23,1293,FAILED,,DONE,20260519T160123.mp4,,,,,,,LOST
2026-05-19 15:31:20,1292,FAILED,,ERROR,20260519T153120.mp4,,,,,,,LOST
2026-05-19 15:01:20,1291,FAILED,,ERROR,20260519T150120.mp4,,,,,,,LOST
2026-05-19 14:31:25,1290,FAILED,,DONE,20260519T143125.mp4,,,,,,,LOST
2026-05-19 14:01:23,1289,FAILED,,DONE,20260519T140123.mp4,,,,,,,LOST
2026-05-19 13:31:25,1288,FAILED,,DONE,20260519T133125.mp4,,,,,,,LOST
2026-05-19 13:01:21,1287,FAILED,,ERROR,20260519T130121.mp4,,,,,,,LOST
2026-05-19 12:31:20,1286,FAILED,,ERROR,20260519T123120.mp4,,,,,,,LOST
2026-05-19 12:01:20,1285,FAILED,,ERROR,20260519T120120.mp4,,,,,,,LOST
2026-05-19 11:31:23,1284,FAILED,,DONE,20260519T113123.mp4,,,,,,,LOST
2026-05-19 11:01:24,1283,FAILED,,DONE,20260519T110124.mp4,,,,,,,LOST
2026-05-19 10:31:27,1282,FAILED,,DONE,20260519T103127.mp4,,,,,,,LOST
2026-05-19 10:01:23,1281,FAILED,,DONE,20260519T100123.mp4,,,,,,,LOST
2026-05-19 09:31:22,1280,FAILED,,DONE,20260519T093122.mp4,,,,,,,LOST
2026-05-19 09:01:23,1279,FAILED,,DONE,20260519T090123.mp4,,,,,,,LOST
2026-05-19 08:31:20,1278,FAILED,,DONE,20260519T083120.mp4,,,,,,,LOST
2026-05-19 08:01:23,1277,FAILED,,DONE,20260519T080123.mp4,,,,,,,LOST
2026-05-19 07:31:20,1276,FAILED,,DONE,20260519T073120.mp4,,,,,,,LOST
2026-05-19 07:01:22,1275,FAILED,,DONE,20260519T070122.mp4,,,,,,,LOST
2026-05-19 06:31:23,1274,FAILED,,DONE,20260519T063123.mp4,,,,,,,LOST
2026-05-19 06:01:23,1273,FAILED,,DONE,20260519T060123.mp4,,,,,,,LOST
2026-05-19 05:31:20,1272,FAILED,,DONE,20260519T053120.mp4,,,,,,,LOST
2026-05-19 05:01:23,1271,FAILED,,DONE,20260519T050123.mp4,,,,,,,LOST
2026-05-19 04:31:23,1270,FAILED,,DONE,20260519T043123.mp4,,,,,,,LOST
2026-05-19 04:01:23,1269,FAILED,,DONE,20260519T040123.mp4,,,,,,,LOST
2026-05-19 03:31:23,1268,FAILED,,DONE,20260519T033123.mp4,,,,,,,LOST
2026-05-19 03:01:25,1267,FAILED,,DONE,20260519T030125.mp4,,,,,,,LOST
2026-05-19 02:31:25,1266,FAILED,,DONE,20260519T023125.mp4,,,,,,,LOST
2026-05-19 02:01:20,1265,FAILED,,ERROR,20260519T020120.mp4,,,,,,,LOST
2026-05-19 01:31:23,1264,FAILED,,ERROR,20260519T013123.mp4,,,,,,,LOST
2026-05-19 01:01:23,1263,FAILED,,ERROR,20260519T010123.mp4,,,,,,,LOST
2026-05-19 00:31:20,1262,FAILED,,ERROR,20260519T003120.mp4,,,,,,,LOST
2026-05-19 00:01:24,1261,FAILED,,DONE,20260519T000124.mp4,,,,,,,LOST
2026-05-18 23:31:20,1260,FAILED,,DONE,20260518T233120.mp4,,,,,,,LOST
2026-05-18 23:01:22,1259,FAILED,,DONE,20260518T230122.mp4,,,,,,,LOST
2026-05-18 22:31:20,1258,FAILED,,ERROR,20260518T223120.mp4,,,,,,,LOST
2026-05-18 22:01:23,1257,FAILED,,DONE,20260518T220123.mp4,,,,,,,LOST
2026-05-18 21:31:23,1256,FAILED,,DONE,20260518T213123.mp4,,,,,,,LOST
2026-05-18 21:01:21,1255,FAILED,,ERROR,20260518T210121.mp4,,,,,,,LOST
2026-05-18 20:31:23,1254,FAILED,,ERROR,20260518T203123.mp4,,,,,,,LOST
2026-05-18 20:01:20,1253,FAILED,,ERROR,20260518T200120.mp4,,,,,,,LOST
2026-05-18 19:31:23,1252,FAILED,,ERROR,20260518T193123.mp4,,,,,,,LOST
2026-05-18 19:01:23,1251,FAILED,,ERROR,20260518T190123.mp4,,,,,,,LOST
2026-05-18 18:31:23,1250,FAILED,,ERROR,20260518T183123.mp4,,,,,,,LOST
2026-05-18 18:01:23,1249,FAILED,,ERROR,20260518T180123.mp4,,,,,,,LOST
2026-05-18 17:31:23,1248,FAILED,,ERROR,20260518T173123.mp4,,,,,,,LOST
2026-05-18 17:01:23,1247,FAILED,,ERROR,20260518T170123.mp4,,,,,,,LOST
2026-05-18 16:31:23,1246,FAILED,,ERROR,20260518T163123.mp4,,,,,,,LOST
2026-05-18 16:01:23,1245,FAILED,,ERROR,20260518T160123.mp4,,,,,,,LOST
2026-05-18 15:31:23,1244,FAILED,,ERROR,20260518T153123.mp4,,,,,,,LOST
2026-05-18 15:01:20,1243,FAILED,,ERROR,20260518T150120.mp4,,,,,,,LOST
2026-05-18 14:31:23,1242,FAILED,,ERROR,20260518T143123.mp4,,,,,,,LOST
2026-05-18 14:01:22,1241,FAILED,,ERROR,20260518T140122.mp4,,,,,,,LOST
2026-05-18 13:31:23,1240,FAILED,,DONE,20260518T133123.mp4,,,,,,,LOST
2026-05-18 13:01:25,1239,FAILED,,DONE,20260518T130125.mp4,,,,,,,LOST
2026-05-18 12:31:24,1238,FAILED,,DONE,20260518T123124.mp4,,,,,,,LOST
2026-05-18 12:01:23,1237,FAILED,,DONE,20260518T120123.mp4,,,,,,,LOST
2026-05-18 11:31:23,1236,FAILED,,ERROR,20260518T113123.mp4,,,,,,,LOST
2026-05-18 11:01:24,1235,FAILED,,DONE,20260518T110124.mp4,,,,,,,LOST
2026-05-18 10:31:23,1234,FAILED,,DONE,20260518T103123.mp4,,,,,,,LOST
2026-05-18 10:01:23,1233,FAILED,,DONE,20260518T100123.mp4,,,,,,,LOST
2026-05-18 09:31:23,1232,FAILED,,DONE,20260518T093123.mp4,,,,,,,LOST
2026-05-18 09:01:22,1231,FAILED,,DONE,20260518T090122.mp4,,,,,,,LOST
2026-05-18 08:31:26,1230,FAILED,,DONE,20260518T083126.mp4,,,,,,,LOST
2026-05-18 08:01:23,1229,FAILED,,DONE,20260518T080123.mp4,,,,,,,LOST
2026-05-18 07:31:23,1228,FAILED,,DONE,20260518T073123.mp4,,,,,,,LOST
2026-05-18 07:01:20,1227,FAILED,,DONE,20260518T070120.mp4,,,,,,,LOST
2026-05-18 06:31:22,1226,FAILED,,DONE,20260518T063122.mp4,,,,,,,LOST
2026-05-18 06:01:23,1225,FAILED,,DONE,20260518T060123.mp4,,,,,,,LOST
2026-05-18 05:31:23,1224,FAILED,,DONE,20260518T053123.mp4,,,,,,,LOST
2026-05-18 05:01:23,1223,FAILED,,DONE,20260518T050123.mp4,,,,,,,LOST
2026-05-18 04:31:23,1222,FAILED,,DONE,20260518T043123.mp4,,,,,,,LOST
2026-05-18 04:01:23,1221,FAILED,,DONE,20260518T040123.mp4,,,,,,,LOST
2026-05-18 03:31:23,1220,FAILED,,DONE,20260518T033123.mp4,,,,,,,LOST
2026-05-18 03:01:22,1219,FAILED,,DONE,20260518T030122.mp4,,,,,,,LOST
2026-05-18 02:31:26,1218,FAILED,,DONE,20260518T023126.mp4,,,,,,,LOST
2026-05-18 02:01:26,1217,FAILED,,DONE,20260518T020126.mp4,,,,,,,LOST
2026-05-18 01:31:23,1216,FAILED,,DONE,20260518T013123.mp4,,,,,,,LOST
2026-05-18 01:01:23,1215,FAILED,,DONE,20260518T010123.mp4,,,,,,,LOST
2026-05-18 00:31:23,1214,FAILED,,DONE,20260518T003123.mp4,,,,,,,LOST
2026-05-18 00:01:25,1213,FAILED,,DONE,20260518T000125.mp4,,,,,,,LOST
2026-05-17 23:31:25,1212,FAILED,,DONE,20260517T233125.mp4,,,,,,,LOST
2026-05-17 23:01:24,1211,FAILED,,DONE,20260517T230124.mp4,,,,,,,LOST
2026-05-17 22:31:22,1210,FAILED,,DONE,20260517T223122.mp4,,,,,,,LOST
2026-05-17 22:01:23,1209,FAILED,,DONE,20260517T220123.mp4,,,,,,,LOST
2026-05-17 21:31:23,1208,FAILED,,DONE,20260517T213123.mp4,,,,,,,LOST
2026-05-17 21:01:23,1207,FAILED,,DONE,20260517T210123.mp4,,,,,,,LOST
2026-05-17 20:31:23,1206,FAILED,,DONE,20260517T203123.mp4,,,,,,,LOST
2026-05-17 20:01:25,1205,FAILED,,DONE,20260517T200125.mp4,,,,,,,LOST
2026-05-17 19:31:23,1204,FAILED,,ERROR,20260517T193123.mp4,,,,,,,LOST
2026-05-17 19:01:20,1203,FAILED,,ERROR,20260517T190120.mp4,,,,,,,LOST
2026-05-17 18:31:20,1202,FAILED,,ERROR,20260517T183120.mp4,,,,,,,LOST
2026-05-17 18:01:23,1201,FAILED,,DONE,20260517T180123.mp4,,,,,,,LOST
2026-05-17 17:31:23,1200,FAILED,,DONE,20260517T173123.mp4,,,,,,,LOST
2026-05-17 17:01:23,1199,FAILED,,DONE,20260517T170123.mp4,,,,,,,LOST
2026-05-17 16:31:23,1198,FAILED,,DONE,20260517T163123.mp4,,,,,,,LOST
2026-05-17 16:01:23,1197,FAILED,,DONE,20260517T160123.mp4,,,,,,,LOST
2026-05-17 15:31:22,1196,FAILED,,DONE,20260517T153122.mp4,,,,,,,LOST
2026-05-17 15:01:20,1195,FAILED,,ERROR,20260517T150120.mp4,,,,,,,LOST
2026-05-17 14:31:23,1194,FAILED,,DONE,20260517T143123.mp4,,,,,,,LOST
2026-05-17 14:01:29,1193,FAILED,,DONE,20260517T140129.mp4,,,,,,,LOST
2026-05-17 13:31:26,1192,FAILED,,DONE,20260517T133126.mp4,,,,,,,LOST
2026-05-17 13:01:26,1191,FAILED,,DONE,20260517T130126.mp4,,,,,,,LOST
2026-05-17 12:31:26,1190,FAILED,,DONE,20260517T123126.mp4,,,,,,,LOST
2026-05-17 12:01:23,1189,FAILED,,DONE,20260517T120123.mp4,,,,,,,LOST
2026-05-17 11:31:23,1188,FAILED,,DONE,20260517T113123.mp4,,,,,,,LOST
2026-05-17 11:01:26,1187,FAILED,,DONE,20260517T110126.mp4,,,,,,,LOST
2026-05-17 10:31:20,1186,FAILED,,DONE,20260517T103120.mp4,,,,,,,LOST
2026-05-17 10:01:26,1185,FAILED,,DONE,20260517T100126.mp4,,,,,,,LOST
2026-05-17 09:31:23,1184,FAILED,,DONE,20260517T093123.mp4,,,,,,,LOST
2026-05-17 09:01:26,1183,FAILED,,DONE,20260517T090126.mp4,,,,,,,LOST
2026-05-17 08:31:23,1182,FAILED,,DONE,20260517T083123.mp4,,,,,,,LOST
2026-05-17 08:01:23,1181,FAILED,,DONE,20260517T080123.mp4,,,,,,,LOST
2026-05-17 07:31:20,1180,FAILED,,DONE,20260517T073120.mp4,,,,,,,LOST
2026-05-17 07:01:25,1179,FAILED,,DONE,20260517T070125.mp4,,,,,,,LOST
2026-05-17 06:31:25,1178,FAILED,,DONE,20260517T063125.mp4,,,,,,,LOST
2026-05-17 06:01:24,1177,FAILED,,DONE,20260517T060124.mp4,,,,,,,LOST
2026-05-17 05:31:23,1176,FAILED,,DONE,20260517T053123.mp4,,,,,,,LOST
2026-05-17 05:01:22,1175,FAILED,,DONE,20260517T050122.mp4,,,,,,,LOST
2026-05-17 04:31:23,1174,FAILED,,DONE,20260517T043123.mp4,,,,,,,LOST
2026-05-17 04:01:20,1173,FAILED,,DONE,20260517T040120.mp4,,,,,,,LOST
2026-05-17 03:31:25,1172,FAILED,,DONE,20260517T033125.mp4,,,,,,,LOST
2026-05-17 03:01:21,1171,FAILED,,DONE,20260517T030121.mp4,,,,,,,LOST
2026-05-17 02:31:20,1170,FAILED,,DONE,20260517T023120.mp4,,,,,,,LOST
2026-05-17 02:01:20,1169,FAILED,,DONE,20260517T020120.mp4,,,,,,,LOST
2026-05-17 01:31:23,1168,FAILED,,DONE,20260517T013123.mp4,,,,,,,LOST
2026-05-17 01:01:20,1167,FAILED,,DONE,20260517T010120.mp4,,,,,,,LOST
2026-05-17 00:31:23,1166,FAILED,,DONE,20260517T003123.mp4,,,,,,,LOST
2026-05-17 00:01:23,1165,FAILED,,DONE,20260517T000123.mp4,,,,,,,LOST
2026-05-16 23:31:24,1164,FAILED,,DONE,20260516T233124.mp4,,,,,,,LOST
2026-05-16 23:01:26,1163,FAILED,,DONE,20260516T230126.mp4,,,,,,,LOST
2026-05-16 22:31:23,1162,FAILED,,DONE,20260516T223123.mp4,,,,,,,LOST
2026-05-16 22:01:23,1161,FAILED,,DONE,20260516T220123.mp4,,,,,,,LOST
2026-05-16 21:31:20,1160,FAILED,,ERROR,20260516T213120.mp4,,,,,,,LOST
2026-05-16 21:01:20,1159,FAILED,,ERROR,20260516T210120.mp4,,,,,,,LOST
2026-05-16 20:31:23,1158,FAILED,,DONE,20260516T203123.mp4,,,,,,,LOST
2026-05-16 20:01:20,1157,FAILED,,ERROR,20260516T200120.mp4,,,,,,,LOST
2026-05-16 19:31:23,1156,FAILED,,DONE,20260516T193123.mp4,,,,,,,LOST
2026-05-16 19:01:23,1155,FAILED,,DONE,20260516T190123.mp4,,,,,,,LOST
2026-05-16 18:31:23,1154,FAILED,,DONE,20260516T183123.mp4,,,,,,,LOST
2026-05-16 18:01:23,1153,FAILED,,DONE,20260516T180123.mp4,,,,,,,LOST
2026-05-16 17:31:26,1152,FAILED,,DONE,20260516T173126.mp4,,,,,,,LOST
2026-05-16 17:01:20,1151,FAILED,,ERROR,20260516T170120.mp4,,,,,,,LOST
2026-05-16 14:31:23,1146,FAILED,,DONE,20260516T143123.mp4,,,,,,,LOST
2026-05-16 13:01:23,1143,FAILED,,DONE,20260516T130123.mp4,,,,,,,LOST
2026-05-16 10:31:23,1138,FAILED,,DONE,20260516T103123.mp4,,,,,,,LOST
2026-05-16 10:01:23,1137,FAILED,,DONE,20260516T100123.mp4,,,,,,,LOST
2026-05-16 08:01:23,1133,FAILED,,DONE,20260516T080123.mp4,,,,,,,LOST
2026-05-16 07:01:22,1131,FAILED,,DONE,20260516T070122.mp4,,,,,,,LOST
2026-05-15 23:31:23,1116,FAILED,,DONE,20260515T233123.mp4,,,,,,,LOST
2026-05-15 19:01:23,1107,FAILED,,ERROR,20260515T190123.mp4,,,,,,,LOST
2026-05-15 19:01:00,2782,LOCAL,,NEW,20260515T070124.mp4,,,,,,,LOST
2026-05-15 18:31:23,1106,FAILED,,ERROR,20260515T183123.mp4,,,,,,,LOST
2026-05-15 16:01:24,1103,FAILED,,ERROR,20260515T160124.mp4,,,,,,,LOST
2026-05-15 14:31:24,1100,FAILED,,ERROR,20260515T143124.mp4,,,,,,,LOST
2026-05-15 13:31:24,1098,FAILED,,DONE,20260515T133124.mp4,,,,,,,LOST
2026-05-15 12:31:26,1096,FAILED,,DONE,20260515T123126.mp4,,,,,,,LOST
2026-05-15 12:01:24,1095,FAILED,,ERROR,20260515T120124.mp4,,,,,,,LOST
2026-05-15 09:01:24,1089,FAILED,,DONE,20260515T090124.mp4,,,,,,,LOST
2026-05-15 06:31:27,1084,FAILED,,DONE,20260515T063127.mp4,,,,,,,LOST
2026-05-15 06:01:26,1083,FAILED,,DONE,20260515T060126.mp4,,,,,,,LOST
2026-05-15 05:01:24,1081,FAILED,,DONE,20260515T050124.mp4,,,,,,,LOST
2026-05-15 02:31:24,1076,FAILED,,DONE,20260515T023124.mp4,,,,,,,LOST
2026-05-15 00:01:26,1071,FAILED,,DONE,20260515T000126.mp4,,,,,,,LOST
2026-05-14 22:31:24,1068,FAILED,,ERROR,20260514T223124.mp4,,,,,,,LOST
2026-05-14 15:01:25,1031,FAILED,,ERROR,20260514T150125.mp4,,,,,,,LOST
2026-05-14 14:31:25,1025,FAILED,,ERROR,20260514T143125.mp4,,,,,,,LOST
2026-05-14 14:01:25,1006,FAILED,,ERROR,20260514T140125.mp4,,,,,,,LOST
2026-05-14 13:31:25,1049,FAILED,,ERROR,20260514T133125.mp4,,,,,,,LOST
2026-05-14 13:01:25,1045,FAILED,,ERROR,20260514T130125.mp4,,,,,,,LOST
2026-05-14 12:31:27,997,FAILED,,ERROR,20260514T123127.mp4,,,,,,,LOST
2026-05-14 12:01:25,1054,FAILED,,ERROR,20260514T120125.mp4,,,,,,,LOST
2026-05-14 11:01:23,1052,FAILED,,DONE,20260514T110123.mp4,,,,,,,LOST
2026-05-14 10:31:22,1056,LOCAL,,NEW,,,,,,,,LOST
2026-05-14 10:01:25,1018,FAILED,,ERROR,20260514T100125.mp4,,,,,,,LOST
2026-05-14 09:31:25,1013,FAILED,,DONE,20260514T093125.mp4,,,,,,,LOST
2026-05-14 09:01:27,994,FAILED,,ERROR,20260514T090127.mp4,,,,,,,LOST
2026-05-14 08:31:27,1026,LOCAL,,NEW,20260514T083127.mp4,,,,,,,LOST
2026-05-14 08:01:25,996,FAILED,,ERROR,20260514T080125.mp4,,,,,,,LOST
2026-05-14 07:31:25,1064,FAILED,,DONE,20260514T073125.mp4,,,,,,,LOST
2026-05-14 07:01:22,1061,FAILED,,DONE,20260514T070122.mp4,,,,,,,LOST
2026-05-14 06:31:27,1040,FAILED,,DONE,20260514T063127.mp4,,,,,,,LOST
2026-05-14 06:01:25,1044,FAILED,,DONE,20260514T060125.mp4,,,,,,,LOST
2026-05-14 05:31:25,1033,FAILED,,DONE,20260514T053125.mp4,,,,,,,LOST
2026-05-14 05:01:27,999,FAILED,,DONE,20260514T050127.mp4,,,,,,,LOST
2026-05-14 04:31:25,1032,FAILED,,DONE,20260514T043125.mp4,,,,,,,LOST
2026-05-14 04:01:25,1023,LOCAL,,NEW,,,,,,,,LOST
2026-05-14 03:31:26,1010,FAILED,,DONE,20260514T033126.mp4,,,,,,,LOST
2026-05-14 03:01:27,1015,FAILED,,DONE,20260514T030127.mp4,,,,,,,LOST
2026-05-14 02:31:25,1037,FAILED,,DONE,20260514T023125.mp4,,,,,,,LOST
2026-05-14 02:01:25,1001,FAILED,,ERROR,20260514T020125.mp4,,,,,,,LOST
2026-05-14 01:31:25,1058,FAILED,,ERROR,20260514T013125.mp4,,,,,,,LOST
2026-05-14 01:01:25,993,FAILED,,ERROR,20260514T010125.mp4,,,,,,,LOST
2026-05-14 00:31:27,1007,FAILED,,DONE,20260514T003127.mp4,,,,,,,LOST
2026-05-14 00:01:22,1039,FAILED,,DONE,20260514T000122.mp4,,,,,,,LOST
2026-05-13 23:31:25,1047,FAILED,,DONE,20260513T233125.mp4,,,,,,,LOST
2026-05-13 23:01:25,1053,FAILED,,DONE,20260513T230125.mp4,,,,,,,LOST
2026-05-13 22:31:27,1030,FAILED,,DONE,20260513T223127.mp4,,,,,,,LOST
2026-05-13 22:01:26,1009,FAILED,,DONE,20260513T220126.mp4,,,,,,,LOST
2026-05-13 21:31:25,1055,FAILED,,DONE,20260513T213125.mp4,,,,,,,LOST
2026-05-13 21:01:27,1035,FAILED,,DONE,20260513T210127.mp4,,,,,,,LOST
2026-05-13 20:31:25,1000,FAILED,,ERROR,20260513T203125.mp4,,,,,,,LOST
2026-05-13 20:01:22,1034,FAILED,,ERROR,20260513T200122.mp4,,,,,,,LOST
2026-05-13 19:01:25,995,FAILED,,ERROR,20260513T190125.mp4,,,,,,,LOST
2026-05-13 18:31:27,1036,FAILED,,DONE,20260513T183127.mp4,,,,,,,LOST
2026-05-13 16:31:25,992,FAILED,,DONE,20260513T163125.mp4,,,,,,,LOST
2026-05-13 16:01:25,991,FAILED,,ERROR,20260513T160125.mp4,,,,,,,LOST
2026-05-13 15:31:25,990,FAILED,,ERROR,20260513T153125.mp4,,,,,,,LOST
2026-05-13 15:01:25,989,FAILED,,ERROR,20260513T150125.mp4,,,,,,,LOST
2026-05-13 14:31:25,988,FAILED,,ERROR,20260513T143125.mp4,,,,,,,LOST
2026-05-13 14:01:25,987,FAILED,,DONE,20260513T140125.mp4,,,,,,,LOST
2026-05-13 13:31:22,986,FAILED,,ERROR,20260513T133122.mp4,,,,,,,LOST
2026-05-13 13:01:25,985,FAILED,,ERROR,20260513T130125.mp4,,,,,,,LOST
2026-05-13 12:31:27,984,FAILED,,ERROR,20260513T123127.mp4,,,,,,,LOST
2026-05-11 16:01:25,983,FAILED,,ERROR,20260511T160125.mp4,,,,,,,LOST
2026-05-11 15:01:25,982,FAILED,,ERROR,20260511T150125.mp4,,,,,,,LOST
2026-05-11 14:31:25,981,FAILED,,ERROR,20260511T143125.mp4,,,,,,,LOST
2026-05-11 14:01:27,980,FAILED,,ERROR,20260511T140127.mp4,,,,,,,LOST
2026-05-11 13:31:25,979,FAILED,,ERROR,20260511T133125.mp4,,,,,,,LOST
2026-05-11 13:01:25,978,FAILED,,ERROR,20260511T130125.mp4,,,,,,,LOST
2026-05-11 12:31:27,977,FAILED,,ERROR,20260511T123127.mp4,,,,,,,LOST
2026-05-11 12:01:25,976,FAILED,,ERROR,20260511T120125.mp4,,,,,,,LOST
2026-05-11 11:31:27,975,FAILED,,ERROR,20260511T113127.mp4,,,,,,,LOST
2026-05-11 11:01:25,974,FAILED,,ERROR,20260511T110125.mp4,,,,,,,LOST
2026-05-11 10:31:25,973,FAILED,,ERROR,20260511T103125.mp4,,,,,,,LOST
2026-05-11 10:01:22,972,FAILED,,ERROR,20260511T100122.mp4,,,,,,,LOST
2026-05-11 09:31:25,971,FAILED,,ERROR,20260511T093125.mp4,,,,,,,LOST
2026-05-11 09:01:27,970,FAILED,,ERROR,20260511T090127.mp4,,,,,,,LOST
2026-05-11 08:31:25,969,FAILED,,ERROR,20260511T083125.mp4,,,,,,,LOST
2026-05-11 08:01:25,968,FAILED,,ERROR,20260511T080125.mp4,,,,,,,LOST
2026-05-11 07:31:27,967,FAILED,,ERROR,20260511T073127.mp4,,,,,,,LOST
2026-05-11 07:01:22,966,FAILED,,ERROR,20260511T070122.mp4,,,,,,,LOST
2026-05-11 06:31:30,965,FAILED,,ERROR,20260511T063130.mp4,,,,,,,LOST
2026-05-11 06:01:22,964,FAILED,,DONE,20260511T060122.mp4,,,,,,,LOST
2026-05-11 05:31:25,963,FAILED,,DONE,20260511T053125.mp4,,,,,,,LOST
2026-05-11 05:01:24,962,FAILED,,ERROR,20260511T050124.mp4,,,,,,,LOST
2026-05-11 04:31:25,961,FAILED,,DONE,20260511T043125.mp4,,,,,,,LOST
2026-05-11 04:01:25,960,FAILED,,ERROR,20260511T040125.mp4,,,,,,,LOST
2026-05-11 03:31:25,959,FAILED,,DONE,20260511T033125.mp4,,,,,,,LOST
2026-05-11 03:01:27,958,FAILED,,ERROR,20260511T030127.mp4,,,,,,,LOST
2026-05-11 02:31:25,957,FAILED,,ERROR,20260511T023125.mp4,,,,,,,LOST
2026-05-11 02:01:25,956,FAILED,,ERROR,20260511T020125.mp4,,,,,,,LOST
2026-05-11 01:31:25,955,FAILED,,ERROR,20260511T013125.mp4,,,,,,,LOST
2026-05-11 01:01:25,954,FAILED,,ERROR,20260511T010125.mp4,,,,,,,LOST
2026-05-11 00:31:25,953,FAILED,,ERROR,20260511T003125.mp4,,,,,,,LOST
2026-05-11 00:01:25,952,FAILED,,ERROR,20260511T000125.mp4,,,,,,,LOST
2026-05-10 23:31:27,951,FAILED,,ERROR,20260510T233127.mp4,,,,,,,LOST
2026-05-10 23:01:22,950,FAILED,,ERROR,20260510T230122.mp4,,,,,,,LOST
2026-05-10 22:31:23,949,FAILED,,ERROR,20260510T223123.mp4,,,,,,,LOST
2026-05-10 22:01:25,948,FAILED,,ERROR,20260510T220125.mp4,,,,,,,LOST
2026-05-10 21:31:25,947,FAILED,,ERROR,20260510T213125.mp4,,,,,,,LOST
2026-05-10 21:01:25,946,FAILED,,ERROR,20260510T210125.mp4,,,,,,,LOST
2026-05-10 20:31:22,945,FAILED,,ERROR,20260510T203122.mp4,,,,,,,LOST
2026-05-10 20:01:25,944,FAILED,,ERROR,20260510T200125.mp4,,,,,,,LOST
2026-05-10 19:31:22,943,FAILED,,ERROR,20260510T193122.mp4,,,,,,,LOST
2026-05-10 19:01:25,942,FAILED,,ERROR,20260510T190125.mp4,,,,,,,LOST
2026-05-10 18:31:25,941,FAILED,,ERROR,20260510T183125.mp4,,,,,,,LOST
2026-05-10 18:01:22,940,FAILED,,ERROR,20260510T180122.mp4,,,,,,,LOST
2026-05-10 17:31:22,939,FAILED,,ERROR,20260510T173122.mp4,,,,,,,LOST
2026-05-10 17:01:25,938,FAILED,,ERROR,20260510T170125.mp4,,,,,,,LOST
2026-05-10 16:31:25,937,FAILED,,ERROR,20260510T163125.mp4,,,,,,,LOST
2026-05-10 16:01:22,936,FAILED,,ERROR,20260510T160122.mp4,,,,,,,LOST
2026-05-10 15:31:25,935,FAILED,,ERROR,20260510T153125.mp4,,,,,,,LOST
2026-05-10 15:01:25,934,FAILED,,ERROR,20260510T150125.mp4,,,,,,,LOST
2026-05-10 14:31:25,933,FAILED,,ERROR,20260510T143125.mp4,,,,,,,LOST
2026-05-10 14:01:23,932,FAILED,,ERROR,20260510T140123.mp4,,,,,,,LOST
2026-05-10 13:31:25,931,FAILED,,ERROR,20260510T133125.mp4,,,,,,,LOST
2026-05-10 13:01:22,930,FAILED,,ERROR,20260510T130122.mp4,,,,,,,LOST
2026-05-10 12:31:25,929,FAILED,,ERROR,20260510T123125.mp4,,,,,,,LOST
2026-05-10 12:01:25,928,FAILED,,ERROR,20260510T120125.mp4,,,,,,,LOST
2026-05-10 11:31:25,927,FAILED,,ERROR,20260510T113125.mp4,,,,,,,LOST
2026-05-10 11:01:25,926,FAILED,,ERROR,20260510T110125.mp4,,,,,,,LOST
2026-05-10 10:31:27,925,FAILED,,ERROR,20260510T103127.mp4,,,,,,,LOST
2026-05-10 10:01:27,924,FAILED,,DONE,20260510T100127.mp4,,,,,,,LOST
2026-05-10 09:31:25,923,FAILED,,ERROR,20260510T093125.mp4,,,,,,,LOST
2026-05-10 09:01:25,922,FAILED,,DONE,20260510T090125.mp4,,,,,,,LOST
2026-05-10 08:31:25,921,FAILED,,DONE,20260510T083125.mp4,,,,,,,LOST
2026-05-10 08:01:22,920,FAILED,,ERROR,20260510T080122.mp4,,,,,,,LOST
2026-05-10 07:31:23,919,FAILED,,ERROR,20260510T073123.mp4,,,,,,,LOST
2026-05-10 07:01:22,918,FAILED,,ERROR,20260510T070122.mp4,,,,,,,LOST
2026-05-10 06:31:25,917,FAILED,,DONE,20260510T063125.mp4,,,,,,,LOST
2026-05-10 06:01:22,916,FAILED,,DONE,20260510T060122.mp4,,,,,,,LOST
2026-05-10 05:31:25,915,FAILED,,DONE,20260510T053125.mp4,,,,,,,LOST
2026-05-10 05:01:25,914,FAILED,,ERROR,20260510T050125.mp4,,,,,,,LOST
2026-05-10 04:31:27,913,FAILED,,DONE,20260510T043127.mp4,,,,,,,LOST
2026-05-10 04:01:25,912,FAILED,,DONE,20260510T040125.mp4,,,,,,,LOST
2026-05-10 03:31:22,911,FAILED,,ERROR,20260510T033122.mp4,,,,,,,LOST
2026-05-10 03:01:25,910,FAILED,,ERROR,20260510T030125.mp4,,,,,,,LOST
2026-05-10 02:31:25,909,FAILED,,ERROR,20260510T023125.mp4,,,,,,,LOST
2026-05-10 02:01:26,908,FAILED,,ERROR,20260510T020126.mp4,,,,,,,LOST
2026-05-10 01:31:25,907,FAILED,,ERROR,20260510T013125.mp4,,,,,,,LOST
2026-05-10 01:01:24,906,FAILED,,ERROR,20260510T010124.mp4,,,,,,,LOST
2026-05-10 00:31:25,905,FAILED,,ERROR,20260510T003125.mp4,,,,,,,LOST
2026-05-10 00:01:25,904,FAILED,,DONE,20260510T000125.mp4,,,,,,,LOST
2026-05-09 23:31:25,903,FAILED,,ERROR,20260509T233125.mp4,,,,,,,LOST
2026-05-09 23:01:25,902,FAILED,,ERROR,20260509T230125.mp4,,,,,,,LOST
2026-05-09 22:31:25,901,FAILED,,ERROR,20260509T223125.mp4,,,,,,,LOST
2026-05-09 22:01:22,900,FAILED,,ERROR,20260509T220122.mp4,,,,,,,LOST
2026-05-09 21:31:22,899,FAILED,,ERROR,20260509T213122.mp4,,,,,,,LOST
2026-05-09 21:01:25,898,FAILED,,ERROR,20260509T210125.mp4,,,,,,,LOST
2026-05-09 20:31:25,897,FAILED,,DONE,20260509T203125.mp4,,,,,,,LOST
2026-05-09 20:01:24,896,FAILED,,ERROR,20260509T200124.mp4,,,,,,,LOST
2026-05-09 19:31:22,895,FAILED,,ERROR,20260509T193122.mp4,,,,,,,LOST
2026-05-09 19:01:22,894,FAILED,,ERROR,20260509T190122.mp4,,,,,,,LOST
2026-05-09 18:31:22,893,FAILED,,ERROR,20260509T183122.mp4,,,,,,,LOST
2026-05-09 18:01:27,892,FAILED,,ERROR,20260509T180127.mp4,,,,,,,LOST
2026-05-09 17:31:22,891,FAILED,,ERROR,20260509T173122.mp4,,,,,,,LOST
2026-05-09 17:01:25,890,FAILED,,ERROR,20260509T170125.mp4,,,,,,,LOST
2026-05-09 16:31:22,889,FAILED,,ERROR,20260509T163122.mp4,,,,,,,LOST
2026-05-09 16:01:22,888,FAILED,,ERROR,20260509T160122.mp4,,,,,,,LOST
2026-05-09 15:31:27,887,FAILED,,ERROR,20260509T153127.mp4,,,,,,,LOST
2026-05-09 15:01:25,886,FAILED,,ERROR,20260509T150125.mp4,,,,,,,LOST
2026-05-09 14:31:24,885,FAILED,,ERROR,20260509T143124.mp4,,,,,,,LOST
2026-05-09 14:01:27,884,FAILED,,ERROR,20260509T140127.mp4,,,,,,,LOST
2026-05-09 13:31:26,883,FAILED,,ERROR,20260509T133126.mp4,,,,,,,LOST
2026-05-09 13:01:21,882,FAILED,,ERROR,20260509T130121.mp4,,,,,,,LOST
2026-05-09 12:31:24,881,FAILED,,ERROR,20260509T123124.mp4,,,,,,,LOST
2026-05-09 12:01:26,880,FAILED,,ERROR,20260509T120126.mp4,,,,,,,LOST
2026-05-09 11:31:25,879,FAILED,,ERROR,20260509T113125.mp4,,,,,,,LOST
2026-05-09 11:01:27,878,FAILED,,ERROR,20260509T110127.mp4,,,,,,,LOST
2026-05-09 10:31:25,877,FAILED,,DONE,20260509T103125.mp4,,,,,,,LOST
2026-05-09 10:01:25,876,FAILED,,ERROR,20260509T100125.mp4,,,,,,,LOST
2026-05-09 09:31:25,875,FAILED,,DONE,20260509T093125.mp4,,,,,,,LOST
2026-05-09 09:01:25,874,FAILED,,ERROR,20260509T090125.mp4,,,,,,,LOST
2026-05-09 08:31:26,873,FAILED,,ERROR,20260509T083126.mp4,,,,,,,LOST
2026-05-09 08:01:25,872,FAILED,,DONE,20260509T080125.mp4,,,,,,,LOST
2026-05-09 07:31:22,871,FAILED,,ERROR,20260509T073122.mp4,,,,,,,LOST
2026-05-09 07:01:22,870,FAILED,,ERROR,20260509T070122.mp4,,,,,,,LOST
2026-05-09 06:31:22,869,FAILED,,ERROR,20260509T063122.mp4,,,,,,,LOST
2026-05-09 06:01:25,868,FAILED,,ERROR,20260509T060125.mp4,,,,,,,LOST
2026-05-09 05:31:25,867,FAILED,,DONE,20260509T053125.mp4,,,,,,,LOST
2026-05-09 05:01:25,866,FAILED,,ERROR,20260509T050125.mp4,,,,,,,LOST
2026-05-09 04:31:24,865,FAILED,,DONE,20260509T043124.mp4,,,,,,,LOST
2026-05-09 04:01:27,864,FAILED,,ERROR,20260509T040127.mp4,,,,,,,LOST
2026-05-09 03:31:25,863,FAILED,,ERROR,20260509T033125.mp4,,,,,,,LOST
2026-05-09 03:01:22,862,FAILED,,ERROR,20260509T030122.mp4,,,,,,,LOST
2026-05-09 02:31:27,861,FAILED,,ERROR,20260509T023127.mp4,,,,,,,LOST
2026-05-09 02:01:25,860,FAILED,,ERROR,20260509T020125.mp4,,,,,,,LOST
2026-05-09 01:31:25,859,FAILED,,ERROR,20260509T013125.mp4,,,,,,,LOST
2026-05-09 01:01:21,858,FAILED,,ERROR,20260509T010121.mp4,,,,,,,LOST
2026-05-09 00:31:27,857,FAILED,,ERROR,20260509T003127.mp4,,,,,,,LOST
2026-05-09 00:01:24,856,FAILED,,DONE,20260509T000124.mp4,,,,,,,LOST
2026-05-08 23:31:25,855,FAILED,,ERROR,20260508T233125.mp4,,,,,,,LOST
2026-05-08 23:01:25,854,FAILED,,ERROR,20260508T230125.mp4,,,,,,,LOST
2026-05-08 22:31:25,853,FAILED,,ERROR,20260508T223125.mp4,,,,,,,LOST
2026-05-08 22:01:25,852,FAILED,,ERROR,20260508T220125.mp4,,,,,,,LOST
2026-05-08 21:31:25,851,FAILED,,ERROR,20260508T213125.mp4,,,,,,,LOST
2026-05-08 21:01:27,850,FAILED,,ERROR,20260508T210127.mp4,,,,,,,LOST
2026-05-08 20:31:22,849,FAILED,,ERROR,20260508T203122.mp4,,,,,,,LOST
2026-05-08 20:01:27,848,FAILED,,ERROR,20260508T200127.mp4,,,,,,,LOST
2026-05-08 19:31:27,847,FAILED,,ERROR,20260508T193127.mp4,,,,,,,LOST
2026-05-08 19:01:25,846,FAILED,,ERROR,20260508T190125.mp4,,,,,,,LOST
2026-05-08 18:31:22,845,FAILED,,ERROR,20260508T183122.mp4,,,,,,,LOST
2026-05-08 18:01:25,844,FAILED,,ERROR,20260508T180125.mp4,,,,,,,LOST
2026-05-08 17:31:27,843,LOCAL,,NEW,20260508T173127.mp4,,,,,,,LOST
2026-05-08 17:01:27,842,LOCAL,,NEW,20260508T170127.mp4,,,,,,,LOST
2026-05-08 16:31:25,841,LOCAL,,NEW,20260508T163125.mp4,,,,,,,LOST
2026-05-08 16:01:21,840,LOCAL,,NEW,20260508T160121.mp4,,,,,,,LOST
2026-05-08 15:31:22,839,LOCAL,,NEW,20260508T153122.mp4,,,,,,,LOST
2026-05-08 15:01:22,838,LOCAL,,NEW,20260508T150122.mp4,,,,,,,LOST
2026-05-08 14:31:25,837,LOCAL,,NEW,20260508T143125.mp4,,,,,,,LOST
2026-05-08 14:01:25,836,LOCAL,,NEW,20260508T140125.mp4,,,,,,,LOST
2026-05-08 13:31:25,835,LOCAL,,NEW,20260508T133125.mp4,,,,,,,LOST
2026-05-08 13:01:27,834,LOCAL,,NEW,20260508T130127.mp4,,,,,,,LOST
2026-05-08 12:31:25,833,LOCAL,,NEW,20260508T123125.mp4,,,,,,,LOST
2026-05-08 12:01:25,832,LOCAL,,NEW,20260508T120125.mp4,,,,,,,LOST
2026-05-08 11:31:25,831,LOCAL,,NEW,20260508T113125.mp4,,,,,,,LOST
2026-05-08 11:01:22,830,LOCAL,,NEW,20260508T110122.mp4,,,,,,,LOST
2026-05-08 10:31:25,829,LOCAL,,NEW,20260508T103125.mp4,,,,,,,LOST
2026-05-08 10:01:25,828,LOCAL,,NEW,20260508T100125.mp4,,,,,,,LOST
2026-05-08 09:31:25,827,LOCAL,,NEW,20260508T093125.mp4,,,,,,,LOST
2026-05-08 09:01:25,826,LOCAL,,NEW,20260508T090125.mp4,,,,,,,LOST
2026-05-08 08:31:24,825,LOCAL,,NEW,20260508T083124.mp4,,,,,,,LOST
2026-05-08 08:01:22,824,LOCAL,,NEW,20260508T080122.mp4,,,,,,,LOST
2026-05-08 07:31:25,823,LOCAL,,NEW,20260508T073125.mp4,,,,,,,LOST
2026-05-08 07:01:23,822,LOCAL,,NEW,20260508T070123.mp4,,,,,,,LOST
2026-05-08 06:31:25,821,LOCAL,,NEW,20260508T063125.mp4,,,,,,,LOST
2026-05-08 06:01:24,820,LOCAL,,NEW,20260508T060124.mp4,,,,,,,LOST
2026-05-08 05:31:25,819,LOCAL,,NEW,20260508T053125.mp4,,,,,,,LOST
2026-05-08 05:01:25,818,LOCAL,,NEW,20260508T050125.mp4,,,,,,,LOST
2026-05-08 04:31:22,817,LOCAL,,NEW,20260508T043122.mp4,,,,,,,LOST
2026-05-08 04:01:25,816,LOCAL,,NEW,20260508T040125.mp4,,,,,,,LOST
2026-05-08 03:31:22,815,LOCAL,,NEW,20260508T033122.mp4,,,,,,,LOST
2026-05-08 03:01:25,814,LOCAL,,NEW,20260508T030125.mp4,,,,,,,LOST
2026-05-08 02:31:22,813,LOCAL,,NEW,20260508T023122.mp4,,,,,,,LOST
2026-05-08 02:01:27,812,LOCAL,,NEW,20260508T020127.mp4,,,,,,,LOST
2026-05-08 01:31:26,811,LOCAL,,NEW,20260508T013126.mp4,,,,,,,LOST
2026-05-08 01:01:25,810,LOCAL,,NEW,20260508T010125.mp4,,,,,,,LOST
2026-05-08 00:31:27,809,LOCAL,,NEW,20260508T003127.mp4,,,,,,,LOST
2026-05-08 00:01:25,808,LOCAL,,NEW,20260508T000125.mp4,,,,,,,LOST
2026-05-07 23:31:27,807,LOCAL,,NEW,20260507T233127.mp4,,,,,,,LOST
2026-05-07 23:01:25,806,LOCAL,,NEW,20260507T230125.mp4,,,,,,,LOST
2026-05-07 22:31:24,805,LOCAL,,NEW,20260507T223124.mp4,,,,,,,LOST
2026-05-07 22:01:25,804,LOCAL,,NEW,20260507T220125.mp4,,,,,,,LOST
2026-05-07 21:31:26,803,LOCAL,,NEW,20260507T213126.mp4,,,,,,,LOST
2026-05-07 21:01:22,802,LOCAL,,NEW,20260507T210122.mp4,,,,,,,LOST
2026-05-07 20:31:25,801,LOCAL,,NEW,20260507T203125.mp4,,,,,,,LOST
2026-05-07 20:01:25,800,LOCAL,,NEW,20260507T200125.mp4,,,,,,,LOST
2026-05-07 19:31:22,799,LOCAL,,NEW,20260507T193122.mp4,,,,,,,LOST
2026-05-07 19:01:25,798,LOCAL,,NEW,20260507T190125.mp4,,,,,,,LOST
2026-05-07 18:31:25,797,LOCAL,,NEW,20260507T183125.mp4,,,,,,,LOST
2026-05-07 18:01:22,796,LOCAL,,NEW,20260507T180122.mp4,,,,,,,LOST
2026-05-07 17:31:25,795,LOCAL,,NEW,20260507T173125.mp4,,,,,,,LOST
2026-05-07 17:01:22,794,LOCAL,,NEW,20260507T170122.mp4,,,,,,,LOST
2026-05-07 16:31:27,793,LOCAL,,NEW,20260507T163127.mp4,,,,,,,LOST
2026-05-07 14:31:25,792,FAILED,,ERROR,20260507T143125.mp4,,,,,,,LOST
2026-05-07 14:01:23,791,FAILED,,ERROR,20260507T140123.mp4,,,,,,,LOST
2026-05-07 13:31:25,790,FAILED,,ERROR,20260507T133125.mp4,,,,,,,LOST
2026-05-07 13:01:24,789,FAILED,,ERROR,20260507T130124.mp4,,,,,,,LOST
2026-05-07 12:31:24,788,FAILED,,ERROR,20260507T123124.mp4,,,,,,,LOST
2026-05-07 12:01:24,787,FAILED,,ERROR,20260507T120124.mp4,,,,,,,LOST
2026-05-07 11:31:24,786,FAILED,,ERROR,20260507T113124.mp4,,,,,,,LOST
2026-05-07 11:01:26,785,FAILED,,ERROR,20260507T110126.mp4,,,,,,,LOST
2026-05-07 10:31:24,784,FAILED,,ERROR,20260507T103124.mp4,,,,,,,LOST
2026-05-07 10:01:26,783,FAILED,,ERROR,20260507T100126.mp4,,,,,,,LOST
2026-05-07 09:31:24,782,FAILED,,ERROR,20260507T093124.mp4,,,,,,,LOST
2026-05-07 09:01:29,781,FAILED,,ERROR,20260507T090129.mp4,,,,,,,LOST
2026-05-07 08:31:26,780,FAILED,,ERROR,20260507T083126.mp4,,,,,,,LOST
2026-05-07 08:01:26,779,FAILED,,ERROR,20260507T080126.mp4,,,,,,,LOST
2026-05-07 07:31:27,778,FAILED,,ERROR,20260507T073127.mp4,,,,,,,LOST
2026-05-07 07:01:24,777,FAILED,,ERROR,20260507T070124.mp4,,,,,,,LOST
2026-05-07 06:31:26,776,FAILED,,ERROR,20260507T063126.mp4,,,,,,,LOST
2026-05-07 06:01:24,775,FAILED,,ERROR,20260507T060124.mp4,,,,,,,LOST
2026-05-07 05:31:25,774,FAILED,,ERROR,20260507T053125.mp4,,,,,,,LOST
2026-05-07 05:01:25,773,FAILED,,ERROR,20260507T050125.mp4,,,,,,,LOST
2026-05-07 04:31:26,772,FAILED,,ERROR,20260507T043126.mp4,,,,,,,LOST
2026-05-07 04:01:25,771,FAILED,,ERROR,20260507T040125.mp4,,,,,,,LOST
2026-05-07 03:31:25,770,FAILED,,ERROR,20260507T033125.mp4,,,,,,,LOST
2026-05-07 03:01:24,769,FAILED,,ERROR,20260507T030124.mp4,,,,,,,LOST
2026-05-07 02:31:26,768,FAILED,,ERROR,20260507T023126.mp4,,,,,,,LOST
2026-05-07 02:01:23,767,FAILED,,ERROR,20260507T020123.mp4,,,,,,,LOST
2026-05-07 01:31:24,766,FAILED,,ERROR,20260507T013124.mp4,,,,,,,LOST
2026-05-07 01:01:23,765,FAILED,,ERROR,20260507T010123.mp4,,,,,,,LOST
2026-05-07 00:31:24,764,FAILED,,ERROR,20260507T003124.mp4,,,,,,,LOST
2026-05-07 00:01:24,763,FAILED,,ERROR,20260507T000124.mp4,,,,,,,LOST
2026-05-06 23:31:26,762,FAILED,,ERROR,20260506T233126.mp4,,,,,,,LOST
2026-05-06 23:01:20,761,FAILED,,ERROR,20260506T230120.mp4,,,,,,,LOST
2026-05-06 22:31:24,760,FAILED,,ERROR,20260506T223124.mp4,,,,,,,LOST
2026-05-06 22:01:25,759,FAILED,,ERROR,20260506T220125.mp4,,,,,,,LOST
2026-05-06 21:31:26,758,FAILED,,ERROR,20260506T213126.mp4,,,,,,,LOST
2026-05-06 21:01:25,757,FAILED,,ERROR,20260506T210125.mp4,,,,,,,LOST
2026-05-06 20:31:26,756,FAILED,,ERROR,20260506T203126.mp4,,,,,,,LOST
2026-05-06 20:01:24,755,FAILED,,ERROR,20260506T200124.mp4,,,,,,,LOST
2026-05-06 19:31:23,754,FAILED,,ERROR,20260506T193123.mp4,,,,,,,LOST
2026-05-06 19:01:21,753,FAILED,,ERROR,20260506T190121.mp4,,,,,,,LOST
2026-05-06 18:31:24,752,FAILED,,ERROR,20260506T183124.mp4,,,,,,,LOST
2026-05-06 18:01:23,751,FAILED,,ERROR,20260506T180123.mp4,,,,,,,LOST
2026-05-06 17:31:24,750,FAILED,,ERROR,20260506T173124.mp4,,,,,,,LOST
2026-05-06 17:01:24,749,FAILED,,ERROR,20260506T170124.mp4,,,,,,,LOST
2026-05-06 16:31:24,748,FAILED,,ERROR,20260506T163124.mp4,,,,,,,LOST
2026-05-06 16:01:24,747,FAILED,,ERROR,20260506T160124.mp4,,,,,,,LOST
2026-05-06 15:31:23,746,FAILED,,ERROR,20260506T153123.mp4,,,,,,,LOST
2026-05-06 15:01:23,745,FAILED,,ERROR,20260506T150123.mp4,,,,,,,LOST
2026-05-06 14:31:23,744,FAILED,,ERROR,20260506T143123.mp4,,,,,,,LOST
2026-05-06 14:01:24,743,FAILED,,ERROR,20260506T140124.mp4,,,,,,,LOST
2026-05-06 13:31:24,742,FAILED,,ERROR,20260506T133124.mp4,,,,,,,LOST
2026-05-06 13:01:24,741,FAILED,,ERROR,20260506T130124.mp4,,,,,,,LOST
2026-05-06 12:31:23,740,FAILED,,ERROR,20260506T123123.mp4,,,,,,,LOST
2026-05-06 12:01:23,739,FAILED,,ERROR,20260506T120123.mp4,,,,,,,LOST
2026-05-06 11:31:24,738,FAILED,,ERROR,20260506T113124.mp4,,,,,,,LOST
2026-05-06 11:01:23,737,FAILED,,ERROR,20260506T110123.mp4,,,,,,,LOST
2026-05-06 10:31:24,736,FAILED,,ERROR,20260506T103124.mp4,,,,,,,LOST
2026-05-06 10:01:24,735,FAILED,,ERROR,20260506T100124.mp4,,,,,,,LOST
2026-05-06 09:31:21,734,FAILED,,ERROR,20260506T093121.mp4,,,,,,,LOST
2026-05-06 09:01:24,733,FAILED,,ERROR,20260506T090124.mp4,,,,,,,LOST
2026-05-06 08:31:21,732,FAILED,,ERROR,20260506T083121.mp4,,,,,,,LOST
2026-05-06 08:01:24,731,FAILED,,ERROR,20260506T080124.mp4,,,,,,,LOST
2026-05-06 07:31:26,730,FAILED,,ERROR,20260506T073126.mp4,,,,,,,LOST
2026-05-06 07:01:24,729,FAILED,,ERROR,20260506T070124.mp4,,,,,,,LOST
2026-05-06 06:31:24,728,FAILED,,ERROR,20260506T063124.mp4,,,,,,,LOST
2026-05-06 06:01:23,727,FAILED,,ERROR,20260506T060123.mp4,,,,,,,LOST
2026-05-06 05:31:26,726,FAILED,,ERROR,20260506T053126.mp4,,,,,,,LOST
2026-05-06 05:01:23,725,FAILED,,ERROR,20260506T050123.mp4,,,,,,,LOST
2026-05-06 04:31:24,724,FAILED,,ERROR,20260506T043124.mp4,,,,,,,LOST
2026-05-06 04:01:24,723,FAILED,,ERROR,20260506T040124.mp4,,,,,,,LOST
2026-05-06 03:31:24,722,FAILED,,ERROR,20260506T033124.mp4,,,,,,,LOST
2026-05-06 03:01:23,721,FAILED,,ERROR,20260506T030123.mp4,,,,,,,LOST
2026-05-06 02:31:23,720,FAILED,,ERROR,20260506T023123.mp4,,,,,,,LOST
2026-05-06 02:01:24,719,FAILED,,ERROR,20260506T020124.mp4,,,,,,,LOST
2026-05-06 01:31:26,718,FAILED,,ERROR,20260506T013126.mp4,,,,,,,LOST
2026-05-06 01:01:23,717,FAILED,,ERROR,20260506T010123.mp4,,,,,,,LOST
2026-05-06 00:31:24,716,FAILED,,ERROR,20260506T003124.mp4,,,,,,,LOST
2026-05-06 00:01:26,715,FAILED,,ERROR,20260506T000126.mp4,,,,,,,LOST
2026-05-05 23:31:21,714,FAILED,,ERROR,20260505T233121.mp4,,,,,,,LOST
2026-05-05 23:01:24,713,FAILED,,ERROR,20260505T230124.mp4,,,,,,,LOST
2026-05-05 22:31:24,712,FAILED,,ERROR,20260505T223124.mp4,,,,,,,LOST
2026-05-05 22:01:24,711,FAILED,,ERROR,20260505T220124.mp4,,,,,,,LOST
2026-05-05 21:31:26,710,FAILED,,ERROR,20260505T213126.mp4,,,,,,,LOST
2026-05-05 21:01:24,709,FAILED,,ERROR,20260505T210124.mp4,,,,,,,LOST
2026-05-05 20:31:22,708,FAILED,,ERROR,20260505T203122.mp4,,,,,,,LOST
2026-05-05 20:01:24,707,FAILED,,ERROR,20260505T200124.mp4,,,,,,,LOST
2026-05-05 19:31:24,706,FAILED,,ERROR,20260505T193124.mp4,,,,,,,LOST
2026-05-05 19:01:24,705,FAILED,,ERROR,20260505T190124.mp4,,,,,,,LOST
2026-05-05 18:31:26,704,FAILED,,ERROR,20260505T183126.mp4,,,,,,,LOST
2026-05-05 18:01:23,703,FAILED,,ERROR,20260505T180123.mp4,,,,,,,LOST
2026-05-05 17:31:22,702,FAILED,,ERROR,20260505T173122.mp4,,,,,,,LOST
2026-05-05 17:01:26,701,FAILED,,ERROR,20260505T170126.mp4,,,,,,,LOST
2026-05-05 16:31:23,700,FAILED,,ERROR,20260505T163123.mp4,,,,,,,LOST
2026-05-05 16:01:26,699,FAILED,,ERROR,20260505T160126.mp4,,,,,,,LOST
2026-05-05 15:31:23,698,FAILED,,ERROR,20260505T153123.mp4,,,,,,,LOST
2026-05-05 15:01:26,697,FAILED,,ERROR,20260505T150126.mp4,,,,,,,LOST
2026-05-05 14:31:24,696,FAILED,,ERROR,20260505T143124.mp4,,,,,,,LOST
2026-05-05 14:01:23,695,FAILED,,ERROR,20260505T140123.mp4,,,,,,,LOST
2026-05-05 13:31:23,694,FAILED,,ERROR,20260505T133123.mp4,,,,,,,LOST
2026-05-05 13:01:26,693,FAILED,,ERROR,20260505T130126.mp4,,,,,,,LOST
2026-05-05 12:31:23,692,FAILED,,ERROR,20260505T123123.mp4,,,,,,,LOST
2026-05-05 12:01:24,691,FAILED,,ERROR,20260505T120124.mp4,,,,,,,LOST
2026-05-05 11:31:23,690,FAILED,,ERROR,20260505T113123.mp4,,,,,,,LOST
2026-05-05 11:01:24,689,FAILED,,ERROR,20260505T110124.mp4,,,,,,,LOST
2026-05-05 10:31:23,688,FAILED,,ERROR,20260505T103123.mp4,,,,,,,LOST
2026-05-05 10:01:26,687,FAILED,,ERROR,20260505T100126.mp4,,,,,,,LOST
2026-05-05 09:31:26,686,FAILED,,ERROR,20260505T093126.mp4,,,,,,,LOST
2026-05-05 09:01:24,685,FAILED,,ERROR,20260505T090124.mp4,,,,,,,LOST
2026-05-05 08:31:23,684,FAILED,,ERROR,20260505T083123.mp4,,,,,,,LOST
2026-05-05 08:01:26,683,FAILED,,ERROR,20260505T080126.mp4,,,,,,,LOST
2026-05-05 07:31:23,682,FAILED,,ERROR,20260505T073123.mp4,,,,,,,LOST
2026-05-05 07:01:25,681,FAILED,,ERROR,20260505T070125.mp4,,,,,,,LOST
2026-05-05 06:31:23,680,FAILED,,ERROR,20260505T063123.mp4,,,,,,,LOST
2026-05-05 06:01:26,679,FAILED,,ERROR,20260505T060126.mp4,,,,,,,LOST
2026-05-05 05:31:23,678,FAILED,,ERROR,20260505T053123.mp4,,,,,,,LOST
2026-05-05 05:01:24,677,FAILED,,ERROR,20260505T050124.mp4,,,,,,,LOST
2026-05-05 04:31:26,676,FAILED,,ERROR,20260505T043126.mp4,,,,,,,LOST
2026-05-05 04:01:26,675,FAILED,,ERROR,20260505T040126.mp4,,,,,,,LOST
2026-05-05 03:31:26,674,FAILED,,ERROR,20260505T033126.mp4,,,,,,,LOST
2026-05-05 03:01:24,673,FAILED,,ERROR,20260505T030124.mp4,,,,,,,LOST
2026-05-05 02:31:25,672,FAILED,,ERROR,20260505T023125.mp4,,,,,,,LOST
2026-05-05 02:01:25,671,FAILED,,ERROR,20260505T020125.mp4,,,,,,,LOST
2026-05-05 01:31:26,670,FAILED,,ERROR,20260505T013126.mp4,,,,,,,LOST
2026-05-05 01:01:29,669,FAILED,,ERROR,20260505T010129.mp4,,,,,,,LOST
2026-05-05 00:31:26,668,FAILED,,ERROR,20260505T003126.mp4,,,,,,,LOST
2026-05-05 00:01:24,667,FAILED,,ERROR,20260505T000124.mp4,,,,,,,LOST
2026-05-04 23:31:25,666,FAILED,,ERROR,20260504T233125.mp4,,,,,,,LOST
2026-05-04 23:01:26,665,FAILED,,ERROR,20260504T230126.mp4,,,,,,,LOST
2026-05-04 22:31:26,664,FAILED,,ERROR,20260504T223126.mp4,,,,,,,LOST
2026-05-04 22:01:26,663,FAILED,,ERROR,20260504T220126.mp4,,,,,,,LOST
2026-05-04 21:31:26,662,FAILED,,ERROR,20260504T213126.mp4,,,,,,,LOST
2026-05-04 21:01:26,661,FAILED,,ERROR,20260504T210126.mp4,,,,,,,LOST
2026-05-04 20:31:23,660,FAILED,,ERROR,20260504T203123.mp4,,,,,,,LOST
2026-05-04 20:01:23,659,FAILED,,ERROR,20260504T200123.mp4,,,,,,,LOST
2026-05-04 19:31:24,658,FAILED,,ERROR,20260504T193124.mp4,,,,,,,LOST
2026-05-04 19:01:23,657,FAILED,,ERROR,20260504T190123.mp4,,,,,,,LOST
2026-05-04 18:31:26,656,FAILED,,ERROR,20260504T183126.mp4,,,,,,,LOST
2026-05-04 18:01:25,655,FAILED,,ERROR,20260504T180125.mp4,,,,,,,LOST
2026-05-04 17:31:25,654,FAILED,,ERROR,20260504T173125.mp4,,,,,,,LOST
2026-05-04 17:01:24,653,FAILED,,ERROR,20260504T170124.mp4,,,,,,,LOST
2026-05-04 16:31:23,652,FAILED,,ERROR,20260504T163123.mp4,,,,,,,LOST
2026-05-04 16:01:22,651,FAILED,,ERROR,20260504T160122.mp4,,,,,,,LOST
2026-05-04 15:31:23,650,FAILED,,ERROR,20260504T153123.mp4,,,,,,,LOST
2026-05-04 15:01:23,649,FAILED,,ERROR,20260504T150123.mp4,,,,,,,LOST
2026-05-04 14:31:24,648,FAILED,,ERROR,20260504T143124.mp4,,,,,,,LOST
2026-05-04 14:01:24,647,FAILED,,ERROR,20260504T140124.mp4,,,,,,,LOST
2026-05-04 13:31:24,646,FAILED,,ERROR,20260504T133124.mp4,,,,,,,LOST
2026-05-04 13:01:24,645,FAILED,,ERROR,20260504T130124.mp4,,,,,,,LOST
2026-05-04 12:31:23,644,FAILED,,ERROR,20260504T123123.mp4,,,,,,,LOST
2026-05-04 12:01:23,643,FAILED,,ERROR,20260504T120123.mp4,,,,,,,LOST
2026-05-04 11:31:23,642,FAILED,,ERROR,20260504T113123.mp4,,,,,,,LOST
2026-05-04 11:01:23,641,FAILED,,ERROR,20260504T110123.mp4,,,,,,,LOST
2026-05-04 10:31:23,640,FAILED,,ERROR,20260504T103123.mp4,,,,,,,LOST
2026-05-04 10:01:24,639,FAILED,,ERROR,20260504T100124.mp4,,,,,,,LOST
2026-05-04 09:31:23,638,FAILED,,ERROR,20260504T093123.mp4,,,,,,,LOST
2026-05-04 09:01:24,637,FAILED,,ERROR,20260504T090124.mp4,,,,,,,LOST
2026-05-04 08:31:23,636,FAILED,,ERROR,20260504T083123.mp4,,,,,,,LOST
2026-05-04 08:01:24,635,FAILED,,ERROR,20260504T080124.mp4,,,,,,,LOST
2026-05-04 07:31:23,634,FAILED,,ERROR,20260504T073123.mp4,,,,,,,LOST
2026-05-04 07:01:24,633,FAILED,,ERROR,20260504T070124.mp4,,,,,,,LOST
2026-05-04 06:31:24,632,FAILED,,ERROR,20260504T063124.mp4,,,,,,,LOST
2026-05-04 06:01:24,631,FAILED,,ERROR,20260504T060124.mp4,,,,,,,LOST
2026-05-04 05:31:24,630,FAILED,,ERROR,20260504T053124.mp4,,,,,,,LOST
2026-05-04 05:01:26,629,FAILED,,ERROR,20260504T050126.mp4,,,,,,,LOST
2026-05-04 04:31:23,628,FAILED,,ERROR,20260504T043123.mp4,,,,,,,LOST
2026-05-04 04:01:24,627,FAILED,,ERROR,20260504T040124.mp4,,,,,,,LOST
2026-05-04 03:31:25,626,FAILED,,ERROR,20260504T033125.mp4,,,,,,,LOST
2026-05-04 03:01:24,625,FAILED,,ERROR,20260504T030124.mp4,,,,,,,LOST
2026-05-04 02:31:23,624,FAILED,,ERROR,20260504T023123.mp4,,,,,,,LOST
2026-05-04 02:01:23,623,FAILED,,ERROR,20260504T020123.mp4,,,,,,,LOST
2026-05-04 01:31:24,622,FAILED,,ERROR,20260504T013124.mp4,,,,,,,LOST
2026-05-04 01:01:24,621,FAILED,,ERROR,20260504T010124.mp4,,,,,,,LOST
2026-05-04 00:31:23,620,FAILED,,ERROR,20260504T003123.mp4,,,,,,,LOST
2026-05-04 00:01:24,619,FAILED,,ERROR,20260504T000124.mp4,,,,,,,LOST
2026-05-03 23:31:26,618,FAILED,,ERROR,20260503T233126.mp4,,,,,,,LOST
2026-05-03 23:01:23,617,FAILED,,ERROR,20260503T230123.mp4,,,,,,,LOST
2026-05-03 22:31:26,616,FAILED,,ERROR,20260503T223126.mp4,,,,,,,LOST
2026-05-03 22:01:24,615,FAILED,,ERROR,20260503T220124.mp4,,,,,,,LOST
2026-05-03 21:31:23,614,FAILED,,ERROR,20260503T213123.mp4,,,,,,,LOST
2026-05-03 21:01:26,613,FAILED,,ERROR,20260503T210126.mp4,,,,,,,LOST
2026-05-03 20:31:24,612,FAILED,,ERROR,20260503T203124.mp4,,,,,,,LOST
2026-05-03 20:01:23,611,FAILED,,ERROR,20260503T200123.mp4,,,,,,,LOST
2026-05-03 19:31:24,610,FAILED,,ERROR,20260503T193124.mp4,,,,,,,LOST
2026-05-03 19:01:23,609,FAILED,,ERROR,20260503T190123.mp4,,,,,,,LOST
2026-05-03 18:31:26,608,FAILED,,ERROR,20260503T183126.mp4,,,,,,,LOST
2026-05-03 18:01:23,607,FAILED,,ERROR,20260503T180123.mp4,,,,,,,LOST
2026-05-03 17:31:24,606,FAILED,,ERROR,20260503T173124.mp4,,,,,,,LOST
2026-05-03 17:01:23,605,FAILED,,ERROR,20260503T170123.mp4,,,,,,,LOST
2026-05-03 16:31:24,604,FAILED,,ERROR,20260503T163124.mp4,,,,,,,LOST
2026-05-03 16:01:23,603,FAILED,,ERROR,20260503T160123.mp4,,,,,,,LOST
2026-05-03 15:31:23,602,FAILED,,ERROR,20260503T153123.mp4,,,,,,,LOST
2026-05-03 15:01:26,601,FAILED,,ERROR,20260503T150126.mp4,,,,,,,LOST
2026-05-03 14:31:23,600,FAILED,,ERROR,20260503T143123.mp4,,,,,,,LOST
2026-05-03 14:01:26,599,FAILED,,ERROR,20260503T140126.mp4,,,,,,,LOST
2026-05-03 13:31:23,598,FAILED,,ERROR,20260503T133123.mp4,,,,,,,LOST
2026-05-03 13:01:25,597,FAILED,,ERROR,20260503T130125.mp4,,,,,,,LOST
2026-05-03 12:31:24,596,FAILED,,ERROR,20260503T123124.mp4,,,,,,,LOST
2026-05-03 12:01:23,595,FAILED,,ERROR,20260503T120123.mp4,,,,,,,LOST
2026-05-03 11:31:24,594,FAILED,,ERROR,20260503T113124.mp4,,,,,,,LOST
2026-05-03 11:01:23,593,FAILED,,ERROR,20260503T110123.mp4,,,,,,,LOST
2026-05-03 10:31:23,592,FAILED,,ERROR,20260503T103123.mp4,,,,,,,LOST
2026-05-03 10:01:24,591,FAILED,,ERROR,20260503T100124.mp4,,,,,,,LOST
2026-05-03 09:31:23,590,FAILED,,ERROR,20260503T093123.mp4,,,,,,,LOST
2026-05-03 09:01:23,589,FAILED,,ERROR,20260503T090123.mp4,,,,,,,LOST
2026-05-03 08:31:21,588,FAILED,,ERROR,20260503T083121.mp4,,,,,,,LOST
2026-05-03 08:01:26,587,FAILED,,ERROR,20260503T080126.mp4,,,,,,,LOST
2026-05-03 07:31:24,586,FAILED,,ERROR,20260503T073124.mp4,,,,,,,LOST
2026-05-03 07:01:25,585,FAILED,,ERROR,20260503T070125.mp4,,,,,,,LOST
2026-05-03 06:31:24,584,FAILED,,ERROR,20260503T063124.mp4,,,,,,,LOST
2026-05-03 06:01:23,583,FAILED,,ERROR,20260503T060123.mp4,,,,,,,LOST
2026-05-03 05:31:26,582,FAILED,,ERROR,20260503T053126.mp4,,,,,,,LOST
2026-05-03 05:01:24,581,FAILED,,ERROR,20260503T050124.mp4,,,,,,,LOST
2026-05-03 04:31:24,580,FAILED,,ERROR,20260503T043124.mp4,,,,,,,LOST
2026-05-03 04:01:23,579,FAILED,,ERROR,20260503T040123.mp4,,,,,,,LOST
2026-05-03 03:31:23,578,FAILED,,ERROR,20260503T033123.mp4,,,,,,,LOST
2026-05-03 03:01:25,577,FAILED,,ERROR,20260503T030125.mp4,,,,,,,LOST
2026-05-03 02:31:25,576,FAILED,,ERROR,20260503T023125.mp4,,,,,,,LOST
2026-05-03 02:01:24,575,FAILED,,ERROR,20260503T020124.mp4,,,,,,,LOST
2026-05-03 01:31:24,574,FAILED,,ERROR,20260503T013124.mp4,,,,,,,LOST
2026-05-03 01:01:26,573,FAILED,,ERROR,20260503T010126.mp4,,,,,,,LOST
2026-05-03 00:31:23,572,FAILED,,ERROR,20260503T003123.mp4,,,,,,,LOST
2026-05-03 00:01:23,571,FAILED,,ERROR,20260503T000123.mp4,,,,,,,LOST
2026-05-02 23:31:24,570,FAILED,,ERROR,20260502T233124.mp4,,,,,,,LOST
2026-05-02 23:01:23,569,FAILED,,ERROR,20260502T230123.mp4,,,,,,,LOST
2026-05-02 22:31:25,568,FAILED,,ERROR,20260502T223125.mp4,,,,,,,LOST
2026-05-02 22:01:24,567,FAILED,,ERROR,20260502T220124.mp4,,,,,,,LOST
2026-05-02 21:31:25,566,FAILED,,ERROR,20260502T213125.mp4,,,,,,,LOST
2026-05-02 21:01:26,565,FAILED,,ERROR,20260502T210126.mp4,,,,,,,LOST
2026-05-02 20:31:26,564,FAILED,,ERROR,20260502T203126.mp4,,,,,,,LOST
2026-05-02 20:01:26,563,FAILED,,ERROR,20260502T200126.mp4,,,,,,,LOST
2026-05-02 19:31:26,562,FAILED,,ERROR,20260502T193126.mp4,,,,,,,LOST
2026-05-02 19:01:26,561,FAILED,,ERROR,20260502T190126.mp4,,,,,,,LOST
2026-05-02 18:31:26,560,FAILED,,ERROR,20260502T183126.mp4,,,,,,,LOST
2026-05-02 18:01:26,559,FAILED,,ERROR,20260502T180126.mp4,,,,,,,LOST
2026-05-02 17:31:26,558,FAILED,,ERROR,20260502T173126.mp4,,,,,,,LOST
2026-05-02 17:01:25,557,FAILED,,ERROR,20260502T170125.mp4,,,,,,,LOST
2026-05-02 16:31:26,556,FAILED,,ERROR,20260502T163126.mp4,,,,,,,LOST
2026-05-02 16:01:26,555,FAILED,,ERROR,20260502T160126.mp4,,,,,,,LOST
2026-05-02 15:31:23,554,FAILED,,ERROR,20260502T153123.mp4,,,,,,,LOST
2026-05-02 15:01:26,553,FAILED,,ERROR,20260502T150126.mp4,,,,,,,LOST
2026-05-02 14:31:26,552,FAILED,,ERROR,20260502T143126.mp4,,,,,,,LOST
2026-05-02 14:01:23,551,FAILED,,ERROR,20260502T140123.mp4,,,,,,,LOST
2026-05-02 13:31:26,550,FAILED,,ERROR,20260502T133126.mp4,,,,,,,LOST
2026-05-02 13:01:24,549,FAILED,,ERROR,20260502T130124.mp4,,,,,,,LOST
2026-05-02 12:31:24,548,FAILED,,ERROR,20260502T123124.mp4,,,,,,,LOST
2026-05-02 12:01:23,547,FAILED,,ERROR,20260502T120123.mp4,,,,,,,LOST
2026-05-02 11:31:24,546,FAILED,,ERROR,20260502T113124.mp4,,,,,,,LOST
2026-05-02 11:01:23,545,FAILED,,ERROR,20260502T110123.mp4,,,,,,,LOST
2026-05-02 10:31:25,544,FAILED,,ERROR,20260502T103125.mp4,,,,,,,LOST
2026-05-02 10:01:23,543,FAILED,,ERROR,20260502T100123.mp4,,,,,,,LOST
2026-05-02 09:31:24,542,FAILED,,ERROR,20260502T093124.mp4,,,,,,,LOST
2026-05-02 09:01:26,541,FAILED,,ERROR,20260502T090126.mp4,,,,,,,LOST
2026-05-02 08:31:26,540,FAILED,,ERROR,20260502T083126.mp4,,,,,,,LOST
2026-05-02 08:01:24,539,FAILED,,ERROR,20260502T080124.mp4,,,,,,,LOST
2026-05-02 07:31:25,538,FAILED,,ERROR,20260502T073125.mp4,,,,,,,LOST
2026-05-02 07:01:24,537,FAILED,,ERROR,20260502T070124.mp4,,,,,,,LOST
2026-05-02 06:31:24,536,FAILED,,ERROR,20260502T063124.mp4,,,,,,,LOST
2026-05-02 06:01:26,535,FAILED,,ERROR,20260502T060126.mp4,,,,,,,LOST
2026-05-02 05:31:24,534,FAILED,,ERROR,20260502T053124.mp4,,,,,,,LOST
2026-05-02 05:01:23,533,FAILED,,ERROR,20260502T050123.mp4,,,,,,,LOST
2026-05-02 04:31:26,532,FAILED,,ERROR,20260502T043126.mp4,,,,,,,LOST
2026-05-02 04:01:24,531,FAILED,,ERROR,20260502T040124.mp4,,,,,,,LOST
2026-05-02 03:31:26,530,FAILED,,ERROR,20260502T033126.mp4,,,,,,,LOST
2026-05-02 03:01:23,529,FAILED,,ERROR,20260502T030123.mp4,,,,,,,LOST
2026-05-02 02:31:23,528,FAILED,,ERROR,20260502T023123.mp4,,,,,,,LOST
2026-05-02 02:01:23,527,FAILED,,ERROR,20260502T020123.mp4,,,,,,,LOST
2026-05-02 01:31:23,526,FAILED,,ERROR,20260502T013123.mp4,,,,,,,LOST
2026-05-02 01:01:21,525,FAILED,,ERROR,20260502T010121.mp4,,,,,,,LOST
2026-05-02 00:31:24,524,FAILED,,ERROR,20260502T003124.mp4,,,,,,,LOST
2026-05-01 23:31:23,523,FAILED,,ERROR,20260501T233123.mp4,,,,,,,LOST
2026-05-01 23:01:24,522,FAILED,,ERROR,20260501T230124.mp4,,,,,,,LOST
2026-05-01 22:31:23,521,FAILED,,ERROR,20260501T223123.mp4,,,,,,,LOST
2026-05-01 22:01:24,520,FAILED,,ERROR,20260501T220124.mp4,,,,,,,LOST
2026-05-01 21:31:24,519,FAILED,,ERROR,20260501T213124.mp4,,,,,,,LOST
2026-05-01 21:01:23,518,FAILED,,ERROR,20260501T210123.mp4,,,,,,,LOST
2026-05-01 20:31:24,517,FAILED,,ERROR,20260501T203124.mp4,,,,,,,LOST
2026-05-01 20:01:23,516,FAILED,,ERROR,20260501T200123.mp4,,,,,,,LOST
2026-05-01 19:31:23,515,FAILED,,ERROR,20260501T193123.mp4,,,,,,,LOST
2026-05-01 19:01:24,514,FAILED,,ERROR,20260501T190124.mp4,,,,,,,LOST
2026-05-01 18:31:23,513,FAILED,,ERROR,20260501T183123.mp4,,,,,,,LOST
2026-05-01 18:01:24,512,FAILED,,ERROR,20260501T180124.mp4,,,,,,,LOST
2026-05-01 17:31:23,511,FAILED,,ERROR,20260501T173123.mp4,,,,,,,LOST
2026-05-01 17:01:24,510,FAILED,,ERROR,20260501T170124.mp4,,,,,,,LOST
2026-05-01 16:31:25,509,FAILED,,ERROR,20260501T163125.mp4,,,,,,,LOST
2026-05-01 16:01:24,508,FAILED,,ERROR,20260501T160124.mp4,,,,,,,LOST
2026-05-01 15:31:24,507,FAILED,,ERROR,20260501T153124.mp4,,,,,,,LOST
2026-05-01 15:01:26,506,FAILED,,ERROR,20260501T150126.mp4,,,,,,,LOST
2026-05-01 14:31:24,505,FAILED,,ERROR,20260501T143124.mp4,,,,,,,LOST
2026-05-01 14:01:23,504,FAILED,,ERROR,20260501T140123.mp4,,,,,,,LOST
2026-05-01 13:31:26,503,FAILED,,ERROR,20260501T133126.mp4,,,,,,,LOST
2026-05-01 13:01:26,502,FAILED,,ERROR,20260501T130126.mp4,,,,,,,LOST
2026-05-01 12:31:23,501,FAILED,,ERROR,20260501T123123.mp4,,,,,,,LOST
2026-05-01 12:01:23,500,FAILED,,ERROR,20260501T120123.mp4,,,,,,,LOST
2026-05-01 11:31:23,499,FAILED,,ERROR,20260501T113123.mp4,,,,,,,LOST
2026-05-01 11:01:26,498,FAILED,,ERROR,20260501T110126.mp4,,,,,,,LOST
2026-05-01 10:31:24,497,FAILED,,ERROR,20260501T103124.mp4,,,,,,,LOST
2026-05-01 10:01:23,496,FAILED,,ERROR,20260501T100123.mp4,,,,,,,LOST
2026-05-01 09:31:23,495,FAILED,,ERROR,20260501T093123.mp4,,,,,,,LOST
2026-05-01 09:01:24,494,FAILED,,ERROR,20260501T090124.mp4,,,,,,,LOST
2026-05-01 08:31:24,493,FAILED,,ERROR,20260501T083124.mp4,,,,,,,LOST
2026-05-01 08:01:26,492,FAILED,,ERROR,20260501T080126.mp4,,,,,,,LOST
2026-05-01 07:31:26,491,FAILED,,ERROR,20260501T073126.mp4,,,,,,,LOST
2026-05-01 07:01:23,490,FAILED,,ERROR,20260501T070123.mp4,,,,,,,LOST
2026-05-01 06:31:24,489,FAILED,,ERROR,20260501T063124.mp4,,,,,,,LOST
2026-05-01 06:01:26,488,FAILED,,ERROR,20260501T060126.mp4,,,,,,,LOST
2026-05-01 05:31:23,487,FAILED,,ERROR,20260501T053123.mp4,,,,,,,LOST
2026-05-01 05:01:24,486,FAILED,,ERROR,20260501T050124.mp4,,,,,,,LOST
2026-05-01 04:31:23,485,FAILED,,ERROR,20260501T043123.mp4,,,,,,,LOST
2026-05-01 04:01:24,484,FAILED,,ERROR,20260501T040124.mp4,,,,,,,LOST
2026-05-01 03:31:26,483,FAILED,,ERROR,20260501T033126.mp4,,,,,,,LOST
2026-05-01 03:01:27,482,FAILED,,ERROR,20260501T030127.mp4,,,,,,,LOST
2026-05-01 02:31:24,481,FAILED,,ERROR,20260501T023124.mp4,,,,,,,LOST
2026-05-01 02:01:26,480,FAILED,,ERROR,20260501T020126.mp4,,,,,,,LOST
2026-05-01 01:31:29,479,FAILED,,ERROR,20260501T013129.mp4,,,,,,,LOST
2026-05-01 01:01:26,478,FAILED,,ERROR,20260501T010126.mp4,,,,,,,LOST
2026-05-01 00:31:26,477,FAILED,,ERROR,20260501T003126.mp4,,,,,,,LOST
2026-05-01 00:01:25,476,FAILED,,ERROR,20260501T000125.mp4,,,,,,,LOST
2026-04-30 23:31:26,475,FAILED,,ERROR,20260430T233126.mp4,,,,,,,LOST
2026-04-30 23:01:26,474,FAILED,,ERROR,20260430T230126.mp4,,,,,,,LOST
2026-04-30 22:31:24,473,FAILED,,ERROR,20260430T223124.mp4,,,,,,,LOST
2026-04-30 22:01:23,472,FAILED,,ERROR,20260430T220123.mp4,,,,,,,LOST
2026-04-30 21:31:26,471,FAILED,,ERROR,20260430T213126.mp4,,,,,,,LOST
2026-04-30 21:01:29,470,FAILED,,ERROR,20260430T210129.mp4,,,,,,,LOST
2026-04-30 20:31:26,469,FAILED,,ERROR,20260430T203126.mp4,,,,,,,LOST
2026-04-30 20:01:26,468,FAILED,,ERROR,20260430T200126.mp4,,,,,,,LOST
2026-04-30 19:31:29,467,FAILED,,ERROR,20260430T193129.mp4,,,,,,,LOST
2026-04-30 19:01:26,466,FAILED,,ERROR,20260430T190126.mp4,,,,,,,LOST
2026-04-30 18:31:26,465,FAILED,,ERROR,20260430T183126.mp4,,,,,,,LOST
2026-04-30 18:01:28,464,FAILED,,ERROR,20260430T180128.mp4,,,,,,,LOST
2026-04-30 17:31:26,463,FAILED,,ERROR,20260430T173126.mp4,,,,,,,LOST
2026-04-30 17:01:28,462,FAILED,,ERROR,20260430T170128.mp4,,,,,,,LOST
2026-04-30 16:31:29,461,FAILED,,ERROR,20260430T163129.mp4,,,,,,,LOST
2026-04-30 16:01:26,460,FAILED,,ERROR,20260430T160126.mp4,,,,,,,LOST
2026-04-30 15:31:26,459,FAILED,,ERROR,20260430T153126.mp4,,,,,,,LOST
2026-04-30 15:01:26,458,FAILED,,ERROR,20260430T150126.mp4,,,,,,,LOST
2026-04-30 14:31:28,457,FAILED,,ERROR,20260430T143128.mp4,,,,,,,LOST
2026-04-30 14:01:29,456,FAILED,,ERROR,20260430T140129.mp4,,,,,,,LOST
2026-04-30 13:31:26,455,FAILED,,ERROR,20260430T133126.mp4,,,,,,,LOST
2026-04-30 13:01:26,454,FAILED,,ERROR,20260430T130126.mp4,,,,,,,LOST
2026-04-30 12:31:23,453,FAILED,,ERROR,20260430T123123.mp4,,,,,,,LOST
2026-04-30 12:01:26,452,FAILED,,ERROR,20260430T120126.mp4,,,,,,,LOST
2026-04-30 11:31:25,451,FAILED,,ERROR,20260430T113125.mp4,,,,,,,LOST
2026-04-30 11:01:24,450,FAILED,,ERROR,20260430T110124.mp4,,,,,,,LOST
2026-04-30 10:31:26,449,FAILED,,ERROR,20260430T103126.mp4,,,,,,,LOST
2026-04-30 10:01:26,448,FAILED,,ERROR,20260430T100126.mp4,,,,,,,LOST
2026-04-30 09:31:24,447,FAILED,,ERROR,20260430T093124.mp4,,,,,,,LOST
2026-04-30 09:01:26,446,FAILED,,ERROR,20260430T090126.mp4,,,,,,,LOST
2026-04-30 08:31:28,445,FAILED,,ERROR,20260430T083128.mp4,,,,,,,LOST
2026-04-30 08:01:26,444,FAILED,,ERROR,20260430T080126.mp4,,,,,,,LOST
2026-04-30 07:31:26,443,FAILED,,ERROR,20260430T073126.mp4,,,,,,,LOST
2026-04-30 07:01:31,442,FAILED,,ERROR,20260430T070131.mp4,,,,,,,LOST
2026-04-30 06:31:26,441,FAILED,,ERROR,20260430T063126.mp4,,,,,,,LOST
2026-04-30 06:01:24,440,FAILED,,ERROR,20260430T060124.mp4,,,,,,,LOST
2026-04-30 05:31:23,439,FAILED,,ERROR,20260430T053123.mp4,,,,,,,LOST
2026-04-30 05:01:24,438,FAILED,,ERROR,20260430T050124.mp4,,,,,,,LOST
2026-04-30 04:31:26,437,FAILED,,ERROR,20260430T043126.mp4,,,,,,,LOST
2026-04-30 04:01:28,436,FAILED,,ERROR,20260430T040128.mp4,,,,,,,LOST
2026-04-30 03:31:24,435,FAILED,,ERROR,20260430T033124.mp4,,,,,,,LOST
2026-04-30 03:01:23,434,FAILED,,ERROR,20260430T030123.mp4,,,,,,,LOST
2026-04-30 02:31:23,433,FAILED,,ERROR,20260430T023123.mp4,,,,,,,LOST
2026-04-30 02:01:24,432,FAILED,,ERROR,20260430T020124.mp4,,,,,,,LOST
2026-04-30 01:31:26,431,FAILED,,ERROR,20260430T013126.mp4,,,,,,,LOST
2026-04-30 01:01:26,430,FAILED,,ERROR,20260430T010126.mp4,,,,,,,LOST
2026-04-30 00:31:26,429,FAILED,,ERROR,20260430T003126.mp4,,,,,,,LOST
2026-04-30 00:01:26,428,FAILED,,ERROR,20260430T000126.mp4,,,,,,,LOST
2026-04-29 23:31:26,427,FAILED,,ERROR,20260429T233126.mp4,,,,,,,LOST
2026-04-29 23:01:24,426,FAILED,,ERROR,20260429T230124.mp4,,,,,,,LOST
2026-04-29 22:31:26,425,FAILED,,ERROR,20260429T223126.mp4,,,,,,,LOST
2026-04-29 22:01:26,424,FAILED,,ERROR,20260429T220126.mp4,,,,,,,LOST
2026-04-29 21:31:25,423,FAILED,,ERROR,20260429T213125.mp4,,,,,,,LOST
2026-04-29 21:01:26,422,FAILED,,ERROR,20260429T210126.mp4,,,,,,,LOST
2026-04-29 20:31:26,421,FAILED,,ERROR,20260429T203126.mp4,,,,,,,LOST
2026-04-29 20:01:26,420,FAILED,,ERROR,20260429T200126.mp4,,,,,,,LOST
2026-04-29 19:31:26,419,FAILED,,ERROR,20260429T193126.mp4,,,,,,,LOST
2026-04-29 19:01:26,418,FAILED,,ERROR,20260429T190126.mp4,,,,,,,LOST
2026-04-29 18:31:25,417,FAILED,,ERROR,20260429T183125.mp4,,,,,,,LOST
2026-04-29 18:01:26,416,FAILED,,ERROR,20260429T180126.mp4,,,,,,,LOST
2026-04-29 17:31:26,415,FAILED,,ERROR,20260429T173126.mp4,,,,,,,LOST
2026-04-29 17:01:24,414,FAILED,,ERROR,20260429T170124.mp4,,,,,,,LOST
2026-04-29 16:31:25,413,FAILED,,ERROR,20260429T163125.mp4,,,,,,,LOST
2026-04-29 16:01:26,412,FAILED,,ERROR,20260429T160126.mp4,,,,,,,LOST
2026-04-29 15:31:26,411,FAILED,,ERROR,20260429T153126.mp4,,,,,,,LOST
2026-04-29 15:01:24,410,FAILED,,ERROR,20260429T150124.mp4,,,,,,,LOST
2026-04-29 14:31:26,409,FAILED,,ERROR,20260429T143126.mp4,,,,,,,LOST
2026-04-29 14:01:29,408,FAILED,,ERROR,20260429T140129.mp4,,,,,,,LOST
2026-04-29 13:31:24,407,FAILED,,ERROR,20260429T133124.mp4,,,,,,,LOST
2026-04-29 13:01:26,406,FAILED,,ERROR,20260429T130126.mp4,,,,,,,LOST
2026-04-29 12:31:26,405,FAILED,,ERROR,20260429T123126.mp4,,,,,,,LOST
2026-04-29 12:01:26,404,FAILED,,ERROR,20260429T120126.mp4,,,,,,,LOST
2026-04-29 11:31:28,403,FAILED,,ERROR,20260429T113128.mp4,,,,,,,LOST
2026-04-29 11:01:26,402,FAILED,,ERROR,20260429T110126.mp4,,,,,,,LOST
2026-04-29 10:31:26,401,FAILED,,ERROR,20260429T103126.mp4,,,,,,,LOST
2026-04-29 10:01:26,400,FAILED,,ERROR,20260429T100126.mp4,,,,,,,LOST
2026-04-29 09:31:26,399,FAILED,,ERROR,20260429T093126.mp4,,,,,,,LOST
2026-04-29 09:01:26,398,FAILED,,ERROR,20260429T090126.mp4,,,,,,,LOST
2026-04-29 08:31:25,397,FAILED,,ERROR,20260429T083125.mp4,,,,,,,LOST
2026-04-29 08:01:26,396,FAILED,,ERROR,20260429T080126.mp4,,,,,,,LOST
2026-04-29 07:31:26,395,FAILED,,ERROR,20260429T073126.mp4,,,,,,,LOST
2026-04-29 07:01:26,394,FAILED,,ERROR,20260429T070126.mp4,,,,,,,LOST
2026-04-29 06:31:24,393,FAILED,,ERROR,20260429T063124.mp4,,,,,,,LOST
2026-04-29 06:01:26,392,FAILED,,ERROR,20260429T060126.mp4,,,,,,,LOST
2026-04-29 05:31:26,391,FAILED,,ERROR,20260429T053126.mp4,,,,,,,LOST
2026-04-29 05:01:26,390,FAILED,,ERROR,20260429T050126.mp4,,,,,,,LOST
2026-04-29 04:31:24,389,FAILED,,ERROR,20260429T043124.mp4,,,,,,,LOST
2026-04-29 04:01:25,388,FAILED,,ERROR,20260429T040125.mp4,,,,,,,LOST
2026-04-29 03:31:29,387,FAILED,,ERROR,20260429T033129.mp4,,,,,,,LOST
2026-04-29 03:01:26,386,FAILED,,ERROR,20260429T030126.mp4,,,,,,,LOST
2026-04-29 02:31:24,385,FAILED,,ERROR,20260429T023124.mp4,,,,,,,LOST
2026-04-29 02:01:26,384,FAILED,,ERROR,20260429T020126.mp4,,,,,,,LOST
2026-04-29 01:31:29,383,FAILED,,ERROR,20260429T013129.mp4,,,,,,,LOST
2026-04-29 01:01:28,382,FAILED,,ERROR,20260429T010128.mp4,,,,,,,LOST
2026-04-29 00:31:26,381,FAILED,,ERROR,20260429T003126.mp4,,,,,,,LOST
2026-04-29 00:01:26,380,FAILED,,ERROR,20260429T000126.mp4,,,,,,,LOST
2026-04-28 23:31:25,379,FAILED,,ERROR,20260428T233125.mp4,,,,,,,LOST
2026-04-28 23:01:26,378,FAILED,,ERROR,20260428T230126.mp4,,,,,,,LOST
2026-04-28 22:31:26,377,FAILED,,ERROR,20260428T223126.mp4,,,,,,,LOST
2026-04-28 22:01:24,376,FAILED,,ERROR,20260428T220124.mp4,,,,,,,LOST
2026-04-28 21:31:26,375,FAILED,,ERROR,20260428T213126.mp4,,,,,,,LOST
2026-04-28 21:01:29,374,FAILED,,ERROR,20260428T210129.mp4,,,,,,,LOST
2026-04-28 20:31:28,373,FAILED,,ERROR,20260428T203128.mp4,,,,,,,LOST
2026-04-28 20:01:26,372,FAILED,,ERROR,20260428T200126.mp4,,,,,,,LOST
2026-04-28 19:31:29,371,FAILED,,ERROR,20260428T193129.mp4,,,,,,,LOST
2026-04-28 19:01:26,370,FAILED,,ERROR,20260428T190126.mp4,,,,,,,LOST
2026-04-28 18:31:29,369,FAILED,,ERROR,20260428T183129.mp4,,,,,,,LOST
2026-04-28 18:01:29,368,FAILED,,ERROR,20260428T180129.mp4,,,,,,,LOST
2026-04-28 17:31:26,367,FAILED,,ERROR,20260428T173126.mp4,,,,,,,LOST
2026-04-28 17:01:24,366,FAILED,,ERROR,20260428T170124.mp4,,,,,,,LOST
2026-04-28 16:31:26,365,FAILED,,ERROR,20260428T163126.mp4,,,,,,,LOST
2026-04-28 16:01:29,364,FAILED,,ERROR,20260428T160129.mp4,,,,,,,LOST
2026-04-28 15:31:29,363,FAILED,,ERROR,20260428T153129.mp4,,,,,,,LOST
2026-04-28 15:01:29,362,FAILED,,ERROR,20260428T150129.mp4,,,,,,,LOST
2026-04-28 14:31:29,361,FAILED,,ERROR,20260428T143129.mp4,,,,,,,LOST
2026-04-28 14:01:29,360,FAILED,,ERROR,20260428T140129.mp4,,,,,,,LOST
2026-04-28 13:31:28,359,FAILED,,ERROR,20260428T133128.mp4,,,,,,,LOST
2026-04-28 13:01:29,358,FAILED,,ERROR,20260428T130129.mp4,,,,,,,LOST
2026-04-28 12:31:29,357,FAILED,,ERROR,20260428T123129.mp4,,,,,,,LOST
2026-04-28 12:01:26,356,FAILED,,ERROR,20260428T120126.mp4,,,,,,,LOST
2026-04-28 11:31:26,355,FAILED,,ERROR,20260428T113126.mp4,,,,,,,LOST
2026-04-28 11:01:23,354,FAILED,,ERROR,20260428T110123.mp4,,,,,,,LOST
2026-04-28 10:31:26,353,FAILED,,ERROR,20260428T103126.mp4,,,,,,,LOST
2026-04-28 10:01:24,352,FAILED,,ERROR,20260428T100124.mp4,,,,,,,LOST
2026-04-28 09:31:27,351,FAILED,,ERROR,20260428T093127.mp4,,,,,,,LOST
2026-04-28 09:01:25,350,FAILED,,ERROR,20260428T090125.mp4,,,,,,,LOST
2026-04-28 08:31:29,349,FAILED,,ERROR,20260428T083129.mp4,,,,,,,LOST
2026-04-28 08:01:25,348,FAILED,,ERROR,20260428T080125.mp4,,,,,,,LOST
2026-04-28 07:31:26,347,FAILED,,ERROR,20260428T073126.mp4,,,,,,,LOST
2026-04-28 07:01:26,346,FAILED,,ERROR,20260428T070126.mp4,,,,,,,LOST
2026-04-28 06:31:23,345,FAILED,,ERROR,20260428T063123.mp4,,,,,,,LOST
2026-04-28 06:01:25,344,FAILED,,ERROR,20260428T060125.mp4,,,,,,,LOST
2026-04-28 05:31:26,343,FAILED,,ERROR,20260428T053126.mp4,,,,,,,LOST
2026-04-28 05:01:26,342,FAILED,,ERROR,20260428T050126.mp4,,,,,,,LOST
2026-04-28 04:31:26,341,FAILED,,ERROR,20260428T043126.mp4,,,,,,,LOST
2026-04-28 04:01:29,340,FAILED,,ERROR,20260428T040129.mp4,,,,,,,LOST
2026-04-28 03:31:26,339,FAILED,,ERROR,20260428T033126.mp4,,,,,,,LOST
2026-04-28 03:01:26,338,FAILED,,ERROR,20260428T030126.mp4,,,,,,,LOST
2026-04-28 02:31:29,337,FAILED,,ERROR,20260428T023129.mp4,,,,,,,LOST
2026-04-28 02:01:26,336,FAILED,,ERROR,20260428T020126.mp4,,,,,,,LOST
2026-04-28 01:31:26,335,FAILED,,ERROR,20260428T013126.mp4,,,,,,,LOST
2026-04-28 01:01:29,334,FAILED,,ERROR,20260428T010129.mp4,,,,,,,LOST
2026-04-28 00:31:25,333,FAILED,,ERROR,20260428T003125.mp4,,,,,,,LOST
2026-04-28 00:01:29,332,FAILED,,ERROR,20260428T000129.mp4,,,,,,,LOST
2026-04-27 23:31:26,331,FAILED,,ERROR,20260427T233126.mp4,,,,,,,LOST
2026-04-27 23:01:26,330,FAILED,,ERROR,20260427T230126.mp4,,,,,,,LOST
2026-04-27 22:31:24,329,FAILED,,ERROR,20260427T223124.mp4,,,,,,,LOST
2026-04-27 22:01:26,328,FAILED,,ERROR,20260427T220126.mp4,,,,,,,LOST
2026-04-27 21:31:24,327,FAILED,,ERROR,20260427T213124.mp4,,,,,,,LOST
2026-04-27 21:01:28,326,FAILED,,ERROR,20260427T210128.mp4,,,,,,,LOST
2026-04-27 20:31:26,325,FAILED,,ERROR,20260427T203126.mp4,,,,,,,LOST
2026-04-27 20:01:26,324,FAILED,,ERROR,20260427T200126.mp4,,,,,,,LOST
2026-04-27 19:31:24,323,FAILED,,ERROR,20260427T193124.mp4,,,,,,,LOST
2026-04-27 19:01:23,322,FAILED,,ERROR,20260427T190123.mp4,,,,,,,LOST
2026-04-27 18:31:26,321,FAILED,,ERROR,20260427T183126.mp4,,,,,,,LOST
2026-04-27 18:01:26,320,FAILED,,ERROR,20260427T180126.mp4,,,,,,,LOST
2026-04-27 17:31:26,319,FAILED,,ERROR,20260427T173126.mp4,,,,,,,LOST
2026-04-27 17:01:26,318,FAILED,,ERROR,20260427T170126.mp4,,,,,,,LOST
2026-04-27 16:31:26,317,FAILED,,ERROR,20260427T163126.mp4,,,,,,,LOST
2026-04-27 16:01:26,316,FAILED,,ERROR,20260427T160126.mp4,,,,,,,LOST
2026-04-27 15:31:28,315,FAILED,,ERROR,20260427T153128.mp4,,,,,,,LOST
2026-04-27 15:01:25,314,FAILED,,ERROR,20260427T150125.mp4,,,,,,,LOST
2026-04-27 14:31:25,313,FAILED,,ERROR,20260427T143125.mp4,,,,,,,LOST
2026-04-27 14:01:26,312,FAILED,,ERROR,20260427T140126.mp4,,,,,,,LOST
2026-04-27 13:31:24,311,FAILED,,ERROR,20260427T133124.mp4,,,,,,,LOST
2026-04-27 13:01:25,310,FAILED,,ERROR,20260427T130125.mp4,,,,,,,LOST
2026-04-27 12:31:26,309,FAILED,,ERROR,20260427T123126.mp4,,,,,,,LOST
2026-04-27 12:01:26,308,FAILED,,ERROR,20260427T120126.mp4,,,,,,,LOST
2026-04-27 11:31:24,307,FAILED,,ERROR,20260427T113124.mp4,,,,,,,LOST
2026-04-27 11:01:24,306,FAILED,,ERROR,20260427T110124.mp4,,,,,,,LOST
2026-04-27 10:31:26,305,FAILED,,ERROR,20260427T103126.mp4,,,,,,,LOST
2026-04-27 10:01:24,304,FAILED,,ERROR,20260427T100124.mp4,,,,,,,LOST
2026-04-27 09:31:26,303,FAILED,,ERROR,20260427T093126.mp4,,,,,,,LOST
2026-04-27 09:01:26,302,FAILED,,ERROR,20260427T090126.mp4,,,,,,,LOST
2026-04-27 08:31:26,301,FAILED,,ERROR,20260427T083126.mp4,,,,,,,LOST
2026-04-27 08:01:26,300,FAILED,,ERROR,20260427T080126.mp4,,,,,,,LOST
2026-04-27 07:31:26,299,FAILED,,ERROR,20260427T073126.mp4,,,,,,,LOST
2026-04-27 07:01:24,298,FAILED,,ERROR,20260427T070124.mp4,,,,,,,LOST
2026-04-27 06:31:26,297,FAILED,,ERROR,20260427T063126.mp4,,,,,,,LOST
2026-04-27 06:01:23,296,FAILED,,ERROR,20260427T060123.mp4,,,,,,,LOST
2026-04-27 05:31:26,295,FAILED,,ERROR,20260427T053126.mp4,,,,,,,LOST
2026-04-27 05:01:26,294,FAILED,,ERROR,20260427T050126.mp4,,,,,,,LOST
2026-04-27 04:31:26,293,FAILED,,ERROR,20260427T043126.mp4,,,,,,,LOST
2026-04-27 04:01:26,292,FAILED,,ERROR,20260427T040126.mp4,,,,,,,LOST
2026-04-27 03:31:25,291,FAILED,,ERROR,20260427T033125.mp4,,,,,,,LOST
2026-04-27 03:01:26,290,FAILED,,ERROR,20260427T030126.mp4,,,,,,,LOST
2026-04-27 02:31:25,289,FAILED,,ERROR,20260427T023125.mp4,,,,,,,LOST
2026-04-27 02:01:26,288,FAILED,,ERROR,20260427T020126.mp4,,,,,,,LOST
2026-04-27 01:31:26,287,FAILED,,ERROR,20260427T013126.mp4,,,,,,,LOST
2026-04-27 01:01:26,286,FAILED,,ERROR,20260427T010126.mp4,,,,,,,LOST
2026-04-27 00:31:24,285,FAILED,,ERROR,20260427T003124.mp4,,,,,,,LOST
2026-04-27 00:01:26,284,FAILED,,ERROR,20260427T000126.mp4,,,,,,,LOST
2026-04-26 23:31:26,283,FAILED,,ERROR,20260426T233126.mp4,,,,,,,LOST
2026-04-26 23:01:25,282,FAILED,,ERROR,20260426T230125.mp4,,,,,,,LOST
2026-04-26 22:31:29,281,FAILED,,ERROR,20260426T223129.mp4,,,,,,,LOST
2026-04-26 22:01:26,280,FAILED,,ERROR,20260426T220126.mp4,,,,,,,LOST
2026-04-26 21:31:28,279,FAILED,,ERROR,20260426T213128.mp4,,,,,,,LOST
2026-04-26 21:01:24,278,FAILED,,ERROR,20260426T210124.mp4,,,,,,,LOST
2026-04-26 20:31:24,277,FAILED,,ERROR,20260426T203124.mp4,,,,,,,LOST
2026-04-26 20:01:26,276,FAILED,,ERROR,20260426T200126.mp4,,,,,,,LOST
2026-04-26 19:31:28,275,FAILED,,ERROR,20260426T193128.mp4,,,,,,,LOST
2026-04-26 19:01:26,274,FAILED,,ERROR,20260426T190126.mp4,,,,,,,LOST
2026-04-26 18:31:24,273,FAILED,,ERROR,20260426T183124.mp4,,,,,,,LOST
2026-04-26 18:01:26,272,FAILED,,ERROR,20260426T180126.mp4,,,,,,,LOST
2026-04-26 17:31:26,271,FAILED,,ERROR,20260426T173126.mp4,,,,,,,LOST
2026-04-26 17:01:26,270,FAILED,,ERROR,20260426T170126.mp4,,,,,,,LOST
2026-04-26 16:31:26,269,FAILED,,ERROR,20260426T163126.mp4,,,,,,,LOST
2026-04-26 16:01:28,268,FAILED,,ERROR,20260426T160128.mp4,,,,,,,LOST
2026-04-26 15:31:25,267,FAILED,,ERROR,20260426T153125.mp4,,,,,,,LOST
2026-04-26 15:01:26,266,FAILED,,ERROR,20260426T150126.mp4,,,,,,,LOST
2026-04-26 14:31:26,265,FAILED,,ERROR,20260426T143126.mp4,,,,,,,LOST
2026-04-26 14:01:29,264,FAILED,,ERROR,20260426T140129.mp4,,,,,,,LOST
2026-04-26 13:31:28,263,FAILED,,ERROR,20260426T133128.mp4,,,,,,,LOST
2026-04-26 13:01:28,262,FAILED,,ERROR,20260426T130128.mp4,,,,,,,LOST
2026-04-26 12:31:26,261,FAILED,,ERROR,20260426T123126.mp4,,,,,,,LOST
2026-04-26 12:01:28,260,FAILED,,ERROR,20260426T120128.mp4,,,,,,,LOST
2026-04-26 11:31:26,259,FAILED,,ERROR,20260426T113126.mp4,,,,,,,LOST
2026-04-26 11:01:26,258,FAILED,,ERROR,20260426T110126.mp4,,,,,,,LOST
2026-04-26 10:31:29,257,FAILED,,ERROR,20260426T103129.mp4,,,,,,,LOST
2026-04-26 10:01:26,256,FAILED,,ERROR,20260426T100126.mp4,,,,,,,LOST
2026-04-26 09:31:25,255,FAILED,,ERROR,20260426T093125.mp4,,,,,,,LOST
2026-04-26 09:01:29,254,FAILED,,ERROR,20260426T090129.mp4,,,,,,,LOST
2026-04-26 08:31:26,253,FAILED,,ERROR,20260426T083126.mp4,,,,,,,LOST
2026-04-26 08:01:26,252,FAILED,,ERROR,20260426T080126.mp4,,,,,,,LOST
2026-04-26 07:31:26,251,FAILED,,ERROR,20260426T073126.mp4,,,,,,,LOST
2026-04-26 07:01:26,250,FAILED,,ERROR,20260426T070126.mp4,,,,,,,LOST
2026-04-26 06:31:25,249,FAILED,,ERROR,20260426T063125.mp4,,,,,,,LOST
2026-04-26 06:01:23,248,FAILED,,ERROR,20260426T060123.mp4,,,,,,,LOST
2026-04-26 05:31:26,247,FAILED,,ERROR,20260426T053126.mp4,,,,,,,LOST
2026-04-26 05:01:29,246,FAILED,,ERROR,20260426T050129.mp4,,,,,,,LOST
2026-04-26 04:31:26,245,FAILED,,ERROR,20260426T043126.mp4,,,,,,,LOST
2026-04-26 04:01:28,244,FAILED,,ERROR,20260426T040128.mp4,,,,,,,LOST
2026-04-26 03:31:26,243,FAILED,,ERROR,20260426T033126.mp4,,,,,,,LOST
2026-04-26 03:01:23,242,FAILED,,ERROR,20260426T030123.mp4,,,,,,,LOST
2026-04-26 02:31:26,241,FAILED,,ERROR,20260426T023126.mp4,,,,,,,LOST
2026-04-26 02:01:26,240,FAILED,,ERROR,20260426T020126.mp4,,,,,,,LOST
2026-04-26 01:31:23,239,FAILED,,ERROR,20260426T013123.mp4,,,,,,,LOST
2026-04-26 01:01:26,238,FAILED,,ERROR,20260426T010126.mp4,,,,,,,LOST
2026-04-26 00:31:26,237,FAILED,,ERROR,20260426T003126.mp4,,,,,,,LOST
2026-04-26 00:01:28,236,FAILED,,ERROR,20260426T000128.mp4,,,,,,,LOST
2026-04-25 23:31:26,235,FAILED,,ERROR,20260425T233126.mp4,,,,,,,LOST
2026-04-25 23:01:26,234,FAILED,,ERROR,20260425T230126.mp4,,,,,,,LOST
2026-04-25 22:31:26,233,FAILED,,ERROR,20260425T223126.mp4,,,,,,,LOST
2026-04-25 22:01:26,232,FAILED,,ERROR,20260425T220126.mp4,,,,,,,LOST
2026-04-25 21:31:23,231,FAILED,,ERROR,20260425T213123.mp4,,,,,,,LOST
2026-04-25 21:01:24,230,FAILED,,ERROR,20260425T210124.mp4,,,,,,,LOST
2026-04-25 20:31:26,229,FAILED,,ERROR,20260425T203126.mp4,,,,,,,LOST
2026-04-25 20:01:22,228,FAILED,,ERROR,20260425T200122.mp4,,,,,,,LOST
2026-04-25 19:31:24,227,FAILED,,ERROR,20260425T193124.mp4,,,,,,,LOST
2026-04-25 19:01:26,226,FAILED,,ERROR,20260425T190126.mp4,,,,,,,LOST
2026-04-25 18:31:28,225,FAILED,,ERROR,20260425T183128.mp4,,,,,,,LOST
2026-04-25 18:01:24,224,FAILED,,ERROR,20260425T180124.mp4,,,,,,,LOST
2026-04-25 17:31:26,223,FAILED,,ERROR,20260425T173126.mp4,,,,,,,LOST
2026-04-25 17:01:24,222,FAILED,,ERROR,20260425T170124.mp4,,,,,,,LOST
2026-04-25 16:31:26,221,FAILED,,ERROR,20260425T163126.mp4,,,,,,,LOST
2026-04-25 16:01:26,220,FAILED,,ERROR,20260425T160126.mp4,,,,,,,LOST
2026-04-25 15:31:26,219,FAILED,,ERROR,20260425T153126.mp4,,,,,,,LOST
2026-04-25 15:01:26,218,FAILED,,ERROR,20260425T150126.mp4,,,,,,,LOST
2026-04-25 14:31:24,217,FAILED,,ERROR,20260425T143124.mp4,,,,,,,LOST
2026-04-25 14:01:26,216,FAILED,,ERROR,20260425T140126.mp4,,,,,,,LOST
2026-04-25 13:31:26,215,FAILED,,ERROR,20260425T133126.mp4,,,,,,,LOST
2026-04-25 13:01:26,214,FAILED,,ERROR,20260425T130126.mp4,,,,,,,LOST
2026-04-25 12:31:26,213,FAILED,,ERROR,20260425T123126.mp4,,,,,,,LOST
2026-04-25 12:01:24,212,FAILED,,ERROR,20260425T120124.mp4,,,,,,,LOST
2026-04-25 11:31:26,211,FAILED,,ERROR,20260425T113126.mp4,,,,,,,LOST
2026-04-25 11:01:26,210,FAILED,,ERROR,20260425T110126.mp4,,,,,,,LOST
2026-04-25 10:31:26,209,FAILED,,ERROR,20260425T103126.mp4,,,,,,,LOST
2026-04-25 10:01:26,208,FAILED,,ERROR,20260425T100126.mp4,,,,,,,LOST
2026-04-25 09:31:29,207,FAILED,,ERROR,20260425T093129.mp4,,,,,,,LOST
2026-04-25 09:01:26,206,FAILED,,ERROR,20260425T090126.mp4,,,,,,,LOST
2026-04-25 08:31:25,205,FAILED,,ERROR,20260425T083125.mp4,,,,,,,LOST
2026-04-25 08:01:23,204,FAILED,,ERROR,20260425T080123.mp4,,,,,,,LOST
2026-04-25 07:31:26,203,FAILED,,ERROR,20260425T073126.mp4,,,,,,,LOST
2026-04-25 07:01:24,202,FAILED,,ERROR,20260425T070124.mp4,,,,,,,LOST
2026-04-25 06:31:26,201,FAILED,,ERROR,20260425T063126.mp4,,,,,,,LOST
2026-04-25 06:01:23,200,FAILED,,ERROR,20260425T060123.mp4,,,,,,,LOST
2026-04-25 05:31:26,199,FAILED,,ERROR,20260425T053126.mp4,,,,,,,LOST
2026-04-25 05:01:24,198,FAILED,,ERROR,20260425T050124.mp4,,,,,,,LOST
2026-04-25 04:31:26,197,FAILED,,ERROR,20260425T043126.mp4,,,,,,,LOST
2026-04-25 04:01:23,196,FAILED,,ERROR,20260425T040123.mp4,,,,,,,LOST
2026-04-25 03:31:26,195,FAILED,,ERROR,20260425T033126.mp4,,,,,,,LOST
2026-04-25 03:01:26,194,FAILED,,ERROR,20260425T030126.mp4,,,,,,,LOST
2026-04-25 02:31:26,193,FAILED,,ERROR,20260425T023126.mp4,,,,,,,LOST
2026-04-25 02:01:26,192,FAILED,,ERROR,20260425T020126.mp4,,,,,,,LOST
2026-04-25 01:31:28,191,FAILED,,ERROR,20260425T013128.mp4,,,,,,,LOST
2026-04-25 01:01:28,190,FAILED,,ERROR,20260425T010128.mp4,,,,,,,LOST
2026-04-25 00:31:26,189,FAILED,,ERROR,20260425T003126.mp4,,,,,,,LOST
2026-04-25 00:01:26,188,FAILED,,ERROR,20260425T000126.mp4,,,,,,,LOST
2026-04-24 23:31:26,187,FAILED,,ERROR,20260424T233126.mp4,,,,,,,LOST
2026-04-24 23:01:24,186,FAILED,,ERROR,20260424T230124.mp4,,,,,,,LOST
2026-04-24 22:31:23,185,FAILED,,ERROR,20260424T223123.mp4,,,,,,,LOST
2026-04-24 22:01:26,184,FAILED,,ERROR,20260424T220126.mp4,,,,,,,LOST
2026-04-24 21:31:26,183,FAILED,,ERROR,20260424T213126.mp4,,,,,,,LOST
2026-04-24 21:01:26,182,FAILED,,ERROR,20260424T210126.mp4,,,,,,,LOST
2026-04-24 20:31:26,181,FAILED,,ERROR,20260424T203126.mp4,,,,,,,LOST
2026-04-24 20:01:26,180,FAILED,,ERROR,20260424T200126.mp4,,,,,,,LOST
2026-04-24 19:31:25,179,FAILED,,ERROR,20260424T193125.mp4,,,,,,,LOST
2026-04-24 19:01:26,178,FAILED,,ERROR,20260424T190126.mp4,,,,,,,LOST
2026-04-24 18:31:28,177,FAILED,,ERROR,20260424T183128.mp4,,,,,,,LOST
2026-04-24 18:01:26,176,FAILED,,ERROR,20260424T180126.mp4,,,,,,,LOST
2026-04-24 17:31:26,175,FAILED,,ERROR,20260424T173126.mp4,,,,,,,LOST
2026-04-24 17:01:26,174,FAILED,,ERROR,20260424T170126.mp4,,,,,,,LOST
2026-04-24 16:31:28,173,FAILED,,ERROR,20260424T163128.mp4,,,,,,,LOST
2026-04-24 16:01:26,172,FAILED,,ERROR,20260424T160126.mp4,,,,,,,LOST
2026-04-24 15:31:26,171,FAILED,,ERROR,20260424T153126.mp4,,,,,,,LOST
2026-04-24 15:01:26,170,FAILED,,ERROR,20260424T150126.mp4,,,,,,,LOST
2026-04-24 14:31:26,169,FAILED,,ERROR,20260424T143126.mp4,,,,,,,LOST
2026-04-24 14:01:24,168,FAILED,,ERROR,20260424T140124.mp4,,,,,,,LOST
2026-04-24 13:31:26,167,FAILED,,ERROR,20260424T133126.mp4,,,,,,,LOST
2026-04-24 13:01:24,166,FAILED,,ERROR,20260424T130124.mp4,,,,,,,LOST
2026-04-24 12:31:24,165,FAILED,,ERROR,20260424T123124.mp4,,,,,,,LOST
2026-04-24 12:01:26,164,FAILED,,ERROR,20260424T120126.mp4,,,,,,,LOST
2026-04-24 11:31:26,163,FAILED,,ERROR,20260424T113126.mp4,,,,,,,LOST
2026-04-24 11:01:26,162,FAILED,,ERROR,20260424T110126.mp4,,,,,,,LOST
2026-04-24 10:31:26,161,FAILED,,ERROR,20260424T103126.mp4,,,,,,,LOST
2026-04-24 10:01:26,160,FAILED,,ERROR,20260424T100126.mp4,,,,,,,LOST
2026-04-24 09:31:26,159,FAILED,,ERROR,20260424T093126.mp4,,,,,,,LOST
2026-04-24 09:01:25,158,FAILED,,ERROR,20260424T090125.mp4,,,,,,,LOST
2026-04-24 08:31:26,157,FAILED,,ERROR,20260424T083126.mp4,,,,,,,LOST
2026-04-24 08:01:26,156,FAILED,,ERROR,20260424T080126.mp4,,,,,,,LOST
2026-04-24 07:31:29,155,FAILED,,ERROR,20260424T073129.mp4,,,,,,,LOST
2026-04-24 07:01:29,154,FAILED,,ERROR,20260424T070129.mp4,,,,,,,LOST
2026-04-24 06:31:26,153,FAILED,,ERROR,20260424T063126.mp4,,,,,,,LOST
2026-04-24 06:01:26,152,FAILED,,ERROR,20260424T060126.mp4,,,,,,,LOST
2026-04-24 05:31:26,151,FAILED,,ERROR,20260424T053126.mp4,,,,,,,LOST
2026-04-24 05:01:29,150,FAILED,,ERROR,20260424T050129.mp4,,,,,,,LOST
2026-04-24 04:31:29,149,FAILED,,ERROR,20260424T043129.mp4,,,,,,,LOST
2026-04-24 04:01:26,148,FAILED,,ERROR,20260424T040126.mp4,,,,,,,LOST
2026-04-24 03:31:26,147,FAILED,,ERROR,20260424T033126.mp4,,,,,,,LOST
2026-04-24 03:01:26,146,FAILED,,ERROR,20260424T030126.mp4,,,,,,,LOST
2026-04-24 02:31:26,145,FAILED,,ERROR,20260424T023126.mp4,,,,,,,LOST
2026-04-24 02:01:26,144,FAILED,,ERROR,20260424T020126.mp4,,,,,,,LOST
2026-04-24 01:31:28,143,FAILED,,ERROR,20260424T013128.mp4,,,,,,,LOST
2026-04-24 01:01:26,142,FAILED,,ERROR,20260424T010126.mp4,,,,,,,LOST
2026-04-24 00:31:26,141,FAILED,,ERROR,20260424T003126.mp4,,,,,,,LOST
2026-04-24 00:01:23,140,FAILED,,ERROR,20260424T000123.mp4,,,,,,,LOST
2026-04-23 23:31:26,139,FAILED,,ERROR,20260423T233126.mp4,,,,,,,LOST
2026-04-23 23:01:28,138,FAILED,,ERROR,20260423T230128.mp4,,,,,,,LOST
2026-04-23 22:31:23,137,FAILED,,ERROR,20260423T223123.mp4,,,,,,,LOST
2026-04-23 22:01:29,136,FAILED,,ERROR,20260423T220129.mp4,,,,,,,LOST
2026-04-23 21:31:23,135,FAILED,,ERROR,20260423T213123.mp4,,,,,,,LOST
2026-04-23 21:01:28,134,FAILED,,ERROR,20260423T210128.mp4,,,,,,,LOST
2026-04-23 20:31:26,133,FAILED,,ERROR,20260423T203126.mp4,,,,,,,LOST
2026-04-23 20:01:26,132,FAILED,,ERROR,20260423T200126.mp4,,,,,,,LOST
2026-04-23 19:31:26,131,FAILED,,ERROR,20260423T193126.mp4,,,,,,,LOST
2026-04-23 19:01:26,130,FAILED,,ERROR,20260423T190126.mp4,,,,,,,LOST
2026-04-23 18:31:27,129,FAILED,,ERROR,20260423T183127.mp4,,,,,,,LOST
2026-04-23 18:01:23,128,FAILED,,ERROR,20260423T180123.mp4,,,,,,,LOST
2026-04-23 17:31:26,127,FAILED,,ERROR,20260423T173126.mp4,,,,,,,LOST
2026-04-23 17:01:26,126,FAILED,,ERROR,20260423T170126.mp4,,,,,,,LOST
2026-04-23 16:31:26,125,FAILED,,ERROR,20260423T163126.mp4,,,,,,,LOST
2026-04-23 16:01:26,124,FAILED,,ERROR,20260423T160126.mp4,,,,,,,LOST
2026-04-23 15:31:28,123,FAILED,,ERROR,20260423T153128.mp4,,,,,,,LOST
2026-04-23 15:01:23,122,FAILED,,ERROR,20260423T150123.mp4,,,,,,,LOST
2026-04-23 14:31:26,121,FAILED,,ERROR,20260423T143126.mp4,,,,,,,LOST
2026-04-23 14:01:24,120,FAILED,,ERROR,20260423T140124.mp4,,,,,,,LOST
2026-04-23 13:31:23,119,FAILED,,ERROR,20260423T133123.mp4,,,,,,,LOST
2026-04-23 13:01:26,118,FAILED,,ERROR,20260423T130126.mp4,,,,,,,LOST
2026-04-23 12:31:26,117,FAILED,,ERROR,20260423T123126.mp4,,,,,,,LOST
2026-04-23 12:01:26,116,FAILED,,ERROR,20260423T120126.mp4,,,,,,,LOST
2026-04-23 11:31:26,115,FAILED,,ERROR,20260423T113126.mp4,,,,,,,LOST
2026-04-23 11:01:26,114,FAILED,,ERROR,20260423T110126.mp4,,,,,,,LOST
2026-04-23 10:31:25,113,FAILED,,ERROR,20260423T103125.mp4,,,,,,,LOST
2026-04-23 10:01:23,112,FAILED,,ERROR,20260423T100123.mp4,,,,,,,LOST
2026-04-23 09:31:26,111,FAILED,,ERROR,20260423T093126.mp4,,,,,,,LOST
2026-04-23 09:01:26,110,FAILED,,ERROR,20260423T090126.mp4,,,,,,,LOST
2026-04-23 08:31:28,109,FAILED,,ERROR,20260423T083128.mp4,,,,,,,LOST
2026-04-23 08:01:28,108,FAILED,,ERROR,20260423T080128.mp4,,,,,,,LOST
2026-04-23 07:31:26,107,FAILED,,ERROR,20260423T073126.mp4,,,,,,,LOST
2026-04-23 07:01:24,106,FAILED,,ERROR,20260423T070124.mp4,,,,,,,LOST
2026-04-23 06:31:26,105,FAILED,,ERROR,20260423T063126.mp4,,,,,,,LOST
2026-04-23 06:01:26,104,FAILED,,ERROR,20260423T060126.mp4,,,,,,,LOST
2026-04-23 05:31:26,103,FAILED,,ERROR,20260423T053126.mp4,,,,,,,LOST
2026-04-23 05:01:26,102,FAILED,,ERROR,20260423T050126.mp4,,,,,,,LOST
2026-04-23 04:31:28,101,FAILED,,ERROR,20260423T043128.mp4,,,,,,,LOST
2026-04-23 04:01:26,100,FAILED,,ERROR,20260423T040126.mp4,,,,,,,LOST
2026-04-23 03:31:26,99,FAILED,,ERROR,20260423T033126.mp4,,,,,,,LOST
2026-04-23 03:01:26,98,FAILED,,ERROR,20260423T030126.mp4,,,,,,,LOST
2026-04-23 02:31:28,97,FAILED,,ERROR,20260423T023128.mp4,,,,,,,LOST
2026-04-23 02:01:26,96,FAILED,,ERROR,20260423T020126.mp4,,,,,,,LOST
2026-04-23 01:31:26,95,FAILED,,ERROR,20260423T013126.mp4,,,,,,,LOST
2026-04-23 01:01:28,94,FAILED,,ERROR,20260423T010128.mp4,,,,,,,LOST
2026-04-23 00:31:28,93,FAILED,,ERROR,20260423T003128.mp4,,,,,,,LOST
2026-04-23 00:01:23,92,FAILED,,ERROR,20260423T000123.mp4,,,,,,,LOST
2026-04-22 23:31:29,91,FAILED,,ERROR,20260422T233129.mp4,,,,,,,LOST
2026-04-22 23:01:26,90,FAILED,,ERROR,20260422T230126.mp4,,,,,,,LOST
2026-04-22 22:31:23,89,FAILED,,ERROR,20260422T223123.mp4,,,,,,,LOST
2026-04-22 22:01:26,88,FAILED,,ERROR,20260422T220126.mp4,,,,,,,LOST
2026-04-22 21:31:26,87,FAILED,,ERROR,20260422T213126.mp4,,,,,,,LOST
2026-04-22 21:01:26,86,FAILED,,ERROR,20260422T210126.mp4,,,,,,,LOST
2026-04-22 20:31:24,85,FAILED,,ERROR,20260422T203124.mp4,,,,,,,LOST
2026-04-22 20:01:26,84,FAILED,,ERROR,20260422T200126.mp4,,,,,,,LOST
2026-04-22 19:31:26,83,FAILED,,ERROR,20260422T193126.mp4,,,,,,,LOST
2026-04-22 19:01:23,82,FAILED,,ERROR,20260422T190123.mp4,,,,,,,LOST
2026-04-22 18:31:26,81,FAILED,,ERROR,20260422T183126.mp4,,,,,,,LOST
2026-04-22 18:01:26,80,FAILED,,ERROR,20260422T180126.mp4,,,,,,,LOST
2026-04-22 17:31:23,79,FAILED,,ERROR,20260422T173123.mp4,,,,,,,LOST
2026-04-22 17:01:23,78,FAILED,,ERROR,20260422T170123.mp4,,,,,,,LOST
2026-04-22 16:31:23,77,FAILED,,ERROR,20260422T163123.mp4,,,,,,,LOST
2026-04-22 16:01:24,76,FAILED,,ERROR,20260422T160124.mp4,,,,,,,LOST
2026-04-22 15:31:26,75,FAILED,,ERROR,20260422T153126.mp4,,,,,,,LOST
2026-04-22 15:01:26,74,FAILED,,ERROR,20260422T150126.mp4,,,,,,,LOST
2026-04-22 14:31:26,73,FAILED,,ERROR,20260422T143126.mp4,,,,,,,LOST
2026-04-22 14:01:29,72,FAILED,,ERROR,20260422T140129.mp4,,,,,,,LOST
2026-04-22 13:01:26,69,LOCAL,,NEW,20260422T130126.mp4,,,,,,,LOST
2026-04-22 12:31:26,68,LOCAL,,NEW,20260422T123126.mp4,,,,,,,LOST
2026-04-22 12:01:24,67,LOCAL,,NEW,20260422T120124.mp4,,,,,,,LOST
2026-04-22 11:31:23,66,LOCAL,,NEW,20260422T113123.mp4,,,,,,,LOST
2026-04-22 11:01:26,65,LOCAL,,NEW,20260422T110126.mp4,,,,,,,LOST
2026-04-22 10:31:26,64,FAILED,,DONE,20260422T103126.mp4,,,,,,,LOST
2026-04-22 09:31:29,62,LOCAL,,NEW,20260422T093129.mp4,,,,,,,LOST
2026-04-22 09:01:26,61,LOCAL,,NEW,20260422T090126.mp4,,,,,,,LOST
2026-04-22 08:31:26,60,LOCAL,,NEW,20260422T083126.mp4,,,,,,,LOST
2026-04-22 08:01:26,59,LOCAL,,NEW,20260422T080126.mp4,,,,,,,LOST
2026-04-22 07:31:26,58,LOCAL,,NEW,20260422T073126.mp4,,,,,,,LOST
2026-04-22 07:01:23,57,LOCAL,,NEW,20260422T070123.mp4,,,,,,,LOST
2026-04-22 06:31:28,56,LOCAL,,NEW,20260422T063128.mp4,,,,,,,LOST
2026-04-22 06:01:26,55,LOCAL,,NEW,20260422T060126.mp4,,,,,,,LOST
2026-04-22 05:31:26,54,LOCAL,,NEW,20260422T053126.mp4,,,,,,,LOST
2026-04-22 05:01:26,53,LOCAL,,NEW,20260422T050126.mp4,,,,,,,LOST
2026-04-22 04:31:24,52,LOCAL,,NEW,20260422T043124.mp4,,,,,,,LOST
2026-04-22 04:01:24,51,LOCAL,,NEW,20260422T040124.mp4,,,,,,,LOST
2026-04-22 03:31:26,50,LOCAL,,NEW,20260422T033126.mp4,,,,,,,LOST
2026-04-22 03:01:26,49,LOCAL,,NEW,20260422T030126.mp4,,,,,,,LOST
2026-04-22 02:31:25,48,LOCAL,,NEW,20260422T023125.mp4,,,,,,,LOST
2026-04-22 02:01:26,47,LOCAL,,NEW,20260422T020126.mp4,,,,,,,LOST
2026-04-22 01:31:26,46,LOCAL,,NEW,20260422T013126.mp4,,,,,,,LOST
2026-04-22 01:01:24,45,LOCAL,,NEW,20260422T010124.mp4,,,,,,,LOST
2026-04-22 00:31:23,44,LOCAL,,NEW,20260422T003123.mp4,,,,,,,LOST
2026-04-22 00:01:25,43,LOCAL,,NEW,20260422T000125.mp4,,,,,,,LOST
2026-04-21 23:31:26,42,LOCAL,,NEW,20260421T233126.mp4,,,,,,,LOST
2026-04-21 23:01:25,41,LOCAL,,NEW,20260421T230125.mp4,,,,,,,LOST
2026-04-21 22:31:28,40,LOCAL,,NEW,20260421T223128.mp4,,,,,,,LOST
2026-04-21 22:01:26,39,LOCAL,,NEW,20260421T220126.mp4,,,,,,,LOST
2026-04-21 21:31:26,38,LOCAL,,NEW,20260421T213126.mp4,,,,,,,LOST
2026-04-21 21:01:28,37,LOCAL,,NEW,20260421T210128.mp4,,,,,,,LOST
2026-04-21 20:31:26,36,LOCAL,,NEW,20260421T203126.mp4,,,,,,,LOST
2026-04-21 20:01:26,35,LOCAL,,NEW,20260421T200126.mp4,,,,,,,LOST
2026-04-21 19:31:23,34,LOCAL,,NEW,20260421T193123.mp4,,,,,,,LOST
2026-04-21 19:01:26,33,LOCAL,,NEW,20260421T190126.mp4,,,,,,,LOST
2026-04-21 18:31:28,32,LOCAL,,NEW,20260421T183128.mp4,,,,,,,LOST
2026-04-21 18:01:28,31,LOCAL,,NEW,20260421T180128.mp4,,,,,,,LOST
2026-04-21 17:31:26,30,LOCAL,,NEW,20260421T173126.mp4,,,,,,,LOST
2026-04-21 17:01:24,29,LOCAL,,NEW,20260421T170124.mp4,,,,,,,LOST
2026-04-21 16:31:26,28,LOCAL,,NEW,20260421T163126.mp4,,,,,,,LOST
2026-04-21 16:01:29,27,LOCAL,,NEW,20260421T160129.mp4,,,,,,,LOST
2026-04-21 15:31:29,26,LOCAL,,NEW,20260421T153129.mp4,,,,,,,LOST
2026-04-21 15:01:26,25,LOCAL,,NEW,20260421T150126.mp4,,,,,,,LOST
2026-04-21 14:31:26,24,LOCAL,,NEW,20260421T143126.mp4,,,,,,,LOST
2026-04-21 14:01:26,23,LOCAL,,NEW,20260421T140126.mp4,,,,,,,LOST
2026-04-21 13:31:26,22,LOCAL,,NEW,20260421T133126.mp4,,,,,,,LOST
2026-04-21 13:01:26,21,LOCAL,,NEW,20260421T130126.mp4,,,,,,,LOST
2026-04-21 12:31:29,20,LOCAL,,NEW,20260421T123129.mp4,,,,,,,LOST
2026-04-21 12:01:29,19,LOCAL,,NEW,20260421T120129.mp4,,,,,,,LOST
2026-04-21 11:31:26,18,LOCAL,,NEW,20260421T113126.mp4,,,,,,,LOST
2026-04-21 11:01:26,17,LOCAL,,NEW,20260421T110126.mp4,,,,,,,LOST
2026-04-21 10:31:03,16,LOCAL,,NEW,20260421T103103.mp4,,,,,,,LOST
2026-04-21 10:16:06,15,LOCAL,,NEW,20260421T101606.mp4,,,,,,,LOST
2026-04-21 10:01:24,14,LOCAL,,NEW,20260421T100124.mp4,,,,,,,LOST
2026-04-21 09:51:45,13,LOCAL,,NEW,20260421T095145.mp4,,,,,,,LOST
2026-04-21 09:46:08,1011,FAILED,,DONE,20260421T094608.mp4,,,,,,,LOST
2026-04-21 09:31:28,1012,FAILED,,DONE,20260421T093128.mp4,,,,,,,LOST
2026-04-21 09:16:02,1043,FAILED,,DONE,20260421T091602.mp4,,,,,,,LOST
2026-04-21 09:01:25,1017,FAILED,,DONE,20260421T090125.mp4,,,,,,,LOST
2026-04-21 08:46:08,1048,FAILED,,DONE,20260421T084608.mp4,,,,,,,LOST
2026-04-21 08:31:23,1021,FAILED,,DONE,20260421T083123.mp4,,,,,,,LOST
2026-04-21 07:46:06,1004,FAILED,,ERROR,20260421T074606.mp4,,,,,,,LOST
2026-04-21 07:31:28,1024,FAILED,,ERROR,20260421T073128.mp4,,,,,,,LOST
2026-04-21 07:01:26,1046,FAILED,,DONE,20260421T070126.mp4,,,,,,,LOST
2026-04-21 06:46:03,1008,FAILED,,DONE,20260421T064603.mp4,,,,,,,LOST
2026-04-21 06:31:29,1002,FAILED,,ERROR,20260421T063129.mp4,,,,,,,LOST
2026-04-21 06:16:03,1003,FAILED,,DONE,20260421T061603.mp4,,,,,,,LOST
2026-04-21 06:01:26,1019,FAILED,,DONE,20260421T060126.mp4,,,,,,,LOST
2026-04-21 05:46:06,1016,FAILED,,DONE,20260421T054606.mp4,,,,,,,LOST
2026-04-21 05:31:23,1029,FAILED,,DONE,20260421T053123.mp4,,,,,,,LOST
2026-04-21 04:46:03,1051,FAILED,,DONE,20260421T044603.mp4,,,,,,,LOST
2026-04-21 04:31:25,1005,FAILED,,ERROR,20260421T043125.mp4,,,,,,,LOST
2026-04-21 04:01:29,1041,LOCAL,,NEW,,,,,,,,LOST
2026-04-21 03:45:22,1014,FAILED,,DONE,20260421T034522.mp4,,,,,,,LOST
2026-04-21 03:31:26,1050,FAILED,,DONE,20260421T033126.mp4,,,,,,,LOST
2026-04-21 03:16:13,1020,FAILED,,DONE,20260421T031613.mp4,,,,,,,LOST
2026-04-20 03:48:13,70,LOCAL,,NEW,20260420T034813.mp4,,,,,,,LOST
2026-04-20 03:48:00,63,FAILED,,DONE,sukabumi_calibration.mp4,,,,,,,LOST
2026-04-20 03:48:00,71,LOCAL,,NEW,sukabumi_calibration.mp4,,,,,,,LOST
2026-04-14 10:24:56,12,LOCAL,,NEW,20260414T102456.mp4,,,,,,,LOST
2026-04-08 21:46:09,11,LOCAL,,NEW,20260408T214609.mp4,,,,,,,LOST
2026-04-08 21:31:02,1,LOCAL,,NEW,20260408T213102.mp4,,,,,,,LOST
2026-04-08 21:26:59,9,LOCAL,,NEW,20260408T212659.mp4,,,,,,,LOST
2026-04-08 21:16:38,3,LOCAL,,NEW,20260408T211638.mp4,,,,,,,LOST
2026-04-08 21:01:28,8,LOCAL,,NEW,20260408T210128.mp4,,,,,,,LOST
2026-04-08 20:46:32,5,LOCAL,,NEW,20260408T204632.mp4,,,,,,,LOST
2026-04-08 20:31:26,2,LOCAL,,NEW,20260408T203126.mp4,,,,,,,LOST
2026-04-08 20:16:30,6,LOCAL,,NEW,20260408T201630.mp4,,,,,,,LOST
2026-04-08 20:01:32,4,LOCAL,,NEW,20260408T200132.mp4,,,,,,,LOST
2026-04-08 19:51:14,7,LOCAL,,NEW,20260408T195114.mp4,,,,,,,LOST
2026-04-08 14:37:41,10,LOCAL,,NEW,20260408T143741.mp4,,,,,,,LOST
