date,name,station_status,remote_id,station_bytes,mirror_bytes,in_mirror,size_match,verdict
2026-09-02,20260902T130128.mp4,LOCAL,,9407680,,False,False,UPLOAD
2026-09-02,20260902T123125.mp4,SYNCED,3941,9744758,,False,False,HOLD-unverified
2026-09-02,20260902T120132.mp4,SYNCED,3940,9694959,,False,False,HOLD-unverified
2026-09-02,20260902T113123.mp4,SYNCED,3939,9270988,,False,False,HOLD-unverified
2026-09-02,20260902T110127.mp4,SYNCED,3938,10067439,,False,False,HOLD-unverified
2026-09-02,20260902T103132.mp4,SYNCED,3937,9414823,,False,False,HOLD-unverified
2026-09-02,20260902T100126.mp4,SYNCED,3936,10144760,,False,False,HOLD-unverified
2026-09-02,20260902T093126.mp4,FAILED,,9307256,,False,False,UPLOAD
2026-09-02,20260902T090127.mp4,SYNCED,3934,10222071,,False,False,HOLD-unverified
2026-09-02,20260902T083125.mp4,SYNCED,3933,9323621,,False,False,HOLD-unverified
2026-09-02,20260902T080127.mp4,SYNCED,3932,9310266,,False,False,HOLD-unverified
2026-09-02,20260902T073125.mp4,FAILED,,10308381,,False,False,UPLOAD
2026-09-02,20260902T070132.mp4,SYNCED,3930,9309777,,False,False,HOLD-unverified
2026-09-02,20260902T063131.mp4,SYNCED,3929,10108065,,False,False,HOLD-unverified
2026-09-02,20260902T060126.mp4,SYNCED,3928,9312295,,False,False,HOLD-unverified
2026-09-02,20260902T053125.mp4,SYNCED,3927,9319216,,False,False,HOLD-unverified
2026-09-02,20260902T050135.mp4,SYNCED,3926,9542913,,False,False,HOLD-unverified
2026-09-02,20260902T043125.mp4,SYNCED,3925,9313576,,False,False,HOLD-unverified
2026-09-02,20260902T040131.mp4,SYNCED,3924,9335117,,False,False,HOLD-unverified
2026-09-02,20260902T033128.mp4,SYNCED,3923,10387650,,False,False,HOLD-unverified
2026-09-02,20260902T030132.mp4,SYNCED,3922,10100437,,False,False,HOLD-unverified
2026-09-02,20260902T023131.mp4,SYNCED,3921,10163155,,False,False,HOLD-unverified
2026-09-02,20260902T020126.mp4,SYNCED,3920,9319654,,False,False,HOLD-unverified
2026-09-02,20260902T013127.mp4,SYNCED,3919,9567613,,False,False,HOLD-unverified
2026-09-02,20260902T010125.mp4,SYNCED,3918,9309477,,False,False,HOLD-unverified
2026-09-02,20260902T003129.mp4,SYNCED,3917,10229718,,False,False,HOLD-unverified
2026-09-02,20260902T000129.mp4,SYNCED,3916,9323763,,False,False,HOLD-unverified
2026-09-01,20260901T233125.mp4,SYNCED,3915,9536613,,False,False,HOLD-unverified
2026-09-01,20260901T230125.mp4,SYNCED,3914,10320604,,False,False,HOLD-unverified
2026-09-01,20260901T223131.mp4,SYNCED,3913,9408319,,False,False,HOLD-unverified
2026-09-01,20260901T220132.mp4,SYNCED,3912,9892544,,False,False,HOLD-unverified
2026-09-01,20260901T213128.mp4,SYNCED,3911,9482070,,False,False,HOLD-unverified
2026-09-01,20260901T210134.mp4,SYNCED,3910,9539308,,False,False,HOLD-unverified
2026-09-01,20260901T203125.mp4,SYNCED,3909,9285537,,False,False,HOLD-unverified
2026-09-01,20260901T200133.mp4,SYNCED,3908,9366508,,False,False,HOLD-unverified
2026-09-01,20260901T193127.mp4,SYNCED,3907,9292137,,False,False,HOLD-unverified
2026-09-01,20260901T190127.mp4,SYNCED,3906,9904933,,False,False,HOLD-unverified
2026-09-01,20260901T183125.mp4,SYNCED,3905,9292623,,False,False,HOLD-unverified
2026-09-01,20260901T180135.mp4,FAILED,,10045760,,False,False,UPLOAD
2026-09-01,20260901T173123.mp4,FAILED,,9484642,,False,False,UPLOAD
2026-09-01,20260901T170128.mp4,FAILED,,9853939,,False,False,UPLOAD
2026-09-01,20260901T163123.mp4,FAILED,,9286339,,False,False,UPLOAD
2026-09-01,20260901T160126.mp4,FAILED,,9431529,,False,False,UPLOAD
2026-09-01,20260901T153133.mp4,FAILED,,9301074,,False,False,UPLOAD
2026-09-01,20260901T150123.mp4,FAILED,,9696804,,False,False,UPLOAD
2026-09-01,20260901T143123.mp4,FAILED,,9290442,,False,False,UPLOAD
2026-09-01,20260901T140123.mp4,FAILED,,9751463,,False,False,UPLOAD
2026-09-01,20260901T133123.mp4,FAILED,,9605944,,False,False,UPLOAD
2026-09-01,20260901T130122.mp4,FAILED,,9612183,,False,False,UPLOAD
2026-09-01,20260901T123128.mp4,FAILED,,9449026,,False,False,UPLOAD
2026-09-01,20260901T120129.mp4,FAILED,,10180388,,False,False,UPLOAD
2026-09-01,20260901T113123.mp4,FAILED,,9972745,,False,False,UPLOAD
2026-09-01,20260901T110126.mp4,FAILED,,9998561,,False,False,UPLOAD
2026-09-01,20260901T103123.mp4,FAILED,,10143974,,False,False,UPLOAD
2026-09-01,20260901T100120.mp4,FAILED,,10265920,,False,False,UPLOAD
2026-09-01,20260901T093124.mp4,FAILED,,9307650,,False,False,UPLOAD
2026-09-01,20260901T090123.mp4,FAILED,,9316224,,False,False,UPLOAD
2026-09-01,20260901T083128.mp4,FAILED,,10216157,,False,False,UPLOAD
2026-09-01,20260901T080125.mp4,FAILED,,9356581,,False,False,UPLOAD
2026-09-01,20260901T073123.mp4,FAILED,,9496920,,False,False,UPLOAD
2026-09-01,20260901T070123.mp4,FAILED,,10115765,,False,False,UPLOAD
2026-09-01,20260901T063125.mp4,FAILED,,10364069,,False,False,UPLOAD
2026-09-01,20260901T060135.mp4,FAILED,,9311548,,False,False,UPLOAD
2026-09-01,20260901T053128.mp4,FAILED,,9313501,,False,False,UPLOAD
2026-09-01,20260901T050123.mp4,FAILED,,10207066,,False,False,UPLOAD
2026-09-01,20260901T043125.mp4,FAILED,,10196689,,False,False,UPLOAD
2026-09-01,20260901T040129.mp4,FAILED,,9321697,,False,False,UPLOAD
2026-09-01,20260901T033124.mp4,FAILED,,9461136,,False,False,UPLOAD
2026-09-01,20260901T030133.mp4,FAILED,,9311538,,False,False,UPLOAD
2026-09-01,20260901T023120.mp4,FAILED,,10206107,,False,False,UPLOAD
2026-09-01,20260901T020130.mp4,FAILED,,10228310,,False,False,UPLOAD
2026-09-01,20260901T013123.mp4,FAILED,,9305280,,False,False,UPLOAD
2026-09-01,20260901T010128.mp4,FAILED,,9308081,,False,False,UPLOAD
2026-09-01,20260901T003125.mp4,FAILED,,9516900,,False,False,UPLOAD
2026-09-01,20260901T000125.mp4,FAILED,,9314789,,False,False,UPLOAD
2026-08-31,20260831T233121.mp4,FAILED,,9909323,,False,False,UPLOAD
2026-08-31,20260831T230128.mp4,FAILED,,9370870,,False,False,UPLOAD
2026-08-31,20260831T223124.mp4,FAILED,,10054061,,False,False,UPLOAD
2026-08-31,20260831T220125.mp4,FAILED,,9901865,,False,False,UPLOAD
2026-08-31,20260831T213123.mp4,FAILED,,9721221,,False,False,UPLOAD
2026-08-31,20260831T210132.mp4,FAILED,,10033580,,False,False,UPLOAD
2026-08-31,20260831T203124.mp4,FAILED,,9974629,,False,False,UPLOAD
2026-08-31,20260831T200128.mp4,FAILED,,9288564,,False,False,UPLOAD
2026-08-31,20260831T193122.mp4,FAILED,,9789731,,False,False,UPLOAD
2026-08-31,20260831T190128.mp4,FAILED,,9330773,,False,False,UPLOAD
2026-08-31,20260831T183124.mp4,FAILED,,9661304,,False,False,UPLOAD
2026-08-31,20260831T180123.mp4,FAILED,,9288870,,False,False,UPLOAD
2026-08-31,20260831T173125.mp4,FAILED,,10259415,,False,False,UPLOAD
2026-08-31,20260831T170133.mp4,FAILED,,9390823,,False,False,UPLOAD
2026-08-31,20260831T163123.mp4,FAILED,,9293165,,False,False,UPLOAD
2026-08-31,20260831T160130.mp4,FAILED,,9807426,,False,False,UPLOAD
2026-08-31,20260831T153131.mp4,FAILED,,9293850,,False,False,UPLOAD
2026-08-31,20260831T150120.mp4,FAILED,,9305088,,False,False,UPLOAD
2026-08-31,20260831T143130.mp4,FAILED,,9290031,,False,False,UPLOAD
2026-08-31,20260831T140124.mp4,FAILED,,10068114,,False,False,UPLOAD
2026-08-31,20260831T133123.mp4,FAILED,,9429812,,False,False,UPLOAD
2026-08-31,20260831T130125.mp4,FAILED,,9894179,,False,False,UPLOAD
2026-08-31,20260831T123127.mp4,FAILED,,9858546,,False,False,UPLOAD
2026-08-31,20260831T120125.mp4,FAILED,,9863663,,False,False,UPLOAD
2026-08-31,20260831T113123.mp4,FAILED,,9286102,,False,False,UPLOAD
2026-08-31,20260831T110124.mp4,FAILED,,9379855,,False,False,UPLOAD
2026-08-31,20260831T103125.mp4,FAILED,,9317329,,False,False,UPLOAD
2026-08-31,20260831T100126.mp4,FAILED,,9314857,,False,False,UPLOAD
2026-08-31,20260831T093125.mp4,FAILED,,10325761,,False,False,UPLOAD
2026-08-31,20260831T090123.mp4,FAILED,,9309042,,False,False,UPLOAD
2026-08-31,20260831T083124.mp4,FAILED,,9310584,,False,False,UPLOAD
2026-08-31,20260831T080128.mp4,FAILED,,9311762,,False,False,UPLOAD
2026-08-31,20260831T073125.mp4,FAILED,,9486834,,False,False,UPLOAD
2026-08-31,20260831T070128.mp4,FAILED,,10177495,,False,False,UPLOAD
2026-08-31,20260831T063123.mp4,FAILED,,10187626,,False,False,UPLOAD
2026-08-31,20260831T060131.mp4,FAILED,,10291083,,False,False,UPLOAD
2026-08-31,20260831T053126.mp4,FAILED,,10157182,,False,False,UPLOAD
2026-08-31,20260831T050128.mp4,FAILED,,9503177,,False,False,UPLOAD
2026-08-31,20260831T043123.mp4,FAILED,,9316929,,False,False,UPLOAD
2026-08-31,20260831T040123.mp4,FAILED,,10163312,,False,False,UPLOAD
2026-08-31,20260831T033123.mp4,FAILED,,10179228,,False,False,UPLOAD
2026-08-31,20260831T030124.mp4,FAILED,,9493411,,False,False,UPLOAD
2026-08-31,20260831T023123.mp4,FAILED,,9316853,,False,False,UPLOAD
2026-08-31,20260831T020128.mp4,FAILED,,9369498,,False,False,UPLOAD
2026-08-31,20260831T013125.mp4,FAILED,,9583768,,False,False,UPLOAD
2026-08-31,20260831T010128.mp4,FAILED,,9407781,,False,False,UPLOAD
2026-08-31,20260831T003130.mp4,FAILED,,9359673,,False,False,UPLOAD
2026-08-31,20260831T000123.mp4,FAILED,,9311387,,False,False,UPLOAD
2026-08-30,20260830T233127.mp4,FAILED,,10152156,,False,False,UPLOAD
2026-08-30,20260830T230129.mp4,FAILED,,9592788,,False,False,UPLOAD
2026-08-30,20260830T223124.mp4,FAILED,,9867452,,False,False,UPLOAD
2026-08-30,20260830T220123.mp4,FAILED,,9962288,,False,False,UPLOAD
2026-08-30,20260830T213123.mp4,FAILED,,9795066,,False,False,UPLOAD
2026-08-30,20260830T210124.mp4,FAILED,,9292398,,False,False,UPLOAD
2026-08-30,20260830T203126.mp4,FAILED,,9699504,,False,False,UPLOAD
2026-08-30,20260830T200127.mp4,FAILED,,9344122,,False,False,UPLOAD
2026-08-30,20260830T193123.mp4,FAILED,,9878863,,False,False,UPLOAD
2026-08-30,20260830T190122.mp4,FAILED,,9288652,,False,False,UPLOAD
2026-08-30,20260830T183123.mp4,FAILED,,9915929,,False,False,UPLOAD
2026-08-30,20260830T180130.mp4,FAILED,,9420249,,False,False,UPLOAD
2026-08-30,20260830T173130.mp4,FAILED,,9813370,,False,False,UPLOAD
2026-08-30,20260830T170123.mp4,FAILED,,9840994,,False,False,UPLOAD
2026-08-30,20260830T163128.mp4,FAILED,,9911320,,False,False,UPLOAD
2026-08-30,20260830T160125.mp4,FAILED,,10027374,,False,False,UPLOAD
2026-08-30,20260830T153124.mp4,FAILED,,9446819,,False,False,UPLOAD
2026-08-30,20260830T150129.mp4,FAILED,,9922078,,False,False,UPLOAD
2026-08-30,20260830T143123.mp4,FAILED,,9290735,,False,False,UPLOAD
2026-08-30,20260830T140131.mp4,FAILED,,9710608,,False,False,UPLOAD
2026-08-30,20260830T133128.mp4,FAILED,,9962205,,False,False,UPLOAD
2026-08-30,20260830T130125.mp4,FAILED,,9731790,,False,False,UPLOAD
2026-08-30,20260830T123129.mp4,FAILED,,9831622,,False,False,UPLOAD
2026-08-30,20260830T120125.mp4,FAILED,,10123900,,False,False,UPLOAD
2026-08-30,20260830T113123.mp4,FAILED,,9853346,,False,False,UPLOAD
2026-08-30,20260830T110123.mp4,FAILED,,10085252,,False,False,UPLOAD
2026-08-30,20260830T103123.mp4,FAILED,,10233714,,False,False,UPLOAD
2026-08-30,20260830T100125.mp4,FAILED,,9456911,,False,False,UPLOAD
2026-08-30,20260830T093123.mp4,FAILED,,10226838,,False,False,UPLOAD
2026-08-30,20260830T090121.mp4,FAILED,,10433534,,False,False,UPLOAD
2026-08-30,20260830T083124.mp4,FAILED,,9462869,,False,False,UPLOAD
2026-08-30,20260830T080125.mp4,FAILED,,10346664,,False,False,UPLOAD
2026-08-30,20260830T073130.mp4,FAILED,,10081892,,False,False,UPLOAD
2026-08-30,20260830T070125.mp4,FAILED,,9317949,,False,False,UPLOAD
2026-08-30,20260830T063128.mp4,FAILED,,9317115,,False,False,UPLOAD
2026-08-30,20260830T060124.mp4,FAILED,,9365116,,False,False,UPLOAD
2026-08-30,20260830T053123.mp4,FAILED,,10223343,,False,False,UPLOAD
2026-08-30,20260830T050124.mp4,FAILED,,9396652,,False,False,UPLOAD
2026-08-30,20260830T043123.mp4,FAILED,,9369569,,False,False,UPLOAD
2026-08-30,20260830T040123.mp4,FAILED,,9407014,,False,False,UPLOAD
2026-08-30,20260830T033121.mp4,FAILED,,10368569,,False,False,UPLOAD
2026-08-30,20260830T030123.mp4,FAILED,,9312049,,False,False,UPLOAD
2026-08-30,20260830T023126.mp4,FAILED,,9314552,,False,False,UPLOAD
2026-08-30,20260830T020124.mp4,FAILED,,10139209,,False,False,UPLOAD
2026-08-30,20260830T013123.mp4,FAILED,,10219202,,False,False,UPLOAD
2026-08-30,20260830T010128.mp4,FAILED,,9364574,,False,False,UPLOAD
2026-08-30,20260830T003123.mp4,FAILED,,9404421,,False,False,UPLOAD
2026-08-30,20260830T000123.mp4,FAILED,,9504262,,False,False,UPLOAD
2026-08-29,20260829T233123.mp4,FAILED,,9462058,,False,False,UPLOAD
2026-08-29,20260829T230121.mp4,FAILED,,10079041,,False,False,UPLOAD
2026-08-29,20260829T223125.mp4,FAILED,,9900232,,False,False,UPLOAD
2026-08-29,20260829T220122.mp4,FAILED,,9292474,,False,False,UPLOAD
2026-08-29,20260829T213124.mp4,FAILED,,9481529,,False,False,UPLOAD
2026-08-29,20260829T210123.mp4,FAILED,,9954490,,False,False,UPLOAD
2026-08-29,20260829T203126.mp4,FAILED,,9949775,,False,False,UPLOAD
2026-08-29,20260829T200123.mp4,FAILED,,9285715,,False,False,UPLOAD
2026-08-29,20260829T193124.mp4,FAILED,,9284569,,False,False,UPLOAD
2026-08-29,20260829T190120.mp4,FAILED,,9280811,,False,False,UPLOAD
2026-08-29,20260829T183123.mp4,FAILED,,9549236,,False,False,UPLOAD
2026-08-29,20260829T180124.mp4,FAILED,,9289615,,False,False,UPLOAD
2026-08-29,20260829T173123.mp4,FAILED,,9454953,,False,False,UPLOAD
2026-08-29,20260829T170123.mp4,FAILED,,9664204,,False,False,UPLOAD
2026-08-29,20260829T163123.mp4,FAILED,,9116261,,False,False,UPLOAD
2026-08-29,20260829T160126.mp4,FAILED,,10278555,,False,False,UPLOAD
2026-08-29,20260829T153123.mp4,FAILED,,9992895,,False,False,UPLOAD
2026-08-29,20260829T150126.mp4,FAILED,,9856262,,False,False,UPLOAD
2026-08-29,20260829T143125.mp4,FAILED,,10190077,,False,False,UPLOAD
2026-08-29,20260829T140123.mp4,FAILED,,9201125,,False,False,UPLOAD
2026-08-29,20260829T133123.mp4,FAILED,,9655541,,False,False,UPLOAD
2026-08-29,20260829T130125.mp4,FAILED,,9481472,,False,False,UPLOAD
2026-08-29,20260829T123122.mp4,FAILED,,9889307,,False,False,UPLOAD
2026-08-29,20260829T120123.mp4,FAILED,,9576174,,False,False,UPLOAD
2026-08-29,20260829T113125.mp4,FAILED,,9838324,,False,False,UPLOAD
2026-08-29,20260829T110131.mp4,FAILED,,9311926,,False,False,UPLOAD
2026-08-29,20260829T103123.mp4,FAILED,,9301970,,False,False,UPLOAD
2026-08-29,20260829T100126.mp4,FAILED,,9391727,,False,False,UPLOAD
2026-08-29,20260829T093123.mp4,FAILED,,10284261,,False,False,UPLOAD
2026-08-29,20260829T090123.mp4,FAILED,,9577358,,False,False,UPLOAD
2026-08-29,20260829T083123.mp4,FAILED,,9404380,,False,False,UPLOAD
2026-08-29,20260829T080123.mp4,FAILED,,9300825,,False,False,UPLOAD
2026-08-29,20260829T073129.mp4,FAILED,,9296038,,False,False,UPLOAD
2026-08-29,20260829T070125.mp4,FAILED,,9304538,,False,False,UPLOAD
2026-08-29,20260829T063127.mp4,FAILED,,9301559,,False,False,UPLOAD
2026-08-29,20260829T060129.mp4,FAILED,,10137916,,False,False,UPLOAD
2026-08-29,20260829T053128.mp4,FAILED,,10129208,,False,False,UPLOAD
2026-08-29,20260829T050123.mp4,FAILED,,10207690,,False,False,UPLOAD
2026-08-29,20260829T043123.mp4,FAILED,,10218558,,False,False,UPLOAD
2026-08-29,20260829T040123.mp4,FAILED,,10241431,,False,False,UPLOAD
2026-08-29,20260829T033123.mp4,FAILED,,9321755,,False,False,UPLOAD
2026-08-29,20260829T030125.mp4,FAILED,,9327256,,False,False,UPLOAD
2026-08-29,20260829T023123.mp4,FAILED,,9318449,,False,False,UPLOAD
2026-08-29,20260829T020125.mp4,FAILED,,9538638,,False,False,UPLOAD
2026-08-29,20260829T013123.mp4,FAILED,,10268436,,False,False,UPLOAD
2026-08-29,20260829T010123.mp4,FAILED,,9650941,,False,False,UPLOAD
2026-08-29,20260829T003123.mp4,FAILED,,10089476,,False,False,UPLOAD
2026-08-29,20260829T000125.mp4,FAILED,,9381770,,False,False,UPLOAD
2026-08-28,20260828T233126.mp4,FAILED,,9308383,,False,False,UPLOAD
2026-08-28,20260828T230126.mp4,FAILED,,9374098,,False,False,UPLOAD
2026-08-28,20260828T223120.mp4,FAILED,,9753430,,False,False,UPLOAD
2026-08-28,20260828T220122.mp4,FAILED,,9285454,,False,False,UPLOAD
2026-08-28,20260828T213124.mp4,FAILED,,9287759,,False,False,UPLOAD
2026-08-28,20260828T210123.mp4,FAILED,,9837956,,False,False,UPLOAD
2026-08-28,20260828T203122.mp4,FAILED,,9285950,,False,False,UPLOAD
2026-08-28,20260828T200124.mp4,FAILED,,9793184,,False,False,UPLOAD
2026-08-28,20260828T193124.mp4,FAILED,,9873841,,False,False,UPLOAD
2026-08-28,20260828T190124.mp4,FAILED,,9796897,,False,False,UPLOAD
2026-08-28,20260828T183124.mp4,FAILED,,9904353,,False,False,UPLOAD
2026-08-28,20260828T180123.mp4,FAILED,,9339152,,False,False,UPLOAD
2026-08-28,20260828T173123.mp4,FAILED,,9872459,,False,False,UPLOAD
2026-08-28,20260828T170124.mp4,FAILED,,9408813,,False,False,UPLOAD
2026-08-28,20260828T163123.mp4,FAILED,,9983483,,False,False,UPLOAD
2026-08-28,20260828T160125.mp4,FAILED,,9780482,,False,False,UPLOAD
2026-08-28,20260828T153122.mp4,FAILED,,9793648,,False,False,UPLOAD
2026-08-28,20260828T150123.mp4,FAILED,,9286900,,False,False,UPLOAD
2026-08-28,20260828T143122.mp4,FAILED,,9337307,,False,False,UPLOAD
2026-08-28,20260828T140123.mp4,FAILED,,9349466,,False,False,UPLOAD
2026-08-28,20260828T133123.mp4,FAILED,,9283588,,False,False,UPLOAD
2026-08-28,20260828T130126.mp4,FAILED,,9506792,,False,False,UPLOAD
2026-08-28,20260828T123123.mp4,FAILED,,9430224,,False,False,UPLOAD
2026-08-28,20260828T120126.mp4,FAILED,,9551929,,False,False,UPLOAD
2026-08-28,20260828T113126.mp4,FAILED,,10022910,,False,False,UPLOAD
2026-08-28,20260828T110124.mp4,FAILED,,9511515,,False,False,UPLOAD
2026-08-28,20260828T103123.mp4,FAILED,,9436475,,False,False,UPLOAD
2026-08-28,20260828T100123.mp4,FAILED,,10149116,,False,False,UPLOAD
2026-08-28,20260828T093125.mp4,FAILED,,10289756,,False,False,UPLOAD
2026-08-28,20260828T090125.mp4,FAILED,,9491408,,False,False,UPLOAD
2026-08-28,20260828T083123.mp4,FAILED,,10036667,,False,False,UPLOAD
2026-08-28,20260828T080123.mp4,FAILED,,9300990,,False,False,UPLOAD
2026-08-28,20260828T073123.mp4,FAILED,,9628544,,False,False,UPLOAD
2026-08-28,20260828T070123.mp4,FAILED,,10218851,,False,False,UPLOAD
2026-08-28,20260828T063123.mp4,FAILED,,9300127,,False,False,UPLOAD
2026-08-28,20260828T060127.mp4,FAILED,,10112989,,False,False,UPLOAD
2026-08-28,20260828T053124.mp4,FAILED,,10213665,,False,False,UPLOAD
2026-08-28,20260828T050130.mp4,FAILED,,9314978,,False,False,UPLOAD
2026-08-28,20260828T043123.mp4,FAILED,,9320882,,False,False,UPLOAD
2026-08-28,20260828T040132.mp4,FAILED,,9322325,,False,False,UPLOAD
2026-08-28,20260828T033128.mp4,FAILED,,9435325,,False,False,UPLOAD
2026-08-28,20260828T030131.mp4,FAILED,,9314954,,False,False,UPLOAD
2026-08-28,20260828T023123.mp4,FAILED,,10180865,,False,False,UPLOAD
2026-08-28,20260828T020129.mp4,FAILED,,9312248,,False,False,UPLOAD
2026-08-28,20260828T013129.mp4,FAILED,,10090247,,False,False,UPLOAD
2026-08-28,20260828T010131.mp4,FAILED,,9298344,,False,False,UPLOAD
2026-08-28,20260828T003130.mp4,FAILED,,9734439,,False,False,UPLOAD
2026-08-28,20260828T000129.mp4,FAILED,,9642413,,False,False,UPLOAD
2026-08-27,20260827T233131.mp4,FAILED,,9309083,,False,False,UPLOAD
2026-08-27,20260827T230124.mp4,FAILED,,9309357,,False,False,UPLOAD
2026-08-27,20260827T223132.mp4,FAILED,,9451400,,False,False,UPLOAD
2026-08-27,20260827T220129.mp4,FAILED,,9812280,,False,False,UPLOAD
2026-08-27,20260827T213134.mp4,SYNCED,3904,9989780,,False,False,HOLD-unverified
2026-08-27,20260827T210127.mp4,SYNCED,3903,9293196,,False,False,HOLD-unverified
2026-08-27,20260827T203134.mp4,SYNCED,3902,9720969,,False,False,HOLD-unverified
2026-08-27,20260827T200131.mp4,FAILED,,10057160,,False,False,UPLOAD
2026-08-27,20260827T193133.mp4,SYNCED,3901,9876787,,False,False,HOLD-unverified
2026-08-27,20260827T190135.mp4,SYNCED,3900,9800578,,False,False,HOLD-unverified
2026-08-27,20260827T183127.mp4,SYNCED,3899,9937330,,False,False,HOLD-unverified
2026-08-27,20260827T180127.mp4,FAILED,,9835869,,False,False,UPLOAD
2026-08-27,20260827T173132.mp4,FAILED,,9804096,,False,False,UPLOAD
2026-08-27,20260827T170133.mp4,FAILED,,9291147,,False,False,UPLOAD
2026-08-27,20260827T163128.mp4,FAILED,,9753646,,False,False,UPLOAD
2026-08-27,20260827T160134.mp4,FAILED,,9579821,,False,False,UPLOAD
2026-08-27,20260827T153126.mp4,FAILED,,9815746,,False,False,UPLOAD
2026-08-27,20260827T150126.mp4,FAILED,,9695557,,False,False,UPLOAD
2026-08-27,20260827T143132.mp4,FAILED,,9617183,,False,False,UPLOAD
2026-08-27,20260827T140125.mp4,FAILED,,9389001,,False,False,UPLOAD
2026-08-27,20260827T135338.mp4,FAILED,,9809398,,False,False,UPLOAD
2026-08-27,20260827T131315.mp4,FAILED,,8013458,,False,False,UPLOAD
2026-08-27,20260827T120452.mp4,FAILED,,9784196,,False,False,UPLOAD
2026-08-27,20260827T114822.mp4,FAILED,,7759623,,False,False,UPLOAD
2026-08-27,20260827T110127.mp4,FAILED,,9558265,,False,False,UPLOAD
2026-08-27,20260827T103131.mp4,FAILED,,9312657,,False,False,UPLOAD
2026-08-27,20260827T100128.mp4,FAILED,,9306812,,False,False,UPLOAD
2026-08-27,20260827T093129.mp4,FAILED,,10173512,,False,False,UPLOAD
2026-08-27,20260827T090126.mp4,FAILED,,10269549,,False,False,UPLOAD
2026-08-27,20260827T083122.mp4,FAILED,,9378673,,False,False,UPLOAD
2026-08-27,20260827T080125.mp4,FAILED,,9498676,,False,False,UPLOAD
2026-08-27,20260827T073133.mp4,FAILED,,9365050,,False,False,UPLOAD
2026-08-27,20260827T070129.mp4,FAILED,,9315069,,False,False,UPLOAD
2026-08-27,20260827T063126.mp4,FAILED,,9551335,,False,False,UPLOAD
2026-08-27,20260827T060130.mp4,FAILED,,10148987,,False,False,UPLOAD
2026-08-27,20260827T053125.mp4,FAILED,,10338965,,False,False,UPLOAD
2026-08-27,20260827T050123.mp4,FAILED,,9333033,,False,False,UPLOAD
2026-08-27,20260827T043129.mp4,FAILED,,11894532,,False,False,UPLOAD
2026-08-27,20260827T040122.mp4,FAILED,,9313735,,False,False,UPLOAD
2026-08-27,20260827T033135.mp4,FAILED,,10280449,,False,False,UPLOAD
2026-08-27,20260827T030126.mp4,FAILED,,9316877,,False,False,UPLOAD
2026-08-27,20260827T023126.mp4,FAILED,,10166011,,False,False,UPLOAD
2026-08-27,20260827T020132.mp4,FAILED,,9313421,,False,False,UPLOAD
2026-08-27,20260827T013122.mp4,FAILED,,9306561,,False,False,UPLOAD
2026-08-27,20260827T010130.mp4,FAILED,,9468036,,False,False,UPLOAD
2026-08-27,20260827T003129.mp4,FAILED,,9582146,,False,False,UPLOAD
2026-08-27,20260827T000126.mp4,FAILED,,9796736,,False,False,UPLOAD
2026-08-26,20260826T233123.mp4,FAILED,,10144755,,False,False,UPLOAD
2026-08-26,20260826T230126.mp4,FAILED,,10071644,,False,False,UPLOAD
2026-08-26,20260826T223123.mp4,FAILED,,9641926,,False,False,UPLOAD
2026-08-26,20260826T220132.mp4,FAILED,,9716679,,False,False,UPLOAD
2026-08-26,20260826T213125.mp4,FAILED,,9271940,,False,False,UPLOAD
2026-08-26,20260826T210129.mp4,SYNCED,3898,9850892,,False,False,HOLD-unverified
2026-08-26,20260826T203128.mp4,SYNCED,3897,9433976,,False,False,HOLD-unverified
2026-08-26,20260826T200129.mp4,SYNCED,3896,9506381,,False,False,HOLD-unverified
2026-08-26,20260826T193132.mp4,FAILED,,9363555,,False,False,UPLOAD
2026-08-26,20260826T190126.mp4,SYNCED,3895,9482380,,False,False,HOLD-unverified
2026-08-26,20260826T183133.mp4,SYNCED,3894,9832391,,False,False,HOLD-unverified
2026-08-26,20260826T180131.mp4,SYNCED,3893,9465718,,False,False,HOLD-unverified
2026-08-26,20260826T173125.mp4,FAILED,,9290392,,False,False,UPLOAD
2026-08-26,20260826T170127.mp4,FAILED,,9285435,,False,False,UPLOAD
2026-08-26,20260826T163131.mp4,FAILED,,9879372,,False,False,UPLOAD
2026-08-26,20260826T160132.mp4,FAILED,,9908350,,False,False,UPLOAD
2026-08-26,20260826T153126.mp4,FAILED,,9550868,,False,False,UPLOAD
2026-08-26,20260826T150130.mp4,FAILED,,9879599,,False,False,UPLOAD
2026-08-26,20260826T143129.mp4,FAILED,,9492880,,False,False,UPLOAD
2026-08-26,20260826T140128.mp4,FAILED,,9611449,,False,False,UPLOAD
2026-08-26,20260826T133123.mp4,FAILED,,9508549,,False,False,UPLOAD
2026-08-26,20260826T130131.mp4,FAILED,,9417528,,False,False,UPLOAD
2026-08-26,20260826T123126.mp4,FAILED,,9958961,,False,False,UPLOAD
2026-08-26,20260826T120125.mp4,FAILED,,9635095,,False,False,UPLOAD
2026-08-26,20260826T113125.mp4,FAILED,,9411668,,False,False,UPLOAD
2026-08-26,20260826T110133.mp4,FAILED,,9298857,,False,False,UPLOAD
2026-08-26,20260826T103129.mp4,FAILED,,9306614,,False,False,UPLOAD
2026-08-26,20260826T100126.mp4,FAILED,,10362181,,False,False,UPLOAD
2026-08-26,20260826T093126.mp4,FAILED,,10283094,,False,False,UPLOAD
2026-08-26,20260826T090125.mp4,FAILED,,10281526,,False,False,UPLOAD
2026-08-26,20260826T083130.mp4,FAILED,,10262797,,False,False,UPLOAD
2026-08-26,20260826T080131.mp4,FAILED,,10388972,,False,False,UPLOAD
2026-08-26,20260826T073130.mp4,FAILED,,10184396,,False,False,UPLOAD
2026-08-26,20260826T070124.mp4,FAILED,,9317283,,False,False,UPLOAD
2026-08-26,20260826T063129.mp4,FAILED,,9374573,,False,False,UPLOAD
2026-08-26,20260826T060125.mp4,FAILED,,10167173,,False,False,UPLOAD
2026-08-26,20260826T053124.mp4,FAILED,,9461740,,False,False,UPLOAD
2026-08-26,20260826T050129.mp4,FAILED,,10200062,,False,False,UPLOAD
2026-08-26,20260826T043130.mp4,FAILED,,10207091,,False,False,UPLOAD
2026-08-26,20260826T040130.mp4,FAILED,,9561844,,False,False,UPLOAD
2026-08-26,20260826T033122.mp4,FAILED,,10224328,,False,False,UPLOAD
2026-08-26,20260826T030132.mp4,FAILED,,10127129,,False,False,UPLOAD
2026-08-26,20260826T023124.mp4,FAILED,,9309752,,False,False,UPLOAD
2026-08-26,20260826T020126.mp4,FAILED,,9314836,,False,False,UPLOAD
2026-08-26,20260826T013131.mp4,FAILED,,9309946,,False,False,UPLOAD
2026-08-26,20260826T010132.mp4,FAILED,,9307569,,False,False,UPLOAD
2026-08-26,20260826T003123.mp4,FAILED,,9489172,,False,False,UPLOAD
2026-08-26,20260826T000130.mp4,FAILED,,10166707,,False,False,UPLOAD
2026-08-25,20260825T233130.mp4,FAILED,,9308523,,False,False,UPLOAD
2026-08-25,20260825T230129.mp4,FAILED,,9627794,,False,False,UPLOAD
2026-08-25,20260825T223449.mp4,FAILED,,7813323,,False,False,UPLOAD
2026-08-25,20260825T220305.mp4,SYNCED,3892,7934595,,False,False,HOLD-unverified
2026-08-25,20260825T213315.mp4,SYNCED,3891,8192982,,False,False,HOLD-unverified
2026-08-25,20260825T210125.mp4,SYNCED,3890,8573729,,False,False,HOLD-unverified
2026-08-25,20260825T203310.mp4,SYNCED,3889,7924972,,False,False,HOLD-unverified
2026-08-25,20260825T200125.mp4,FAILED,,8619769,,False,False,UPLOAD
2026-08-25,20260825T193128.mp4,SYNCED,3888,8733373,,False,False,HOLD-unverified
2026-08-25,20260825T191136.mp4,SYNCED,3887,9493089,,False,False,HOLD-unverified
2026-08-25,20260825T184502.mp4,SYNCED,3886,8229019,,False,False,HOLD-unverified
2026-08-25,20260825T173316.mp4,FAILED,,8058278,,False,False,UPLOAD
2026-08-25,20260825T163310.mp4,FAILED,,7602858,,False,False,UPLOAD
2026-08-25,20260825T160448.mp4,FAILED,,8305424,,False,False,UPLOAD
2026-08-25,20260825T155323.mp4,FAILED,,7644160,,False,False,UPLOAD
2026-08-25,20260825T151637.mp4,FAILED,,7567881,,False,False,UPLOAD
2026-08-25,20260825T143129.mp4,FAILED,,9583589,,False,False,UPLOAD
2026-08-25,20260825T140454.mp4,FAILED,,7768217,,False,False,UPLOAD
2026-08-25,20260825T133311.mp4,FAILED,,7999942,,False,False,UPLOAD
2026-08-25,20260825T130448.mp4,FAILED,,7939594,,False,False,UPLOAD
2026-08-25,20260825T123459.mp4,FAILED,,9026254,,False,False,UPLOAD
2026-08-25,20260825T120122.mp4,FAILED,,7578612,,False,False,UPLOAD
2026-08-25,20260825T113123.mp4,FAILED,,9475850,,False,False,UPLOAD
2026-08-25,20260825T110126.mp4,FAILED,,10229818,,False,False,UPLOAD
2026-08-25,20260825T103124.mp4,FAILED,,9615073,,False,False,UPLOAD
2026-08-25,20260825T100126.mp4,FAILED,,9496622,,False,False,UPLOAD
2026-08-25,20260825T093126.mp4,FAILED,,9311746,,False,False,UPLOAD
2026-08-25,20260825T090124.mp4,FAILED,,10181463,,False,False,UPLOAD
2026-08-25,20260825T083130.mp4,FAILED,,9307959,,False,False,UPLOAD
2026-08-25,20260825T080122.mp4,FAILED,,9314764,,False,False,UPLOAD
2026-08-25,20260825T073126.mp4,FAILED,,9453048,,False,False,UPLOAD
2026-08-25,20260825T070129.mp4,FAILED,,10406915,,False,False,UPLOAD
2026-08-25,20260825T063127.mp4,FAILED,,9308367,,False,False,UPLOAD
2026-08-25,20260825T060123.mp4,FAILED,,10119437,,False,False,UPLOAD
2026-08-25,20260825T053126.mp4,FAILED,,9323064,,False,False,UPLOAD
2026-08-25,20260825T050131.mp4,FAILED,,9317536,,False,False,UPLOAD
2026-08-25,20260825T043123.mp4,FAILED,,9312662,,False,False,UPLOAD
2026-08-25,20260825T040130.mp4,FAILED,,9315959,,False,False,UPLOAD
2026-08-25,20260825T033123.mp4,FAILED,,9536411,,False,False,UPLOAD
2026-08-25,20260825T030123.mp4,FAILED,,9622397,,False,False,UPLOAD
2026-08-25,20260825T023123.mp4,FAILED,,10136145,,False,False,UPLOAD
2026-08-25,20260825T020124.mp4,FAILED,,10119526,,False,False,UPLOAD
2026-08-25,20260825T013121.mp4,FAILED,,9631496,,False,False,UPLOAD
2026-08-25,20260825T010130.mp4,FAILED,,10108372,,False,False,UPLOAD
2026-08-25,20260825T003127.mp4,FAILED,,9307003,,False,False,UPLOAD
2026-08-25,20260825T000127.mp4,FAILED,,9459335,,False,False,UPLOAD
2026-08-24,20260824T233131.mp4,FAILED,,9303069,,False,False,UPLOAD
2026-08-24,20260824T230124.mp4,FAILED,,9304352,,False,False,UPLOAD
2026-08-24,20260824T223125.mp4,FAILED,,9535302,,False,False,UPLOAD
2026-08-24,20260824T220132.mp4,FAILED,,9849333,,False,False,UPLOAD
2026-08-24,20260824T213123.mp4,SYNCED,3885,9269540,9269540,True,True,RECLAIM
2026-08-24,20260824T210127.mp4,SYNCED,3884,9335281,9335281,True,True,RECLAIM
2026-08-24,20260824T203134.mp4,SYNCED,3883,9660779,9660779,True,True,RECLAIM
2026-08-24,20260824T200126.mp4,FAILED,,9788410,,False,False,UPLOAD
2026-08-24,20260824T193134.mp4,SYNCED,3882,10026354,10026354,True,True,RECLAIM
2026-08-24,20260824T190134.mp4,SYNCED,3881,9710889,9710889,True,True,RECLAIM
2026-08-24,20260824T183125.mp4,SYNCED,3880,9595946,9595946,True,True,RECLAIM
2026-08-24,20260824T180128.mp4,FAILED,,9780579,,False,False,UPLOAD
2026-08-24,20260824T173126.mp4,FAILED,,9270385,,False,False,UPLOAD
2026-08-24,20260824T170133.mp4,FAILED,,9923763,,False,False,UPLOAD
2026-08-24,20260824T163131.mp4,FAILED,,10217660,,False,False,UPLOAD
2026-08-24,20260824T160126.mp4,FAILED,,9777281,,False,False,UPLOAD
2026-08-24,20260824T153120.mp4,FAILED,,9274314,,False,False,UPLOAD
2026-08-24,20260824T150132.mp4,FAILED,,9473164,,False,False,UPLOAD
2026-08-24,20260824T143130.mp4,FAILED,,9837251,,False,False,UPLOAD
2026-08-24,20260824T140132.mp4,FAILED,,9504740,,False,False,UPLOAD
2026-08-24,20260824T133123.mp4,FAILED,,9297048,,False,False,UPLOAD
2026-08-24,20260824T130130.mp4,FAILED,,9857167,,False,False,UPLOAD
2026-08-24,20260824T123130.mp4,FAILED,,9965639,,False,False,UPLOAD
2026-08-24,20260824T120124.mp4,FAILED,,9287430,,False,False,UPLOAD
2026-08-24,20260824T113126.mp4,FAILED,,9686254,,False,False,UPLOAD
2026-08-24,20260824T110132.mp4,FAILED,,9304519,,False,False,UPLOAD
2026-08-24,20260824T103126.mp4,FAILED,,9311579,,False,False,UPLOAD
2026-08-24,20260824T100135.mp4,FAILED,,9317239,,False,False,UPLOAD
2026-08-24,20260824T093123.mp4,FAILED,,10363470,,False,False,UPLOAD
2026-08-24,20260824T090122.mp4,FAILED,,9313105,,False,False,UPLOAD
2026-08-24,20260824T083131.mp4,FAILED,,9316103,,False,False,UPLOAD
2026-08-24,20260824T080132.mp4,FAILED,,9440219,,False,False,UPLOAD
2026-08-24,20260824T073130.mp4,FAILED,,10195354,,False,False,UPLOAD
2026-08-24,20260824T070122.mp4,FAILED,,9313839,,False,False,UPLOAD
2026-08-24,20260824T063130.mp4,FAILED,,9311151,,False,False,UPLOAD
2026-08-24,20260824T060129.mp4,FAILED,,9309654,,False,False,UPLOAD
2026-08-24,20260824T053130.mp4,FAILED,,9529824,,False,False,UPLOAD
2026-08-24,20260824T050130.mp4,FAILED,,9314548,,False,False,UPLOAD
2026-08-24,20260824T043130.mp4,FAILED,,10160338,,False,False,UPLOAD
2026-08-24,20260824T040130.mp4,FAILED,,10388972,,False,False,UPLOAD
2026-08-24,20260824T033130.mp4,FAILED,,10149448,,False,False,UPLOAD
2026-08-24,20260824T030129.mp4,FAILED,,9551253,,False,False,UPLOAD
2026-08-24,20260824T023131.mp4,FAILED,,10207868,,False,False,UPLOAD
2026-08-24,20260824T020131.mp4,FAILED,,9579920,,False,False,UPLOAD
2026-08-24,20260824T013131.mp4,FAILED,,9317629,,False,False,UPLOAD
2026-08-24,20260824T010124.mp4,FAILED,,9314817,,False,False,UPLOAD
2026-08-24,20260824T003131.mp4,FAILED,,9313447,,False,False,UPLOAD
2026-08-24,20260824T000130.mp4,FAILED,,9315322,,False,False,UPLOAD
2026-08-23,20260823T233126.mp4,FAILED,,9305212,,False,False,UPLOAD
2026-08-23,20260823T230128.mp4,FAILED,,9310898,,False,False,UPLOAD
2026-08-23,20260823T223129.mp4,FAILED,,9407385,,False,False,UPLOAD
2026-08-23,20260823T220126.mp4,SYNCED,3879,9746350,9746350,True,True,RECLAIM
2026-08-23,20260823T213126.mp4,SYNCED,3878,9541488,9541488,True,True,RECLAIM
2026-08-23,20260823T210134.mp4,SYNCED,3877,9517884,9517884,True,True,RECLAIM
2026-08-23,20260823T203125.mp4,FAILED,,9927302,,False,False,UPLOAD
2026-08-23,20260823T200127.mp4,FAILED,,9295458,,False,False,UPLOAD
2026-08-23,20260823T193128.mp4,SYNCED,3876,10160992,10160992,True,True,RECLAIM
2026-08-23,20260823T190127.mp4,SYNCED,3875,9291528,9291528,True,True,RECLAIM
2026-08-23,20260823T183128.mp4,SYNCED,3874,9580929,9580929,True,True,RECLAIM
2026-08-23,20260823T180133.mp4,FAILED,,9872493,,False,False,UPLOAD
2026-08-23,20260823T173128.mp4,FAILED,,9292016,,False,False,UPLOAD
2026-08-23,20260823T170127.mp4,FAILED,,9707548,,False,False,UPLOAD
2026-08-23,20260823T163120.mp4,FAILED,,9262766,,False,False,UPLOAD
2026-08-23,20260823T160129.mp4,FAILED,,9863203,,False,False,UPLOAD
2026-08-23,20260823T153131.mp4,FAILED,,9944534,,False,False,UPLOAD
2026-08-23,20260823T150125.mp4,FAILED,,9294494,,False,False,UPLOAD
2026-08-23,20260823T143129.mp4,FAILED,,9292737,,False,False,UPLOAD
2026-08-23,20260823T140124.mp4,FAILED,,9662525,,False,False,UPLOAD
2026-08-23,20260823T133131.mp4,FAILED,,10074558,,False,False,UPLOAD
2026-08-23,20260823T130124.mp4,FAILED,,9287526,,False,False,UPLOAD
2026-08-23,20260823T123126.mp4,FAILED,,9885575,,False,False,UPLOAD
2026-08-23,20260823T120125.mp4,FAILED,,10138711,,False,False,UPLOAD
2026-08-23,20260823T113125.mp4,FAILED,,9283958,,False,False,UPLOAD
2026-08-23,20260823T110127.mp4,FAILED,,10148680,,False,False,UPLOAD
2026-08-23,20260823T103122.mp4,FAILED,,9309335,,False,False,UPLOAD
2026-08-23,20260823T100131.mp4,FAILED,,9315534,,False,False,UPLOAD
2026-08-23,20260823T093123.mp4,FAILED,,10245610,,False,False,UPLOAD
2026-08-23,20260823T090129.mp4,FAILED,,9318397,,False,False,UPLOAD
2026-08-23,20260823T083128.mp4,FAILED,,10465071,,False,False,UPLOAD
2026-08-23,20260823T080123.mp4,FAILED,,9552565,,False,False,UPLOAD
2026-08-23,20260823T073129.mp4,FAILED,,9319451,,False,False,UPLOAD
2026-08-23,20260823T070130.mp4,FAILED,,9449038,,False,False,UPLOAD
2026-08-23,20260823T063124.mp4,FAILED,,9313682,,False,False,UPLOAD
2026-08-23,20260823T060123.mp4,FAILED,,9315737,,False,False,UPLOAD
2026-08-23,20260823T053129.mp4,FAILED,,9372673,,False,False,UPLOAD
2026-08-23,20260823T050123.mp4,FAILED,,10157175,,False,False,UPLOAD
2026-08-23,20260823T043127.mp4,FAILED,,9313640,,False,False,UPLOAD
2026-08-23,20260823T040128.mp4,FAILED,,10160483,,False,False,UPLOAD
2026-08-23,20260823T033130.mp4,FAILED,,9313300,,False,False,UPLOAD
2026-08-23,20260823T030131.mp4,FAILED,,10144275,,False,False,UPLOAD
2026-08-23,20260823T023134.mp4,FAILED,,9316107,,False,False,UPLOAD
2026-08-23,20260823T020127.mp4,SYNCED,3873,9314203,9314203,True,True,RECLAIM
2026-08-23,20260823T013125.mp4,FAILED,,10317496,,False,False,UPLOAD
2026-08-23,20260823T010134.mp4,FAILED,,9315484,,False,False,UPLOAD
2026-08-23,20260823T003128.mp4,FAILED,,10397660,10397660,True,True,ALREADY-ON-SERVER
2026-08-23,20260823T000134.mp4,SYNCED,3871,9313721,9313721,True,True,RECLAIM
2026-08-22,20260822T233128.mp4,SYNCED,3870,9305072,9305072,True,True,RECLAIM
2026-08-22,20260822T230131.mp4,SYNCED,3869,10314874,10314874,True,True,RECLAIM
2026-08-22,20260822T223125.mp4,SYNCED,3868,9300463,9300463,True,True,RECLAIM
2026-08-22,20260822T220125.mp4,SYNCED,3867,9496269,9496269,True,True,RECLAIM
2026-08-22,20260822T213133.mp4,SYNCED,3866,9744148,9744148,True,True,RECLAIM
2026-08-22,20260822T210126.mp4,FAILED,,9350494,,False,False,UPLOAD
2026-08-22,20260822T203128.mp4,FAILED,,9723038,,False,False,UPLOAD
2026-08-22,20260822T200132.mp4,FAILED,,9408665,,False,False,UPLOAD
2026-08-22,20260822T193125.mp4,SYNCED,3865,9850150,9850150,True,True,RECLAIM
2026-08-22,20260822T190129.mp4,SYNCED,3864,9379673,9379673,True,True,RECLAIM
2026-08-22,20260822T183135.mp4,SYNCED,3863,9288779,9288779,True,True,RECLAIM
2026-08-22,20260822T180126.mp4,SYNCED,3862,9287582,9287582,True,True,RECLAIM
2026-08-22,20260822T173132.mp4,SYNCED,3861,9759722,9759722,True,True,RECLAIM
2026-08-22,20260822T170124.mp4,SYNCED,3860,9789863,9789863,True,True,RECLAIM
2026-08-22,20260822T163133.mp4,SYNCED,3859,9802037,9802037,True,True,RECLAIM
2026-08-22,20260822T160126.mp4,SYNCED,3858,9830299,9830299,True,True,RECLAIM
2026-08-22,20260822T153134.mp4,SYNCED,3857,9718338,9718338,True,True,RECLAIM
2026-08-22,20260822T150125.mp4,SYNCED,3856,9373876,9373876,True,True,RECLAIM
2026-08-22,20260822T143134.mp4,SYNCED,3855,9678169,9678169,True,True,RECLAIM
2026-08-22,20260822T140131.mp4,SYNCED,3854,9286805,9286805,True,True,RECLAIM
2026-08-22,20260822T133128.mp4,SYNCED,3853,9661928,9661928,True,True,RECLAIM
2026-08-22,20260822T130136.mp4,SYNCED,3852,9653720,9653720,True,True,RECLAIM
2026-08-22,20260822T123130.mp4,SYNCED,3851,9643113,9643113,True,True,RECLAIM
2026-08-22,20260822T120128.mp4,SYNCED,3850,9794856,9794856,True,True,RECLAIM
2026-08-22,20260822T113128.mp4,SYNCED,3849,9293460,9293460,True,True,RECLAIM
2026-08-22,20260822T110126.mp4,SYNCED,3848,9334844,9334844,True,True,RECLAIM
2026-08-22,20260822T103129.mp4,SYNCED,3847,9311371,9311371,True,True,RECLAIM
2026-08-22,20260822T100128.mp4,FAILED,,10165112,,False,False,UPLOAD
2026-08-22,20260822T093132.mp4,SYNCED,3846,9316501,9316501,True,True,RECLAIM
2026-08-22,20260822T090128.mp4,SYNCED,3845,10232921,10232921,True,True,RECLAIM
2026-08-22,20260822T083125.mp4,SYNCED,3844,10124851,10124851,True,True,RECLAIM
2026-08-22,20260822T080130.mp4,FAILED,,9318487,9318487,True,True,ALREADY-ON-SERVER
2026-08-22,20260822T073132.mp4,SYNCED,3842,9316179,9316179,True,True,RECLAIM
2026-08-22,20260822T070128.mp4,SYNCED,3841,9317827,9317827,True,True,RECLAIM
2026-08-22,20260822T063131.mp4,SYNCED,3840,9600993,9600993,True,True,RECLAIM
2026-08-22,20260822T060127.mp4,SYNCED,3839,9313314,9313314,True,True,RECLAIM
2026-08-22,20260822T053131.mp4,SYNCED,3838,9438707,9438707,True,True,RECLAIM
2026-08-22,20260822T050124.mp4,SYNCED,3837,9322893,9322893,True,True,RECLAIM
2026-08-22,20260822T043129.mp4,SYNCED,3836,9323764,9323764,True,True,RECLAIM
2026-08-22,20260822T040131.mp4,SYNCED,3835,9559268,9559268,True,True,RECLAIM
2026-08-22,20260822T033125.mp4,SYNCED,3834,10398426,10398426,True,True,RECLAIM
2026-08-22,20260822T030132.mp4,SYNCED,3833,9311236,9311236,True,True,RECLAIM
2026-08-22,20260822T023124.mp4,FAILED,,9752722,,False,False,UPLOAD
2026-08-22,20260822T020125.mp4,SYNCED,3832,9320037,9320037,True,True,RECLAIM
2026-08-22,20260822T013134.mp4,SYNCED,3831,9374590,9374590,True,True,RECLAIM
2026-08-22,20260822T010127.mp4,SYNCED,3830,9563924,9563924,True,True,RECLAIM
2026-08-22,20260822T003126.mp4,FAILED,,10225118,10225118,True,True,ALREADY-ON-SERVER
2026-08-22,20260822T000129.mp4,SYNCED,3828,10414979,10414979,True,True,RECLAIM
2026-08-21,20260821T233132.mp4,SYNCED,3827,9465499,9465499,True,True,RECLAIM
2026-08-21,20260821T230132.mp4,SYNCED,3826,9308808,9308808,True,True,RECLAIM
2026-08-21,20260821T223132.mp4,SYNCED,3825,9862224,9862224,True,True,RECLAIM
2026-08-21,20260821T220126.mp4,SYNCED,3824,9299705,9299705,True,True,RECLAIM
2026-08-21,20260821T213134.mp4,FAILED,,9452634,,False,False,UPLOAD
2026-08-21,20260821T210127.mp4,SYNCED,3823,9366102,9366102,True,True,RECLAIM
2026-08-21,20260821T203125.mp4,SYNCED,3822,9292283,9292283,True,True,RECLAIM
2026-08-21,20260821T200127.mp4,SYNCED,3821,9314070,9314070,True,True,RECLAIM
2026-08-21,20260821T193132.mp4,SYNCED,3820,9942423,9942423,True,True,RECLAIM
2026-08-21,20260821T190125.mp4,SYNCED,3819,9900949,9900949,True,True,RECLAIM
2026-08-21,20260821T183127.mp4,SYNCED,3818,9330061,9330061,True,True,RECLAIM
2026-08-21,20260821T180134.mp4,SYNCED,3817,9712886,9712886,True,True,RECLAIM
2026-08-21,20260821T173132.mp4,SYNCED,3816,9773497,9773497,True,True,RECLAIM
2026-08-21,20260821T170128.mp4,SYNCED,3815,9659122,9659122,True,True,RECLAIM
2026-08-21,20260821T163132.mp4,SYNCED,3814,9757855,9757855,True,True,RECLAIM
2026-08-21,20260821T160132.mp4,SYNCED,3813,9884821,9884821,True,True,RECLAIM
2026-08-21,20260821T153132.mp4,SYNCED,3812,9321255,9321255,True,True,RECLAIM
2026-08-21,20260821T150127.mp4,SYNCED,3811,9296763,9296763,True,True,RECLAIM
2026-08-21,20260821T143134.mp4,SYNCED,3810,9948685,9948685,True,True,RECLAIM
2026-08-21,20260821T140128.mp4,SYNCED,3809,9461840,9461840,True,True,RECLAIM
2026-08-21,20260821T133132.mp4,SYNCED,3808,9907234,9907234,True,True,RECLAIM
2026-08-21,20260821T130128.mp4,SYNCED,3807,9294785,9294785,True,True,RECLAIM
2026-08-21,20260821T123129.mp4,SYNCED,3806,9480448,9480448,True,True,RECLAIM
2026-08-21,20260821T120134.mp4,SYNCED,3805,9380209,9380209,True,True,RECLAIM
2026-08-21,20260821T113125.mp4,SYNCED,3804,9905243,9905243,True,True,RECLAIM
2026-08-21,20260821T110130.mp4,SYNCED,3803,10178779,10178779,True,True,RECLAIM
2026-08-21,20260821T103127.mp4,SYNCED,3802,9391813,9391813,True,True,RECLAIM
2026-08-21,20260821T100124.mp4,SYNCED,3801,9305629,9305629,True,True,RECLAIM
2026-08-21,20260821T093129.mp4,SYNCED,3800,10222472,10222472,True,True,RECLAIM
2026-08-21,20260821T090127.mp4,SYNCED,3799,9316990,9316990,True,True,RECLAIM
2026-08-21,20260821T083128.mp4,SYNCED,3798,9317371,9317371,True,True,RECLAIM
2026-08-21,20260821T080132.mp4,SYNCED,3797,9479766,9479766,True,True,RECLAIM
2026-08-21,20260821T073126.mp4,SYNCED,3796,10198263,10198263,True,True,RECLAIM
2026-08-21,20260821T070127.mp4,FAILED,,9315840,9315840,True,True,ALREADY-ON-SERVER
2026-08-21,20260821T063128.mp4,SYNCED,3794,9591130,9591130,True,True,RECLAIM
2026-08-21,20260821T060127.mp4,SYNCED,3793,10205815,10205815,True,True,RECLAIM
2026-08-21,20260821T053125.mp4,SYNCED,3792,9571577,9571577,True,True,RECLAIM
2026-08-21,20260821T050131.mp4,SYNCED,3791,9343447,9343447,True,True,RECLAIM
2026-08-21,20260821T043129.mp4,SYNCED,3790,9323252,9323252,True,True,RECLAIM
2026-08-21,20260821T040125.mp4,SYNCED,3789,9320250,9320250,True,True,RECLAIM
2026-08-21,20260821T033127.mp4,SYNCED,3788,10259115,10259115,True,True,RECLAIM
2026-08-21,20260821T030126.mp4,FAILED,,9318360,,False,False,UPLOAD
2026-08-21,20260821T023127.mp4,SYNCED,3787,9522333,9522333,True,True,RECLAIM
2026-08-21,20260821T020124.mp4,SYNCED,3786,9358546,9358546,True,True,RECLAIM
2026-08-21,20260821T013132.mp4,SYNCED,3785,9316230,9316230,True,True,RECLAIM
2026-08-21,20260821T011829.mp4,SYNCED,3784,9310508,9310508,True,True,RECLAIM
2026-08-21,20260821T011603.mp4,SYNCED,3783,9336841,9336841,True,True,RECLAIM
2026-08-20,20260820T034006.mp4,SYNCED,3782,9659243,9659243,True,True,RECLAIM
2026-08-14,20260814T183132.mp4,SYNCED,3781,9513464,9513464,True,True,RECLAIM
2026-08-14,20260814T180128.mp4,SYNCED,3780,10117486,10117486,True,True,RECLAIM
2026-08-14,20260814T173128.mp4,FAILED,3779,9693068,9693068,True,True,ALREADY-ON-SERVER
2026-08-14,20260814T170133.mp4,SYNCED,3778,9427076,9427076,True,True,RECLAIM
2026-08-14,20260814T163124.mp4,SYNCED,3777,9275334,9275334,True,True,RECLAIM
2026-08-14,20260814T160134.mp4,SYNCED,3776,10076817,10076817,True,True,RECLAIM
2026-08-14,20260814T153129.mp4,SYNCED,3775,9884056,9884056,True,True,RECLAIM
2026-08-14,20260814T150130.mp4,SYNCED,3774,10154215,10154215,True,True,RECLAIM
2026-08-14,20260814T143128.mp4,SYNCED,3773,9651489,9651489,True,True,RECLAIM
2026-08-14,20260814T140132.mp4,SYNCED,3772,9519861,9519861,True,True,RECLAIM
2026-08-14,20260814T133131.mp4,SYNCED,3771,9819427,9819427,True,True,RECLAIM
2026-08-14,20260814T130132.mp4,SYNCED,3770,9284278,9284278,True,True,RECLAIM
2026-08-14,20260814T123127.mp4,SYNCED,3769,9281819,9281819,True,True,RECLAIM
2026-08-14,20260814T120127.mp4,SYNCED,3768,10009081,10009081,True,True,RECLAIM
2026-08-14,20260814T113127.mp4,SYNCED,3767,9334559,9334559,True,True,RECLAIM
2026-08-14,20260814T110127.mp4,SYNCED,3766,10328202,10328202,True,True,RECLAIM
2026-08-14,20260814T103127.mp4,SYNCED,3765,10174607,10174607,True,True,RECLAIM
2026-08-14,20260814T100137.mp4,SYNCED,3764,9403433,9403433,True,True,RECLAIM
2026-08-14,20260814T093125.mp4,SYNCED,3763,9311974,9311974,True,True,RECLAIM
2026-08-14,20260814T090133.mp4,SYNCED,3762,10214022,10214022,True,True,RECLAIM
2026-08-14,20260814T083130.mp4,SYNCED,3761,9313386,9313386,True,True,RECLAIM
2026-08-14,20260814T080128.mp4,SYNCED,3760,10194387,10194387,True,True,RECLAIM
2026-08-14,20260814T073128.mp4,SYNCED,3759,9422774,9422774,True,True,RECLAIM
2026-08-14,20260814T070126.mp4,SYNCED,3758,9318382,9318382,True,True,RECLAIM
2026-08-14,20260814T063135.mp4,SYNCED,3757,9422973,9422973,True,True,RECLAIM
2026-08-14,20260814T060134.mp4,SYNCED,3756,9393976,9393976,True,True,RECLAIM
2026-08-14,20260814T053125.mp4,SYNCED,3755,9392499,9392499,True,True,RECLAIM
2026-08-14,20260814T050134.mp4,SYNCED,3754,9330585,9330585,True,True,RECLAIM
2026-08-14,20260814T043132.mp4,SYNCED,3753,9322694,9322694,True,True,RECLAIM
2026-08-14,20260814T040129.mp4,SYNCED,3752,10227742,10227742,True,True,RECLAIM
2026-08-14,20260814T033126.mp4,SYNCED,3751,9331466,9331466,True,True,RECLAIM
2026-08-14,20260814T030132.mp4,SYNCED,3750,9317822,9317822,True,True,RECLAIM
2026-08-14,20260814T023126.mp4,SYNCED,3749,9314695,9314695,True,True,RECLAIM
2026-08-14,20260814T020126.mp4,SYNCED,3748,10152919,10152919,True,True,RECLAIM
2026-08-14,20260814T013130.mp4,SYNCED,3747,9317425,9317425,True,True,RECLAIM
2026-08-14,20260814T010124.mp4,SYNCED,3746,9312656,9312656,True,True,RECLAIM
2026-08-14,20260814T003134.mp4,SYNCED,3745,9311123,9311123,True,True,RECLAIM
2026-08-14,20260814T000127.mp4,SYNCED,3744,10215086,10215086,True,True,RECLAIM
2026-08-13,20260813T233132.mp4,SYNCED,3743,10390722,10390722,True,True,RECLAIM
2026-08-13,20260813T230130.mp4,SYNCED,3742,10183512,10183512,True,True,RECLAIM
2026-08-13,20260813T223124.mp4,SYNCED,3741,9461139,9461139,True,True,RECLAIM
2026-08-13,20260813T220132.mp4,SYNCED,3740,9821930,9821930,True,True,RECLAIM
2026-08-13,20260813T213127.mp4,SYNCED,3739,9287984,9287984,True,True,RECLAIM
2026-08-13,20260813T210132.mp4,SYNCED,3738,9292297,9292297,True,True,RECLAIM
2026-08-13,20260813T203124.mp4,SYNCED,3737,9279564,9279564,True,True,RECLAIM
2026-08-13,20260813T200131.mp4,SYNCED,3736,9586470,9586470,True,True,RECLAIM
2026-08-13,20260813T193127.mp4,SYNCED,3735,9699159,9699159,True,True,RECLAIM
2026-08-13,20260813T190133.mp4,SYNCED,3734,9889394,9889394,True,True,RECLAIM
2026-08-13,20260813T183132.mp4,SYNCED,3733,9287306,9287306,True,True,RECLAIM
2026-08-13,20260813T180127.mp4,SYNCED,3732,9499652,9499652,True,True,RECLAIM
2026-08-13,20260813T173125.mp4,SYNCED,3731,9285484,9285484,True,True,RECLAIM
2026-08-13,20260813T170125.mp4,FAILED,,9891749,,False,False,UPLOAD
2026-08-13,20260813T163133.mp4,SYNCED,3730,9627424,9627424,True,True,RECLAIM
2026-08-13,20260813T160125.mp4,SYNCED,3729,9294082,9294082,True,True,RECLAIM
2026-08-13,20260813T153132.mp4,SYNCED,3728,9895813,9895813,True,True,RECLAIM
2026-08-13,20260813T150128.mp4,SYNCED,3727,9657053,9657053,True,True,RECLAIM
2026-08-13,20260813T143129.mp4,SYNCED,3726,10048625,10048625,True,True,RECLAIM
2026-08-13,20260813T140134.mp4,SYNCED,3725,10094789,10094789,True,True,RECLAIM
2026-08-13,20260813T133125.mp4,SYNCED,3724,9285303,9285303,True,True,RECLAIM
2026-08-13,20260813T130135.mp4,SYNCED,3723,9816638,9816638,True,True,RECLAIM
2026-08-13,20260813T123124.mp4,SYNCED,3722,9928363,9928363,True,True,RECLAIM
2026-08-13,20260813T120127.mp4,SYNCED,3721,9289842,9289842,True,True,RECLAIM
2026-08-13,20260813T113128.mp4,SYNCED,3720,9736084,9736084,True,True,RECLAIM
2026-08-13,20260813T110133.mp4,SYNCED,3719,10353774,10353774,True,True,RECLAIM
2026-08-13,20260813T103124.mp4,FAILED,,10039769,10039769,True,True,ALREADY-ON-SERVER
2026-08-13,20260813T100134.mp4,SYNCED,3717,9316414,9316414,True,True,RECLAIM
2026-08-13,20260813T093127.mp4,SYNCED,3716,9605264,9605264,True,True,RECLAIM
2026-08-13,20260813T090128.mp4,SYNCED,3715,9443904,9443904,True,True,RECLAIM
2026-08-13,20260813T083135.mp4,SYNCED,3714,9394792,9394792,True,True,RECLAIM
2026-08-13,20260813T080124.mp4,SYNCED,3713,9433550,9433550,True,True,RECLAIM
2026-08-13,20260813T073129.mp4,SYNCED,3712,9378852,9378852,True,True,RECLAIM
2026-08-13,20260813T070126.mp4,FAILED,,9320580,9320580,True,True,ALREADY-ON-SERVER
2026-08-13,20260813T063133.mp4,SYNCED,3710,9521309,9521309,True,True,RECLAIM
2026-08-13,20260813T060123.mp4,SYNCED,3709,9318614,9318614,True,True,RECLAIM
2026-08-13,20260813T053135.mp4,SYNCED,3708,10145694,10145694,True,True,RECLAIM
2026-08-13,20260813T050129.mp4,SYNCED,3707,10445385,10445385,True,True,RECLAIM
2026-08-13,20260813T043129.mp4,SYNCED,3706,9395185,9395185,True,True,RECLAIM
2026-08-13,20260813T040133.mp4,SYNCED,3705,9321652,9321652,True,True,RECLAIM
2026-08-13,20260813T033125.mp4,SYNCED,3704,10178524,10178524,True,True,RECLAIM
2026-08-13,20260813T030126.mp4,SYNCED,3703,10264470,10264470,True,True,RECLAIM
2026-08-13,20260813T023126.mp4,SYNCED,3702,9318019,9318019,True,True,RECLAIM
2026-08-13,20260813T020129.mp4,SYNCED,3701,9377752,9377752,True,True,RECLAIM
2026-08-13,20260813T013125.mp4,SYNCED,3700,9312931,9312931,True,True,RECLAIM
2026-08-13,20260813T010134.mp4,SYNCED,3699,10310171,10310171,True,True,RECLAIM
2026-08-13,20260813T003129.mp4,SYNCED,3698,10215794,10215794,True,True,RECLAIM
2026-08-13,20260813T000132.mp4,SYNCED,3697,9318785,9318785,True,True,RECLAIM
2026-08-12,20260812T233126.mp4,SYNCED,3696,9538358,9538358,True,True,RECLAIM
2026-08-12,20260812T230132.mp4,SYNCED,3695,10330583,10330583,True,True,RECLAIM
2026-08-12,20260812T223125.mp4,SYNCED,3694,9291599,9291599,True,True,RECLAIM
2026-08-12,20260812T220130.mp4,FAILED,,9778769,,False,False,UPLOAD
2026-08-12,20260812T213127.mp4,SYNCED,3693,9288862,9288862,True,True,RECLAIM
2026-08-12,20260812T210130.mp4,SYNCED,3692,9849816,9849816,True,True,RECLAIM
2026-08-12,20260812T203125.mp4,SYNCED,3691,9356236,9356236,True,True,RECLAIM
2026-08-12,20260812T200134.mp4,SYNCED,3690,9524898,9524898,True,True,RECLAIM
2026-08-12,20260812T193125.mp4,SYNCED,3689,9290575,9290575,True,True,RECLAIM
2026-08-12,20260812T190129.mp4,SYNCED,3688,10026271,10026271,True,True,RECLAIM
2026-08-12,20260812T183134.mp4,SYNCED,3687,9910452,9910452,True,True,RECLAIM
2026-08-12,20260812T180131.mp4,SYNCED,3686,9698190,9698190,True,True,RECLAIM
2026-08-12,20260812T173125.mp4,SYNCED,3685,9758257,9758257,True,True,RECLAIM
2026-08-12,20260812T170128.mp4,SYNCED,3684,9287235,9287235,True,True,RECLAIM
2026-08-12,20260812T163137.mp4,SYNCED,3683,9341223,9341223,True,True,RECLAIM
2026-08-12,20260812T160132.mp4,FAILED,,9859675,,False,False,UPLOAD
2026-08-12,20260812T153134.mp4,SYNCED,3682,10121463,10121463,True,True,RECLAIM
2026-08-12,20260812T150127.mp4,SYNCED,3681,9733609,9733609,True,True,RECLAIM
2026-08-12,20260812T143136.mp4,SYNCED,3680,9789223,9789223,True,True,RECLAIM
2026-08-12,20260812T140129.mp4,SYNCED,3679,9824126,9824126,True,True,RECLAIM
2026-08-12,20260812T133127.mp4,SYNCED,3678,9359512,9359512,True,True,RECLAIM
2026-08-12,20260812T130134.mp4,SYNCED,3677,9867077,9867077,True,True,RECLAIM
2026-08-12,20260812T123125.mp4,SYNCED,3676,9287759,9287759,True,True,RECLAIM
2026-08-12,20260812T120132.mp4,SYNCED,3675,9435207,9435207,True,True,RECLAIM
2026-08-12,20260812T113133.mp4,SYNCED,3674,9365667,9365667,True,True,RECLAIM
2026-08-12,20260812T110127.mp4,SYNCED,3673,9474484,9474484,True,True,RECLAIM
2026-08-12,20260812T103127.mp4,SYNCED,3672,9313168,9313168,True,True,RECLAIM
2026-08-12,20260812T100126.mp4,SYNCED,3671,9760613,9760613,True,True,RECLAIM
2026-08-12,20260812T093127.mp4,SYNCED,3670,9313510,9313510,True,True,RECLAIM
2026-08-12,20260812T090129.mp4,SYNCED,3669,9530920,9530920,True,True,RECLAIM
2026-08-12,20260812T083126.mp4,SYNCED,3668,9313782,9313782,True,True,RECLAIM
2026-08-12,20260812T080132.mp4,SYNCED,3667,10092762,10092762,True,True,RECLAIM
2026-08-12,20260812T073126.mp4,SYNCED,3666,10189834,10189834,True,True,RECLAIM
2026-08-12,20260812T070132.mp4,SYNCED,3665,9374826,9374826,True,True,RECLAIM
2026-08-12,20260812T063127.mp4,SYNCED,3664,10096533,10096533,True,True,RECLAIM
2026-08-12,20260812T060128.mp4,SYNCED,3663,9369254,9369254,True,True,RECLAIM
2026-08-12,20260812T053132.mp4,SYNCED,3662,10213082,10213082,True,True,RECLAIM
2026-08-12,20260812T050132.mp4,SYNCED,3661,10162729,10162729,True,True,RECLAIM
2026-08-12,20260812T043129.mp4,SYNCED,3660,10272766,10272766,True,True,RECLAIM
2026-08-12,20260812T040131.mp4,SYNCED,3659,10302839,10302839,True,True,RECLAIM
2026-08-12,20260812T033124.mp4,SYNCED,3658,9316615,9316615,True,True,RECLAIM
2026-08-12,20260812T030127.mp4,SYNCED,3657,9551813,9551813,True,True,RECLAIM
2026-08-12,20260812T023124.mp4,SYNCED,3656,9316999,9316999,True,True,RECLAIM
2026-08-12,20260812T020126.mp4,SYNCED,3655,9318716,9318716,True,True,RECLAIM
2026-08-12,20260812T013125.mp4,SYNCED,3654,9311948,9311948,True,True,RECLAIM
2026-08-12,20260812T010127.mp4,SYNCED,3653,9312328,9312328,True,True,RECLAIM
2026-08-12,20260812T003132.mp4,SYNCED,3652,9583605,9583605,True,True,RECLAIM
2026-08-12,20260812T000125.mp4,FAILED,,10215320,10215320,True,True,ALREADY-ON-SERVER
2026-08-11,20260811T233133.mp4,SYNCED,3650,10177858,10177858,True,True,RECLAIM
2026-08-11,20260811T230127.mp4,SYNCED,3649,10048428,10048428,True,True,RECLAIM
2026-08-11,20260811T223135.mp4,SYNCED,3648,9620325,9620325,True,True,RECLAIM
2026-08-11,20260811T220130.mp4,SYNCED,3647,9495636,9495636,True,True,RECLAIM
2026-08-11,20260811T213133.mp4,SYNCED,3646,9423427,9423427,True,True,RECLAIM
2026-08-11,20260811T210129.mp4,SYNCED,3645,9817271,9817271,True,True,RECLAIM
2026-08-11,20260811T203132.mp4,SYNCED,3644,9349660,9349660,True,True,RECLAIM
2026-08-11,20260811T200126.mp4,SYNCED,3643,9825376,9825376,True,True,RECLAIM
2026-08-11,20260811T193127.mp4,SYNCED,3642,9811260,9811260,True,True,RECLAIM
2026-08-11,20260811T190128.mp4,SYNCED,3641,9762266,9762266,True,True,RECLAIM
2026-08-11,20260811T183128.mp4,SYNCED,3640,10029379,10029379,True,True,RECLAIM
2026-08-11,20260811T180125.mp4,SYNCED,3639,9283157,9283157,True,True,RECLAIM
2026-08-11,20260811T173127.mp4,SYNCED,3638,9392909,9392909,True,True,RECLAIM
2026-08-11,20260811T170131.mp4,SYNCED,3637,9286417,9286417,True,True,RECLAIM
2026-08-11,20260811T163128.mp4,SYNCED,3636,9621638,9621638,True,True,RECLAIM
2026-08-11,20260811T160128.mp4,SYNCED,3635,9507422,9507422,True,True,RECLAIM
2026-08-11,20260811T153134.mp4,SYNCED,3634,9783631,9783631,True,True,RECLAIM
2026-08-11,20260811T150131.mp4,SYNCED,3633,9888188,9888188,True,True,RECLAIM
2026-08-11,20260811T143130.mp4,SYNCED,3632,10085674,10085674,True,True,RECLAIM
2026-08-11,20260811T140129.mp4,SYNCED,3631,10077225,10077225,True,True,RECLAIM
2026-08-11,20260811T133126.mp4,SYNCED,3630,9775736,9775736,True,True,RECLAIM
2026-08-11,20260811T130134.mp4,SYNCED,3629,9805915,9805915,True,True,RECLAIM
2026-08-11,20260811T123129.mp4,SYNCED,3628,9289544,9289544,True,True,RECLAIM
2026-08-11,20260811T120124.mp4,SYNCED,3627,9281407,9281407,True,True,RECLAIM
2026-08-11,20260811T113134.mp4,SYNCED,3626,9781320,9781320,True,True,RECLAIM
2026-08-11,20260811T110127.mp4,SYNCED,3625,9564843,9564843,True,True,RECLAIM
2026-08-11,20260811T103127.mp4,SYNCED,3624,9313577,9313577,True,True,RECLAIM
2026-08-11,20260811T100132.mp4,SYNCED,3623,9318506,9318506,True,True,RECLAIM
2026-08-11,20260811T093132.mp4,SYNCED,3622,10140693,10140693,True,True,RECLAIM
2026-08-11,20260811T090127.mp4,SYNCED,3621,9316720,9316720,True,True,RECLAIM
2026-08-11,20260811T083124.mp4,SYNCED,3620,9315403,9315403,True,True,RECLAIM
2026-08-11,20260811T080127.mp4,FAILED,,9311150,9311150,True,True,ALREADY-ON-SERVER
2026-08-11,20260811T073132.mp4,SYNCED,3618,10161207,10161207,True,True,RECLAIM
2026-08-11,20260811T070134.mp4,SYNCED,3617,9316941,9316941,True,True,RECLAIM
2026-08-11,20260811T063130.mp4,SYNCED,3616,10116940,10116940,True,True,RECLAIM
2026-08-11,20260811T060124.mp4,FAILED,,9462266,,False,False,UPLOAD
2026-08-11,20260811T053129.mp4,SYNCED,3615,10170322,10170322,True,True,RECLAIM
2026-08-11,20260811T050127.mp4,SYNCED,3614,10343144,10343144,True,True,RECLAIM
2026-08-11,20260811T043134.mp4,SYNCED,3613,10209545,10209545,True,True,RECLAIM
2026-08-11,20260811T040127.mp4,SYNCED,3612,9318673,9318673,True,True,RECLAIM
2026-08-11,20260811T033132.mp4,SYNCED,3611,10310241,10310241,True,True,RECLAIM
2026-08-11,20260811T030126.mp4,SYNCED,3610,9311704,9311704,True,True,RECLAIM
2026-08-11,20260811T023132.mp4,SYNCED,3609,9316980,9316980,True,True,RECLAIM
2026-08-11,20260811T020133.mp4,SYNCED,3608,9440128,9440128,True,True,RECLAIM
2026-08-11,20260811T013136.mp4,SYNCED,3607,9382464,9382464,True,True,RECLAIM
2026-08-11,20260811T010124.mp4,SYNCED,3606,9314278,9314278,True,True,RECLAIM
2026-08-11,20260811T003132.mp4,SYNCED,3605,9314986,9314986,True,True,RECLAIM
2026-08-11,20260811T000128.mp4,SYNCED,3604,9440504,9440504,True,True,RECLAIM
2026-08-10,20260810T233130.mp4,FAILED,,9311713,9311713,True,True,ALREADY-ON-SERVER
2026-08-10,20260810T230134.mp4,SYNCED,3602,10209023,10209023,True,True,RECLAIM
2026-08-10,20260810T223126.mp4,SYNCED,3601,9856572,9856572,True,True,RECLAIM
2026-08-10,20260810T220132.mp4,SYNCED,3600,9820690,9820690,True,True,RECLAIM
2026-08-10,20260810T213125.mp4,SYNCED,3599,9586263,9586263,True,True,RECLAIM
2026-08-10,20260810T210128.mp4,SYNCED,3598,9897038,9897038,True,True,RECLAIM
2026-08-10,20260810T203124.mp4,SYNCED,3597,9288876,9288876,True,True,RECLAIM
2026-08-10,20260810T200132.mp4,FAILED,,9410263,,False,False,UPLOAD
2026-08-10,20260810T193125.mp4,FAILED,,9934064,,False,False,UPLOAD
2026-08-10,20260810T190135.mp4,FAILED,,9671683,,False,False,UPLOAD
2026-08-10,20260810T183124.mp4,FAILED,,9888005,,False,False,UPLOAD
2026-08-10,20260810T180130.mp4,FAILED,,9280521,,False,False,UPLOAD
2026-08-10,20260810T173127.mp4,FAILED,,9727549,,False,False,UPLOAD
2026-08-10,20260810T170131.mp4,FAILED,,9316748,,False,False,UPLOAD
2026-08-10,20260810T163126.mp4,FAILED,,9860967,,False,False,UPLOAD
2026-08-10,20260810T160127.mp4,FAILED,,9281225,,False,False,UPLOAD
2026-08-10,20260810T153128.mp4,FAILED,,9303937,,False,False,UPLOAD
2026-08-10,20260810T150127.mp4,FAILED,,9285382,,False,False,UPLOAD
2026-08-10,20260810T143126.mp4,FAILED,,10102006,,False,False,UPLOAD
2026-08-10,20260810T140125.mp4,FAILED,,9659368,,False,False,UPLOAD
2026-08-10,20260810T133132.mp4,FAILED,,9647217,,False,False,UPLOAD
2026-08-10,20260810T130132.mp4,FAILED,,9628003,,False,False,UPLOAD
2026-08-10,20260810T123133.mp4,FAILED,,9838876,,False,False,UPLOAD
2026-08-10,20260810T120128.mp4,FAILED,,9288105,,False,False,UPLOAD
2026-08-10,20260810T113126.mp4,FAILED,,9874489,,False,False,UPLOAD
2026-08-10,20260810T110135.mp4,FAILED,,9304242,,False,False,UPLOAD
2026-08-10,20260810T103128.mp4,FAILED,,10111260,,False,False,UPLOAD
2026-08-10,20260810T100129.mp4,FAILED,,9377670,,False,False,UPLOAD
2026-08-10,20260810T093130.mp4,FAILED,,9320004,,False,False,UPLOAD
2026-08-10,20260810T090128.mp4,FAILED,,9317778,,False,False,UPLOAD
2026-08-10,20260810T083124.mp4,FAILED,,9762777,,False,False,UPLOAD
2026-08-10,20260810T080127.mp4,FAILED,,9410925,,False,False,UPLOAD
2026-08-10,20260810T073127.mp4,FAILED,,10169882,,False,False,UPLOAD
2026-08-10,20260810T070128.mp4,FAILED,,10150602,,False,False,UPLOAD
2026-08-10,20260810T063130.mp4,FAILED,,9518072,,False,False,UPLOAD
2026-08-10,20260810T060127.mp4,FAILED,,9320909,,False,False,UPLOAD
2026-08-10,20260810T053126.mp4,FAILED,,9322225,,False,False,UPLOAD
2026-08-10,20260810T050132.mp4,FAILED,,9319118,,False,False,UPLOAD
2026-08-10,20260810T043130.mp4,FAILED,,9316733,,False,False,UPLOAD
2026-08-10,20260810T040128.mp4,FAILED,,10265581,,False,False,UPLOAD
2026-08-10,20260810T033132.mp4,FAILED,,9453347,,False,False,UPLOAD
2026-08-10,20260810T030132.mp4,FAILED,,10306391,,False,False,UPLOAD
2026-08-10,20260810T023130.mp4,FAILED,,10188821,,False,False,UPLOAD
2026-08-10,20260810T020132.mp4,FAILED,,10175948,,False,False,UPLOAD
2026-08-10,20260810T013126.mp4,FAILED,,10150073,,False,False,UPLOAD
2026-08-10,20260810T010132.mp4,FAILED,,10321832,,False,False,UPLOAD
2026-08-10,20260810T003129.mp4,FAILED,,9473586,,False,False,UPLOAD
2026-08-10,20260810T000129.mp4,FAILED,,9541644,,False,False,UPLOAD
2026-08-09,20260809T233134.mp4,FAILED,,10150230,,False,False,UPLOAD
2026-08-09,20260809T230128.mp4,FAILED,,10630397,,False,False,UPLOAD
2026-08-09,20260809T223132.mp4,FAILED,,9292101,,False,False,UPLOAD
2026-08-09,20260809T220125.mp4,FAILED,,9279827,,False,False,UPLOAD
2026-08-09,20260809T213131.mp4,FAILED,,9524852,,False,False,UPLOAD
2026-08-09,20260809T210126.mp4,FAILED,,9397216,,False,False,UPLOAD
2026-08-09,20260809T203126.mp4,FAILED,,9285822,,False,False,UPLOAD
2026-08-09,20260809T200134.mp4,FAILED,,9488106,,False,False,UPLOAD
2026-08-09,20260809T193126.mp4,FAILED,,9337559,,False,False,UPLOAD
2026-08-09,20260809T190126.mp4,FAILED,,9639524,,False,False,UPLOAD
2026-08-09,20260809T183128.mp4,FAILED,,10068423,,False,False,UPLOAD
2026-08-09,20260809T180131.mp4,FAILED,,9284843,,False,False,UPLOAD
2026-08-09,20260809T173132.mp4,FAILED,,9837091,,False,False,UPLOAD
2026-08-09,20260809T170127.mp4,FAILED,,9717711,,False,False,UPLOAD
2026-08-09,20260809T163127.mp4,FAILED,,9286431,,False,False,UPLOAD
2026-08-09,20260809T160126.mp4,FAILED,,9474457,,False,False,UPLOAD
2026-08-09,20260809T153132.mp4,FAILED,,9820123,,False,False,UPLOAD
2026-08-09,20260809T150125.mp4,FAILED,,9868164,,False,False,UPLOAD
2026-08-09,20260809T143132.mp4,FAILED,,10027367,,False,False,UPLOAD
2026-08-09,20260809T140125.mp4,FAILED,,9879761,,False,False,UPLOAD
2026-08-09,20260809T133132.mp4,FAILED,,9381327,,False,False,UPLOAD
2026-08-09,20260809T130125.mp4,FAILED,,9279863,,False,False,UPLOAD
2026-08-09,20260809T123129.mp4,FAILED,,9740087,,False,False,UPLOAD
2026-08-09,20260809T120124.mp4,FAILED,,9744056,,False,False,UPLOAD
2026-08-09,20260809T113132.mp4,FAILED,,9543535,,False,False,UPLOAD
2026-08-09,20260809T110134.mp4,FAILED,,10071659,,False,False,UPLOAD
2026-08-09,20260809T103124.mp4,FAILED,,9310992,,False,False,UPLOAD
2026-08-09,20260809T100128.mp4,FAILED,,10317031,,False,False,UPLOAD
2026-08-09,20260809T093126.mp4,FAILED,,9352008,,False,False,UPLOAD
2026-08-09,20260809T090129.mp4,FAILED,,9546370,,False,False,UPLOAD
2026-08-09,20260809T083129.mp4,FAILED,,9312321,,False,False,UPLOAD
2026-08-09,20260809T080129.mp4,FAILED,,10181047,,False,False,UPLOAD
2026-08-09,20260809T073138.mp4,FAILED,,9311170,,False,False,UPLOAD
2026-08-09,20260809T070127.mp4,FAILED,,10151503,,False,False,UPLOAD
2026-08-09,20260809T063128.mp4,FAILED,,9317323,,False,False,UPLOAD
2026-08-09,20260809T060125.mp4,FAILED,,9611137,,False,False,UPLOAD
2026-08-09,20260809T053127.mp4,FAILED,,9594667,,False,False,UPLOAD
2026-08-09,20260809T050129.mp4,FAILED,,9317180,,False,False,UPLOAD
2026-08-09,20260809T043134.mp4,FAILED,,9320384,,False,False,UPLOAD
2026-08-09,20260809T040125.mp4,FAILED,,9314075,,False,False,UPLOAD
2026-08-09,20260809T033132.mp4,FAILED,,10155793,,False,False,UPLOAD
2026-08-09,20260809T030126.mp4,FAILED,,9355610,,False,False,UPLOAD
2026-08-09,20260809T023134.mp4,FAILED,,10224397,,False,False,UPLOAD
2026-08-09,20260809T020124.mp4,FAILED,,9308647,,False,False,UPLOAD
2026-08-09,20260809T013129.mp4,FAILED,,9311861,,False,False,UPLOAD
2026-08-09,20260809T010127.mp4,FAILED,,9499266,,False,False,UPLOAD
2026-08-09,20260809T003128.mp4,FAILED,,9311817,,False,False,UPLOAD
2026-08-09,20260809T000128.mp4,FAILED,,9550988,,False,False,UPLOAD
2026-08-08,20260808T233131.mp4,FAILED,,10103287,,False,False,UPLOAD
2026-08-08,20260808T230133.mp4,FAILED,,9620315,,False,False,UPLOAD
2026-08-08,20260808T223134.mp4,FAILED,,9678178,,False,False,UPLOAD
2026-08-08,20260808T220127.mp4,FAILED,,9851594,,False,False,UPLOAD
2026-08-08,20260808T213127.mp4,FAILED,,9610488,,False,False,UPLOAD
2026-08-08,20260808T210133.mp4,FAILED,,9900635,,False,False,UPLOAD
2026-08-08,20260808T203128.mp4,FAILED,,10101023,,False,False,UPLOAD
2026-08-08,20260808T200128.mp4,FAILED,,9298257,,False,False,UPLOAD
2026-08-08,20260808T193124.mp4,FAILED,,9287097,,False,False,UPLOAD
2026-08-08,20260808T190132.mp4,FAILED,,10022715,,False,False,UPLOAD
2026-08-08,20260808T183123.mp4,FAILED,,9278758,,False,False,UPLOAD
2026-08-08,20260808T180134.mp4,FAILED,,9578943,,False,False,UPLOAD
2026-08-08,20260808T173131.mp4,FAILED,,9289807,,False,False,UPLOAD
2026-08-08,20260808T170125.mp4,FAILED,,9544915,,False,False,UPLOAD
2026-08-08,20260808T163127.mp4,FAILED,,9285007,,False,False,UPLOAD
2026-08-08,20260808T160128.mp4,FAILED,,10153086,,False,False,UPLOAD
2026-08-08,20260808T153133.mp4,FAILED,,9839348,,False,False,UPLOAD
2026-08-08,20260808T150125.mp4,FAILED,,9519087,,False,False,UPLOAD
2026-08-08,20260808T143132.mp4,FAILED,,9291945,,False,False,UPLOAD
2026-08-08,20260808T140125.mp4,FAILED,,9875975,,False,False,UPLOAD
2026-08-08,20260808T133130.mp4,FAILED,,10241124,,False,False,UPLOAD
2026-08-08,20260808T130132.mp4,FAILED,,10001731,,False,False,UPLOAD
2026-08-08,20260808T123126.mp4,FAILED,,9746791,,False,False,UPLOAD
2026-08-08,20260808T120126.mp4,FAILED,,9279678,,False,False,UPLOAD
2026-08-08,20260808T113126.mp4,FAILED,,9888439,,False,False,UPLOAD
2026-08-08,20260808T110135.mp4,FAILED,,9310528,,False,False,UPLOAD
2026-08-08,20260808T103132.mp4,FAILED,,9311266,,False,False,UPLOAD
2026-08-08,20260808T100124.mp4,FAILED,,10162407,,False,False,UPLOAD
2026-08-08,20260808T093131.mp4,FAILED,,10162275,,False,False,UPLOAD
2026-08-08,20260808T090131.mp4,FAILED,,9611924,,False,False,UPLOAD
2026-08-08,20260808T083132.mp4,FAILED,,10186505,,False,False,UPLOAD
2026-08-08,20260808T080130.mp4,FAILED,,9624058,,False,False,UPLOAD
2026-08-08,20260808T073126.mp4,FAILED,,10110699,,False,False,UPLOAD
2026-08-08,20260808T070131.mp4,FAILED,,9378937,,False,False,UPLOAD
2026-08-08,20260808T063128.mp4,FAILED,,9498713,,False,False,UPLOAD
2026-08-08,20260808T060125.mp4,FAILED,,9327025,,False,False,UPLOAD
2026-08-08,20260808T053125.mp4,FAILED,,9318829,,False,False,UPLOAD
2026-08-08,20260808T050127.mp4,FAILED,,10229217,,False,False,UPLOAD
2026-08-08,20260808T043130.mp4,FAILED,,9319807,,False,False,UPLOAD
2026-08-08,20260808T040128.mp4,FAILED,,10340403,,False,False,UPLOAD
2026-08-08,20260808T033130.mp4,FAILED,,9484124,,False,False,UPLOAD
2026-08-08,20260808T030128.mp4,FAILED,,10223051,,False,False,UPLOAD
2026-08-08,20260808T023129.mp4,FAILED,,9313272,,False,False,UPLOAD
2026-08-08,20260808T020129.mp4,FAILED,,9317328,,False,False,UPLOAD
2026-08-08,20260808T013133.mp4,FAILED,,9390474,,False,False,UPLOAD
2026-08-08,20260808T010127.mp4,FAILED,,9459193,,False,False,UPLOAD
2026-08-08,20260808T003127.mp4,FAILED,,9317317,,False,False,UPLOAD
2026-08-08,20260808T000132.mp4,FAILED,,9315092,,False,False,UPLOAD
2026-08-07,20260807T233125.mp4,FAILED,,10093053,,False,False,UPLOAD
2026-08-07,20260807T230130.mp4,FAILED,,10268823,,False,False,UPLOAD
2026-08-07,20260807T223130.mp4,FAILED,,9329754,,False,False,UPLOAD
2026-08-07,20260807T220125.mp4,FAILED,,9435236,,False,False,UPLOAD
2026-08-07,20260807T213126.mp4,FAILED,,9847936,,False,False,UPLOAD
2026-08-07,20260807T210125.mp4,FAILED,,9553049,,False,False,UPLOAD
2026-08-07,20260807T203136.mp4,FAILED,,9454880,,False,False,UPLOAD
2026-08-07,20260807T200134.mp4,FAILED,,9515611,,False,False,UPLOAD
2026-08-07,20260807T193131.mp4,FAILED,,9843457,,False,False,UPLOAD
2026-08-07,20260807T190127.mp4,FAILED,,9473590,,False,False,UPLOAD
2026-08-07,20260807T183130.mp4,FAILED,,9290001,,False,False,UPLOAD
2026-08-07,20260807T180124.mp4,FAILED,,9740069,,False,False,UPLOAD
2026-08-07,20260807T173132.mp4,FAILED,,9538731,,False,False,UPLOAD
2026-08-07,20260807T170124.mp4,FAILED,,9286144,,False,False,UPLOAD
2026-08-07,20260807T163134.mp4,FAILED,,9550526,,False,False,UPLOAD
2026-08-07,20260807T160124.mp4,FAILED,,9909892,,False,False,UPLOAD
2026-08-07,20260807T153134.mp4,FAILED,,9702173,,False,False,UPLOAD
2026-08-07,20260807T150129.mp4,FAILED,,9806987,,False,False,UPLOAD
2026-08-07,20260807T143131.mp4,FAILED,,9284625,,False,False,UPLOAD
2026-08-07,20260807T140134.mp4,FAILED,,9758414,,False,False,UPLOAD
2026-08-07,20260807T133127.mp4,FAILED,,9877673,,False,False,UPLOAD
2026-08-07,20260807T130128.mp4,FAILED,,9642448,,False,False,UPLOAD
2026-08-07,20260807T123130.mp4,FAILED,,9615826,,False,False,UPLOAD
2026-08-07,20260807T120133.mp4,FAILED,,9526528,,False,False,UPLOAD
2026-08-07,20260807T113131.mp4,FAILED,,9275305,,False,False,UPLOAD
2026-08-07,20260807T110125.mp4,FAILED,,10377460,,False,False,UPLOAD
2026-08-07,20260807T103130.mp4,FAILED,,10286743,,False,False,UPLOAD
2026-08-07,20260807T100134.mp4,FAILED,,10210166,,False,False,UPLOAD
2026-08-07,20260807T093124.mp4,FAILED,,9318155,,False,False,UPLOAD
2026-08-07,20260807T090130.mp4,FAILED,,10203434,,False,False,UPLOAD
2026-08-07,20260807T083129.mp4,FAILED,,10132510,,False,False,UPLOAD
2026-08-07,20260807T080128.mp4,FAILED,,9447829,,False,False,UPLOAD
2026-08-07,20260807T073124.mp4,FAILED,,10135597,,False,False,UPLOAD
2026-08-07,20260807T070134.mp4,FAILED,,10129957,,False,False,UPLOAD
2026-08-07,20260807T063134.mp4,FAILED,,9351812,,False,False,UPLOAD
2026-08-07,20260807T060129.mp4,FAILED,,9322892,,False,False,UPLOAD
2026-08-07,20260807T053131.mp4,FAILED,,9318369,,False,False,UPLOAD
2026-08-07,20260807T050132.mp4,FAILED,,9316656,,False,False,UPLOAD
2026-08-07,20260807T043128.mp4,FAILED,,9319380,,False,False,UPLOAD
2026-08-07,20260807T040129.mp4,FAILED,,10182384,,False,False,UPLOAD
2026-08-07,20260807T033126.mp4,FAILED,,10352228,,False,False,UPLOAD
2026-08-07,20260807T030125.mp4,FAILED,,10149176,,False,False,UPLOAD
2026-08-07,20260807T023125.mp4,FAILED,,9316798,,False,False,UPLOAD
2026-08-07,20260807T020132.mp4,FAILED,,10211259,,False,False,UPLOAD
2026-08-07,20260807T013131.mp4,FAILED,,9522694,,False,False,UPLOAD
2026-08-07,20260807T010134.mp4,FAILED,,10213967,,False,False,UPLOAD
2026-08-07,20260807T003127.mp4,FAILED,,9312905,,False,False,UPLOAD
2026-08-07,20260807T000132.mp4,FAILED,,9313066,,False,False,UPLOAD
2026-08-06,20260806T233132.mp4,FAILED,,9311660,,False,False,UPLOAD
2026-08-06,20260806T230129.mp4,FAILED,,9310652,,False,False,UPLOAD
2026-08-06,20260806T223124.mp4,FAILED,,9288144,,False,False,UPLOAD
2026-08-06,20260806T220133.mp4,FAILED,,9885006,,False,False,UPLOAD
2026-08-06,20260806T213129.mp4,FAILED,,9432514,,False,False,UPLOAD
2026-08-06,20260806T210134.mp4,FAILED,,9583319,,False,False,UPLOAD
2026-08-06,20260806T203124.mp4,FAILED,,9269612,,False,False,UPLOAD
2026-08-06,20260806T200134.mp4,FAILED,,9693152,,False,False,UPLOAD
2026-08-06,20260806T193130.mp4,FAILED,,9285578,,False,False,UPLOAD
2026-08-06,20260806T190124.mp4,FAILED,,9658002,,False,False,UPLOAD
2026-08-06,20260806T183132.mp4,FAILED,,9888000,,False,False,UPLOAD
2026-08-06,20260806T180127.mp4,FAILED,,9751805,,False,False,UPLOAD
2026-08-06,20260806T173125.mp4,FAILED,,9291804,,False,False,UPLOAD
2026-08-06,20260806T170127.mp4,FAILED,,9284160,,False,False,UPLOAD
2026-08-06,20260806T163127.mp4,FAILED,,10117263,,False,False,UPLOAD
2026-08-06,20260806T160127.mp4,FAILED,,9770391,,False,False,UPLOAD
2026-08-06,20260806T153127.mp4,FAILED,,9871196,,False,False,UPLOAD
2026-08-06,20260806T150134.mp4,FAILED,,9423070,,False,False,UPLOAD
2026-08-06,20260806T143127.mp4,FAILED,,9928659,,False,False,UPLOAD
2026-08-06,20260806T140126.mp4,FAILED,,9758793,,False,False,UPLOAD
2026-08-06,20260806T133135.mp4,FAILED,,9393191,,False,False,UPLOAD
2026-08-06,20260806T130132.mp4,FAILED,,9896464,,False,False,UPLOAD
2026-08-06,20260806T123127.mp4,FAILED,,9856368,,False,False,UPLOAD
2026-08-06,20260806T120129.mp4,FAILED,,10164690,,False,False,UPLOAD
2026-08-06,20260806T113127.mp4,FAILED,,9863944,,False,False,UPLOAD
2026-08-06,20260806T110130.mp4,FAILED,,9494027,,False,False,UPLOAD
2026-08-06,20260806T103125.mp4,FAILED,,9625118,,False,False,UPLOAD
2026-08-06,20260806T100128.mp4,FAILED,,10218507,,False,False,UPLOAD
2026-08-06,20260806T093126.mp4,FAILED,,9312341,,False,False,UPLOAD
2026-08-06,20260806T090134.mp4,FAILED,,10262291,,False,False,UPLOAD
2026-08-06,20260806T083128.mp4,FAILED,,9319554,,False,False,UPLOAD
2026-08-06,20260806T080124.mp4,FAILED,,9317778,,False,False,UPLOAD
2026-08-06,20260806T073133.mp4,FAILED,,9401487,,False,False,UPLOAD
2026-08-06,20260806T070126.mp4,FAILED,,10183819,,False,False,UPLOAD
2026-08-06,20260806T063127.mp4,FAILED,,10120470,,False,False,UPLOAD
2026-08-06,20260806T060132.mp4,FAILED,,9444910,,False,False,UPLOAD
2026-08-06,20260806T053134.mp4,FAILED,,10172224,,False,False,UPLOAD
2026-08-06,20260806T050133.mp4,FAILED,,9317745,,False,False,UPLOAD
2026-08-06,20260806T043124.mp4,FAILED,,9322529,,False,False,UPLOAD
2026-08-06,20260806T040132.mp4,FAILED,,10130750,,False,False,UPLOAD
2026-08-06,20260806T033125.mp4,FAILED,,9393732,,False,False,UPLOAD
2026-08-06,20260806T030132.mp4,FAILED,,9319942,,False,False,UPLOAD
2026-08-06,20260806T023129.mp4,FAILED,,9311814,,False,False,UPLOAD
2026-08-06,20260806T020124.mp4,FAILED,,9366568,,False,False,UPLOAD
2026-08-06,20260806T013133.mp4,FAILED,,9313973,,False,False,UPLOAD
2026-08-06,20260806T010126.mp4,FAILED,,9311267,,False,False,UPLOAD
2026-08-06,20260806T003127.mp4,FAILED,,9314922,,False,False,UPLOAD
2026-08-06,20260806T000129.mp4,FAILED,,10268904,,False,False,UPLOAD
2026-08-05,20260805T233124.mp4,FAILED,,9306281,,False,False,UPLOAD
2026-08-05,20260805T230132.mp4,FAILED,,9312843,,False,False,UPLOAD
2026-08-05,20260805T223132.mp4,FAILED,,9762286,,False,False,UPLOAD
2026-08-05,20260805T220124.mp4,FAILED,,9288803,,False,False,UPLOAD
2026-08-05,20260805T213127.mp4,FAILED,,9288732,,False,False,UPLOAD
2026-08-05,20260805T210126.mp4,FAILED,,9624514,,False,False,UPLOAD
2026-08-05,20260805T203135.mp4,FAILED,,9807486,,False,False,UPLOAD
2026-08-05,20260805T200127.mp4,FAILED,,9531341,,False,False,UPLOAD
2026-08-05,20260805T193125.mp4,FAILED,,9885856,,False,False,UPLOAD
2026-08-05,20260805T190132.mp4,FAILED,,9593817,,False,False,UPLOAD
2026-08-05,20260805T183133.mp4,FAILED,,9293306,,False,False,UPLOAD
2026-08-05,20260805T180124.mp4,FAILED,,9511200,,False,False,UPLOAD
2026-08-05,20260805T173128.mp4,FAILED,,9691839,,False,False,UPLOAD
2026-08-05,20260805T170132.mp4,FAILED,,9383289,,False,False,UPLOAD
2026-08-05,20260805T163126.mp4,FAILED,,9811777,,False,False,UPLOAD
2026-08-05,20260805T160126.mp4,FAILED,,9534851,,False,False,UPLOAD
2026-08-05,20260805T153133.mp4,FAILED,,9769895,,False,False,UPLOAD
2026-08-05,20260805T150124.mp4,FAILED,,9287715,,False,False,UPLOAD
2026-08-05,20260805T143129.mp4,FAILED,,9666328,,False,False,UPLOAD
2026-08-05,20260805T140124.mp4,FAILED,,9277617,,False,False,UPLOAD
2026-08-05,20260805T133131.mp4,FAILED,,9284506,,False,False,UPLOAD
2026-08-05,20260805T130130.mp4,FAILED,,9588636,,False,False,UPLOAD
2026-08-05,20260805T123125.mp4,FAILED,,9281713,,False,False,UPLOAD
2026-08-05,20260805T120136.mp4,FAILED,,10069762,,False,False,UPLOAD
2026-08-05,20260805T113134.mp4,FAILED,,9602548,,False,False,UPLOAD
2026-08-05,20260805T110125.mp4,FAILED,,10231902,,False,False,UPLOAD
2026-08-05,20260805T103135.mp4,FAILED,,9311765,,False,False,UPLOAD
2026-08-05,20260805T100124.mp4,FAILED,,10179706,,False,False,UPLOAD
2026-08-05,20260805T093129.mp4,FAILED,,10208659,,False,False,UPLOAD
2026-08-05,20260805T090130.mp4,FAILED,,9312721,,False,False,UPLOAD
2026-08-05,20260805T083128.mp4,FAILED,,10272723,,False,False,UPLOAD
2026-08-05,20260805T080133.mp4,FAILED,,9312210,,False,False,UPLOAD
2026-08-05,20260805T073124.mp4,FAILED,,10104552,,False,False,UPLOAD
2026-08-05,20260805T070137.mp4,FAILED,,9316366,,False,False,UPLOAD
2026-08-05,20260805T063124.mp4,FAILED,,9350306,,False,False,UPLOAD
2026-08-05,20260805T060129.mp4,FAILED,,9319078,,False,False,UPLOAD
2026-08-05,20260805T053128.mp4,FAILED,,10172332,,False,False,UPLOAD
2026-08-05,20260805T050128.mp4,FAILED,,10376827,,False,False,UPLOAD
2026-08-05,20260805T043124.mp4,FAILED,,9320607,,False,False,UPLOAD
2026-08-05,20260805T040127.mp4,FAILED,,9416717,,False,False,UPLOAD
2026-08-05,20260805T033132.mp4,FAILED,,9317918,,False,False,UPLOAD
2026-08-05,20260805T030133.mp4,FAILED,,9311580,,False,False,UPLOAD
2026-08-05,20260805T023124.mp4,FAILED,,9317563,,False,False,UPLOAD
2026-08-05,20260805T020125.mp4,FAILED,,10116368,,False,False,UPLOAD
2026-08-05,20260805T013127.mp4,FAILED,,9558550,,False,False,UPLOAD
2026-08-05,20260805T010129.mp4,FAILED,,10138739,,False,False,UPLOAD
2026-08-05,20260805T003126.mp4,FAILED,,9310172,,False,False,UPLOAD
2026-08-05,20260805T000129.mp4,FAILED,,9398841,,False,False,UPLOAD
2026-08-04,20260804T233124.mp4,FAILED,,9352110,,False,False,UPLOAD
2026-08-04,20260804T230136.mp4,FAILED,,10070187,,False,False,UPLOAD
2026-08-04,20260804T223130.mp4,FAILED,,9287417,,False,False,UPLOAD
2026-08-04,20260804T220127.mp4,FAILED,,9609944,,False,False,UPLOAD
2026-08-04,20260804T213132.mp4,FAILED,,9285793,,False,False,UPLOAD
2026-08-04,20260804T210126.mp4,FAILED,,9383561,,False,False,UPLOAD
2026-08-04,20260804T203132.mp4,FAILED,,9654935,,False,False,UPLOAD
2026-08-04,20260804T200129.mp4,FAILED,,9416645,,False,False,UPLOAD
2026-08-04,20260804T193128.mp4,FAILED,,9890376,,False,False,UPLOAD
2026-08-04,20260804T190128.mp4,FAILED,,9329196,,False,False,UPLOAD
2026-08-04,20260804T183132.mp4,FAILED,,9348860,,False,False,UPLOAD
2026-08-04,20260804T180133.mp4,FAILED,,9767826,,False,False,UPLOAD
2026-08-04,20260804T173129.mp4,FAILED,,9924257,,False,False,UPLOAD
2026-08-04,20260804T170132.mp4,FAILED,,9714535,,False,False,UPLOAD
2026-08-04,20260804T163129.mp4,FAILED,,9536475,,False,False,UPLOAD
2026-08-04,20260804T160127.mp4,FAILED,,9541665,,False,False,UPLOAD
2026-08-04,20260804T153124.mp4,FAILED,,9270782,,False,False,UPLOAD
2026-08-04,20260804T150132.mp4,FAILED,,9568839,,False,False,UPLOAD
2026-08-04,20260804T143124.mp4,FAILED,,9715790,,False,False,UPLOAD
2026-08-04,20260804T140133.mp4,FAILED,,9884023,,False,False,UPLOAD
2026-08-04,20260804T133126.mp4,FAILED,,9889920,,False,False,UPLOAD
2026-08-04,20260804T123131.mp4,FAILED,,9490509,,False,False,UPLOAD
2026-08-04,20260804T120134.mp4,FAILED,,9886200,,False,False,UPLOAD
2026-08-04,20260804T113125.mp4,FAILED,,9649729,,False,False,UPLOAD
2026-08-04,20260804T110127.mp4,FAILED,,9308410,,False,False,UPLOAD
2026-08-04,20260804T103122.mp4,FAILED,,9310479,,False,False,UPLOAD
2026-08-04,20260804T100134.mp4,FAILED,,9310379,,False,False,UPLOAD
2026-08-04,20260804T093125.mp4,FAILED,,9317468,,False,False,UPLOAD
2026-08-04,20260804T090126.mp4,FAILED,,10125447,,False,False,UPLOAD
2026-08-04,20260804T083132.mp4,FAILED,,10154233,,False,False,UPLOAD
2026-08-04,20260804T080125.mp4,FAILED,,9379645,,False,False,UPLOAD
2026-08-04,20260804T073131.mp4,FAILED,,9636746,,False,False,UPLOAD
2026-08-04,20260804T070132.mp4,FAILED,,10123532,,False,False,UPLOAD
2026-08-04,20260804T063127.mp4,FAILED,,9315257,,False,False,UPLOAD
2026-08-04,20260804T060127.mp4,FAILED,,10179941,,False,False,UPLOAD
2026-08-04,20260804T053124.mp4,FAILED,,9610319,,False,False,UPLOAD
2026-08-04,20260804T050134.mp4,FAILED,,10184545,,False,False,UPLOAD
2026-08-04,20260804T043124.mp4,FAILED,,9313399,,False,False,UPLOAD
2026-08-04,20260804T040132.mp4,FAILED,,10244392,,False,False,UPLOAD
2026-08-04,20260804T033130.mp4,FAILED,,9317289,,False,False,UPLOAD
2026-08-04,20260804T030133.mp4,FAILED,,9312549,,False,False,UPLOAD
2026-08-04,20260804T023126.mp4,FAILED,,10180768,,False,False,UPLOAD
2026-08-04,20260804T020127.mp4,FAILED,,10200786,,False,False,UPLOAD
2026-08-04,20260804T013123.mp4,FAILED,,9307050,,False,False,UPLOAD
2026-08-04,20260804T010132.mp4,FAILED,,9315001,,False,False,UPLOAD
2026-08-04,20260804T003124.mp4,FAILED,,10146089,,False,False,UPLOAD
2026-08-04,20260804T000130.mp4,FAILED,,10187744,,False,False,UPLOAD
2026-08-03,20260803T233125.mp4,FAILED,,9307393,,False,False,UPLOAD
2026-08-03,20260803T230127.mp4,FAILED,,10157332,,False,False,UPLOAD
2026-08-03,20260803T223127.mp4,FAILED,,9942815,,False,False,UPLOAD
2026-08-03,20260803T220127.mp4,FAILED,,9464265,,False,False,UPLOAD
2026-08-03,20260803T213123.mp4,FAILED,,9281906,,False,False,UPLOAD
2026-08-03,20260803T210132.mp4,FAILED,,9966226,,False,False,UPLOAD
2026-08-03,20260803T203126.mp4,FAILED,,9423970,,False,False,UPLOAD
2026-08-03,20260803T200127.mp4,FAILED,,9286378,,False,False,UPLOAD
2026-08-03,20260803T193131.mp4,FAILED,,9287810,,False,False,UPLOAD
2026-08-03,20260803T190127.mp4,FAILED,,9838974,,False,False,UPLOAD
2026-08-03,20260803T183133.mp4,FAILED,,9807958,,False,False,UPLOAD
2026-08-03,20260803T180124.mp4,FAILED,,9539458,,False,False,UPLOAD
2026-08-03,20260803T173132.mp4,FAILED,,9848429,,False,False,UPLOAD
2026-08-03,20260803T170123.mp4,FAILED,,9885781,,False,False,UPLOAD
2026-08-03,20260803T163132.mp4,FAILED,,9811705,,False,False,UPLOAD
2026-08-03,20260803T160131.mp4,FAILED,,9521775,,False,False,UPLOAD
2026-08-03,20260803T153124.mp4,FAILED,,9523571,,False,False,UPLOAD
2026-08-03,20260803T150126.mp4,FAILED,,9310099,,False,False,UPLOAD
2026-08-03,20260803T143134.mp4,FAILED,,9283140,,False,False,UPLOAD
2026-08-03,20260803T140132.mp4,FAILED,,9285856,,False,False,UPLOAD
2026-08-03,20260803T133127.mp4,FAILED,,10164882,,False,False,UPLOAD
2026-08-03,20260803T130128.mp4,FAILED,,9884967,,False,False,UPLOAD
2026-08-03,20260803T123129.mp4,FAILED,,9718743,,False,False,UPLOAD
2026-08-03,20260803T120126.mp4,FAILED,,9697002,,False,False,UPLOAD
2026-08-03,20260803T113134.mp4,FAILED,,9595931,,False,False,UPLOAD
2026-08-03,20260803T110125.mp4,FAILED,,9588452,,False,False,UPLOAD
2026-08-03,20260803T103129.mp4,FAILED,,9682324,,False,False,UPLOAD
2026-08-03,20260803T100124.mp4,FAILED,,9311762,,False,False,UPLOAD
2026-08-03,20260803T093125.mp4,FAILED,,9319237,,False,False,UPLOAD
2026-08-03,20260803T090134.mp4,FAILED,,10212155,,False,False,UPLOAD
2026-08-03,20260803T083132.mp4,FAILED,,10113846,,False,False,UPLOAD
2026-08-03,20260803T080125.mp4,FAILED,,9318220,,False,False,UPLOAD
2026-08-03,20260803T073128.mp4,FAILED,,10245899,,False,False,UPLOAD
2026-08-03,20260803T070129.mp4,FAILED,,9436394,,False,False,UPLOAD
2026-08-03,20260803T063128.mp4,FAILED,,9353452,,False,False,UPLOAD
2026-08-03,20260803T060127.mp4,FAILED,,9314795,,False,False,UPLOAD
2026-08-03,20260803T053132.mp4,FAILED,,9410043,,False,False,UPLOAD
2026-08-03,20260803T050127.mp4,FAILED,,9314275,,False,False,UPLOAD
2026-08-03,20260803T043127.mp4,FAILED,,9546872,,False,False,UPLOAD
2026-08-03,20260803T040124.mp4,FAILED,,10130814,,False,False,UPLOAD
2026-08-03,20260803T033130.mp4,FAILED,,9619793,,False,False,UPLOAD
2026-08-03,20260803T030126.mp4,FAILED,,10250756,,False,False,UPLOAD
2026-08-03,20260803T023131.mp4,FAILED,,10163769,,False,False,UPLOAD
2026-08-03,20260803T020127.mp4,FAILED,,9522351,,False,False,UPLOAD
2026-08-03,20260803T013132.mp4,FAILED,,10093415,,False,False,UPLOAD
2026-08-03,20260803T010125.mp4,FAILED,,9316028,,False,False,UPLOAD
2026-08-03,20260803T003134.mp4,FAILED,,10169204,,False,False,UPLOAD
2026-08-03,20260803T000125.mp4,FAILED,,9484459,,False,False,UPLOAD
2026-08-02,20260802T233132.mp4,FAILED,,9311023,,False,False,UPLOAD
2026-08-02,20260802T230125.mp4,FAILED,,9637749,,False,False,UPLOAD
2026-08-02,20260802T223131.mp4,FAILED,,9904294,,False,False,UPLOAD
2026-08-02,20260802T220124.mp4,FAILED,,9774330,,False,False,UPLOAD
2026-08-02,20260802T213133.mp4,FAILED,,9296521,,False,False,UPLOAD
2026-08-02,20260802T210125.mp4,FAILED,,9843422,,False,False,UPLOAD
2026-08-02,20260802T203131.mp4,FAILED,,9511051,,False,False,UPLOAD
2026-08-02,20260802T200128.mp4,FAILED,,9833881,,False,False,UPLOAD
2026-08-02,20260802T193126.mp4,FAILED,,9295292,,False,False,UPLOAD
2026-08-02,20260802T190133.mp4,FAILED,,9879434,,False,False,UPLOAD
2026-08-02,20260802T183134.mp4,FAILED,,9695893,,False,False,UPLOAD
2026-08-02,20260802T180129.mp4,FAILED,,9306149,,False,False,UPLOAD
2026-08-02,20260802T173126.mp4,FAILED,,9771938,,False,False,UPLOAD
2026-08-02,20260802T170132.mp4,FAILED,,9932147,,False,False,UPLOAD
2026-08-02,20260802T163128.mp4,FAILED,,9503686,,False,False,UPLOAD
2026-08-02,20260802T160127.mp4,FAILED,,9282668,,False,False,UPLOAD
2026-08-02,20260802T153124.mp4,FAILED,,9673964,,False,False,UPLOAD
2026-08-02,20260802T150131.mp4,FAILED,,9826472,,False,False,UPLOAD
2026-08-02,20260802T143124.mp4,FAILED,,9305287,,False,False,UPLOAD
2026-08-02,20260802T140131.mp4,FAILED,,9715906,,False,False,UPLOAD
2026-08-02,20260802T133130.mp4,FAILED,,9706706,,False,False,UPLOAD
2026-08-02,20260802T130131.mp4,FAILED,,9286618,,False,False,UPLOAD
2026-08-02,20260802T123127.mp4,FAILED,,9284606,,False,False,UPLOAD
2026-08-02,20260802T120124.mp4,FAILED,,9889313,,False,False,UPLOAD
2026-08-02,20260802T113130.mp4,FAILED,,9951550,,False,False,UPLOAD
2026-08-02,20260802T110132.mp4,FAILED,,9371387,,False,False,UPLOAD
2026-08-02,20260802T103129.mp4,FAILED,,9314637,,False,False,UPLOAD
2026-08-02,20260802T100132.mp4,FAILED,,10071693,,False,False,UPLOAD
2026-08-02,20260802T093131.mp4,FAILED,,9315411,,False,False,UPLOAD
2026-08-02,20260802T090126.mp4,FAILED,,9362250,,False,False,UPLOAD
2026-08-02,20260802T083124.mp4,FAILED,,9313944,,False,False,UPLOAD
2026-08-02,20260802T080134.mp4,FAILED,,10229027,,False,False,UPLOAD
2026-08-02,20260802T073125.mp4,FAILED,,10161557,,False,False,UPLOAD
2026-08-02,20260802T070132.mp4,FAILED,,10244366,,False,False,UPLOAD
2026-08-02,20260802T063132.mp4,FAILED,,10130954,,False,False,UPLOAD
2026-08-02,20260802T060127.mp4,FAILED,,9386375,,False,False,UPLOAD
2026-08-02,20260802T053130.mp4,FAILED,,10133719,,False,False,UPLOAD
2026-08-02,20260802T050127.mp4,FAILED,,9307018,,False,False,UPLOAD
2026-08-02,20260802T043134.mp4,FAILED,,9312691,,False,False,UPLOAD
2026-08-02,20260802T040125.mp4,FAILED,,9305299,,False,False,UPLOAD
2026-08-02,20260802T033127.mp4,FAILED,,9397783,,False,False,UPLOAD
2026-08-02,20260802T030133.mp4,FAILED,,9566162,,False,False,UPLOAD
2026-08-02,20260802T023127.mp4,FAILED,,9439136,,False,False,UPLOAD
2026-08-02,20260802T020125.mp4,FAILED,,9420631,,False,False,UPLOAD
2026-08-02,20260802T013127.mp4,FAILED,,10122348,,False,False,UPLOAD
2026-08-02,20260802T010126.mp4,FAILED,,10058526,,False,False,UPLOAD
2026-08-02,20260802T003132.mp4,FAILED,,10157022,,False,False,UPLOAD
2026-08-02,20260802T000128.mp4,FAILED,,10098688,,False,False,UPLOAD
2026-08-01,20260801T233133.mp4,FAILED,,10154808,,False,False,UPLOAD
2026-08-01,20260801T230128.mp4,FAILED,,10031135,,False,False,UPLOAD
2026-08-01,20260801T223126.mp4,FAILED,,9549506,,False,False,UPLOAD
2026-08-01,20260801T220126.mp4,FAILED,,9286539,,False,False,UPLOAD
2026-08-01,20260801T213133.mp4,FAILED,,9890142,,False,False,UPLOAD
2026-08-01,20260801T210125.mp4,FAILED,,9267654,,False,False,UPLOAD
2026-08-01,20260801T203134.mp4,FAILED,,10204618,,False,False,UPLOAD
2026-08-01,20260801T200131.mp4,FAILED,,9725513,,False,False,UPLOAD
2026-08-01,20260801T193127.mp4,FAILED,,9469632,,False,False,UPLOAD
2026-08-01,20260801T190131.mp4,FAILED,,9879632,,False,False,UPLOAD
2026-08-01,20260801T183127.mp4,FAILED,,9293700,,False,False,UPLOAD
2026-08-01,20260801T180134.mp4,FAILED,,10020122,,False,False,UPLOAD
2026-08-01,20260801T173132.mp4,FAILED,,9563288,,False,False,UPLOAD
2026-08-01,20260801T170127.mp4,FAILED,,9596554,,False,False,UPLOAD
2026-08-01,20260801T163129.mp4,FAILED,,9489300,,False,False,UPLOAD
2026-08-01,20260801T160131.mp4,FAILED,,9886534,,False,False,UPLOAD
2026-08-01,20260801T153130.mp4,FAILED,,9708099,,False,False,UPLOAD
2026-08-01,20260801T150128.mp4,FAILED,,10350499,,False,False,UPLOAD
2026-08-01,20260801T143128.mp4,FAILED,,9866853,,False,False,UPLOAD
2026-08-01,20260801T140135.mp4,FAILED,,9730099,,False,False,UPLOAD
2026-08-01,20260801T133124.mp4,FAILED,,9923433,,False,False,UPLOAD
2026-08-01,20260801T130126.mp4,FAILED,,9778304,,False,False,UPLOAD
2026-08-01,20260801T123131.mp4,FAILED,,9870133,,False,False,UPLOAD
2026-08-01,20260801T120125.mp4,FAILED,,9281393,,False,False,UPLOAD
2026-08-01,20260801T113124.mp4,FAILED,,9648514,,False,False,UPLOAD
2026-08-01,20260801T110136.mp4,FAILED,,10029978,,False,False,UPLOAD
2026-08-01,20260801T103125.mp4,FAILED,,10101194,,False,False,UPLOAD
2026-08-01,20260801T100126.mp4,FAILED,,10158257,,False,False,UPLOAD
2026-08-01,20260801T093124.mp4,FAILED,,10260422,,False,False,UPLOAD
2026-08-01,20260801T090133.mp4,FAILED,,9863313,,False,False,UPLOAD
2026-08-01,20260801T083124.mp4,FAILED,,9320794,,False,False,UPLOAD
2026-08-01,20260801T080132.mp4,FAILED,,9489641,,False,False,UPLOAD
2026-08-01,20260801T073124.mp4,FAILED,,9311772,,False,False,UPLOAD
2026-08-01,20260801T070131.mp4,FAILED,,9524688,,False,False,UPLOAD
2026-08-01,20260801T063131.mp4,FAILED,,10187580,,False,False,UPLOAD
2026-08-01,20260801T060131.mp4,FAILED,,9318522,,False,False,UPLOAD
2026-08-01,20260801T053126.mp4,FAILED,,9331297,,False,False,UPLOAD
2026-08-01,20260801T050131.mp4,FAILED,,9324236,,False,False,UPLOAD
2026-08-01,20260801T043132.mp4,FAILED,,10183308,,False,False,UPLOAD
2026-08-01,20260801T040127.mp4,FAILED,,9318293,,False,False,UPLOAD
2026-08-01,20260801T033131.mp4,FAILED,,9554240,,False,False,UPLOAD
2026-08-01,20260801T030129.mp4,FAILED,,9311614,,False,False,UPLOAD
2026-08-01,20260801T023130.mp4,FAILED,,10183443,,False,False,UPLOAD
2026-08-01,20260801T020133.mp4,FAILED,,10326803,,False,False,UPLOAD
2026-08-01,20260801T013125.mp4,FAILED,,9409391,,False,False,UPLOAD
2026-08-01,20260801T010134.mp4,FAILED,,10211655,,False,False,UPLOAD
2026-08-01,20260801T003127.mp4,FAILED,,9483811,,False,False,UPLOAD
2026-08-01,20260801T000128.mp4,FAILED,,10168692,,False,False,UPLOAD
2026-07-31,20260731T233125.mp4,FAILED,,9310035,,False,False,UPLOAD
2026-07-31,20260731T230125.mp4,FAILED,,9309377,,False,False,UPLOAD
2026-07-31,20260731T223130.mp4,FAILED,,9290694,,False,False,UPLOAD
2026-07-31,20260731T220127.mp4,FAILED,,9513349,,False,False,UPLOAD
2026-07-31,20260731T213129.mp4,FAILED,,9979852,,False,False,UPLOAD
2026-07-31,20260731T210132.mp4,FAILED,,9832976,,False,False,UPLOAD
2026-07-31,20260731T203124.mp4,FAILED,,9287005,,False,False,UPLOAD
2026-07-31,20260731T200134.mp4,FAILED,,9920787,,False,False,UPLOAD
2026-07-31,20260731T193124.mp4,FAILED,,9767646,,False,False,UPLOAD
2026-07-31,20260731T190132.mp4,FAILED,,9284670,,False,False,UPLOAD
2026-07-31,20260731T183124.mp4,FAILED,,9284017,,False,False,UPLOAD
2026-07-31,20260731T180128.mp4,FAILED,,9570681,,False,False,UPLOAD
2026-07-31,20260731T173128.mp4,FAILED,,10010571,,False,False,UPLOAD
2026-07-31,20260731T170133.mp4,FAILED,,9584223,,False,False,UPLOAD
2026-07-31,20260731T163126.mp4,FAILED,,9316517,,False,False,UPLOAD
2026-07-31,20260731T160127.mp4,FAILED,,9919862,,False,False,UPLOAD
2026-07-31,20260731T153131.mp4,FAILED,,9333643,,False,False,UPLOAD
2026-07-31,20260731T150134.mp4,FAILED,,9770444,,False,False,UPLOAD
2026-07-31,20260731T143135.mp4,FAILED,,9374193,,False,False,UPLOAD
2026-07-31,20260731T140129.mp4,FAILED,,9294502,,False,False,UPLOAD
2026-07-31,20260731T133125.mp4,FAILED,,9282079,,False,False,UPLOAD
2026-07-31,20260731T130129.mp4,FAILED,,9282864,,False,False,UPLOAD
2026-07-31,20260731T123124.mp4,FAILED,,9281052,,False,False,UPLOAD
2026-07-31,20260731T120131.mp4,FAILED,,9495030,,False,False,UPLOAD
2026-07-31,20260731T113130.mp4,FAILED,,9445310,,False,False,UPLOAD
2026-07-31,20260731T110129.mp4,FAILED,,9312103,,False,False,UPLOAD
2026-07-31,20260731T103132.mp4,FAILED,,9403425,,False,False,UPLOAD
2026-07-31,20260731T100131.mp4,FAILED,,9315210,,False,False,UPLOAD
2026-07-31,20260731T093131.mp4,FAILED,,9315442,,False,False,UPLOAD
2026-07-31,20260731T090133.mp4,FAILED,,10185319,,False,False,UPLOAD
2026-07-31,20260731T083124.mp4,FAILED,,9322797,,False,False,UPLOAD
2026-07-31,20260731T080130.mp4,FAILED,,10228946,,False,False,UPLOAD
2026-07-31,20260731T073134.mp4,FAILED,,9323339,,False,False,UPLOAD
2026-07-31,20260731T070127.mp4,FAILED,,9313418,,False,False,UPLOAD
2026-07-31,20260731T063127.mp4,FAILED,,9319748,,False,False,UPLOAD
2026-07-31,20260731T060125.mp4,FAILED,,9318795,,False,False,UPLOAD
2026-07-31,20260731T053133.mp4,FAILED,,10277746,,False,False,UPLOAD
2026-07-31,20260731T050130.mp4,FAILED,,10051637,,False,False,UPLOAD
2026-07-31,20260731T043124.mp4,FAILED,,9317000,,False,False,UPLOAD
2026-07-31,20260731T040128.mp4,FAILED,,10141720,,False,False,UPLOAD
2026-07-31,20260731T033131.mp4,FAILED,,9316306,,False,False,UPLOAD
2026-07-31,20260731T030127.mp4,FAILED,,9431414,,False,False,UPLOAD
2026-07-31,20260731T023134.mp4,FAILED,,9318089,,False,False,UPLOAD
2026-07-31,20260731T020132.mp4,FAILED,,10134875,,False,False,UPLOAD
2026-07-31,20260731T013127.mp4,FAILED,,10229957,,False,False,UPLOAD
2026-07-31,20260731T010126.mp4,FAILED,,9313362,,False,False,UPLOAD
2026-07-31,20260731T003126.mp4,FAILED,,9868770,,False,False,UPLOAD
2026-07-31,20260731T000125.mp4,FAILED,,9318973,,False,False,UPLOAD
2026-07-30,20260730T233132.mp4,FAILED,,10059850,,False,False,UPLOAD
2026-07-30,20260730T230125.mp4,FAILED,,10153532,,False,False,UPLOAD
2026-07-30,20260730T223132.mp4,FAILED,,9812770,,False,False,UPLOAD
2026-07-30,20260730T220133.mp4,FAILED,,9829706,,False,False,UPLOAD
2026-07-30,20260730T213124.mp4,FAILED,,9278158,,False,False,UPLOAD
2026-07-30,20260730T210128.mp4,FAILED,,9905942,,False,False,UPLOAD
2026-07-30,20260730T203124.mp4,FAILED,,9925200,,False,False,UPLOAD
2026-07-30,20260730T200134.mp4,FAILED,,10133194,,False,False,UPLOAD
2026-07-30,20260730T193126.mp4,FAILED,,9994840,,False,False,UPLOAD
2026-07-30,20260730T190130.mp4,FAILED,,9274131,,False,False,UPLOAD
2026-07-30,20260730T183126.mp4,FAILED,,9870451,,False,False,UPLOAD
2026-07-30,20260730T180133.mp4,FAILED,,9568949,,False,False,UPLOAD
2026-07-30,20260730T173128.mp4,FAILED,,9455419,,False,False,UPLOAD
2026-07-30,20260730T170132.mp4,FAILED,,9612702,,False,False,UPLOAD
2026-07-30,20260730T163124.mp4,FAILED,,9287210,,False,False,UPLOAD
2026-07-30,20260730T160133.mp4,FAILED,,9631376,,False,False,UPLOAD
2026-07-30,20260730T153129.mp4,FAILED,,10046466,,False,False,UPLOAD
2026-07-30,20260730T150124.mp4,FAILED,,9272379,,False,False,UPLOAD
2026-07-30,20260730T143132.mp4,FAILED,,9603636,,False,False,UPLOAD
2026-07-30,20260730T140128.mp4,FAILED,,9684119,,False,False,UPLOAD
2026-07-30,20260730T133126.mp4,FAILED,,9861743,,False,False,UPLOAD
2026-07-30,20260730T130130.mp4,FAILED,,9283728,,False,False,UPLOAD
2026-07-30,20260730T123128.mp4,FAILED,,10072487,,False,False,UPLOAD
2026-07-30,20260730T120127.mp4,FAILED,,9767200,,False,False,UPLOAD
2026-07-30,20260730T113124.mp4,FAILED,,9746669,,False,False,UPLOAD
2026-07-30,20260730T110127.mp4,FAILED,,9470187,,False,False,UPLOAD
2026-07-30,20260730T103132.mp4,FAILED,,10132479,,False,False,UPLOAD
2026-07-30,20260730T100132.mp4,FAILED,,9336281,,False,False,UPLOAD
2026-07-30,20260730T093126.mp4,FAILED,,10153327,,False,False,UPLOAD
2026-07-30,20260730T090132.mp4,FAILED,,10183556,,False,False,UPLOAD
2026-07-30,20260730T083124.mp4,FAILED,,9419920,,False,False,UPLOAD
2026-07-30,20260730T080135.mp4,FAILED,,9310721,,False,False,UPLOAD
2026-07-30,20260730T073133.mp4,FAILED,,9312900,,False,False,UPLOAD
2026-07-30,20260730T070125.mp4,FAILED,,10115084,,False,False,UPLOAD
2026-07-30,20260730T063130.mp4,FAILED,,10255253,,False,False,UPLOAD
2026-07-30,20260730T060124.mp4,FAILED,,9319286,,False,False,UPLOAD
2026-07-30,20260730T053130.mp4,FAILED,,9313240,,False,False,UPLOAD
2026-07-30,20260730T050123.mp4,FAILED,,9845905,,False,False,UPLOAD
2026-07-30,20260730T043133.mp4,FAILED,,9314796,,False,False,UPLOAD
2026-07-30,20260730T040124.mp4,FAILED,,9443045,,False,False,UPLOAD
2026-07-30,20260730T033134.mp4,FAILED,,9414883,,False,False,UPLOAD
2026-07-30,20260730T030126.mp4,FAILED,,9309992,,False,False,UPLOAD
2026-07-30,20260730T023133.mp4,FAILED,,10181874,,False,False,UPLOAD
2026-07-30,20260730T020126.mp4,FAILED,,9369428,,False,False,UPLOAD
2026-07-30,20260730T013134.mp4,FAILED,,9309572,,False,False,UPLOAD
2026-07-30,20260730T010127.mp4,FAILED,,10176671,,False,False,UPLOAD
2026-07-30,20260730T003124.mp4,FAILED,,9446756,,False,False,UPLOAD
2026-07-30,20260730T000131.mp4,FAILED,,10477150,,False,False,UPLOAD
2026-07-29,20260729T233134.mp4,FAILED,,9310867,,False,False,UPLOAD
2026-07-29,20260729T230128.mp4,FAILED,,10115088,,False,False,UPLOAD
2026-07-29,20260729T223127.mp4,FAILED,,10040082,,False,False,UPLOAD
2026-07-29,20260729T220124.mp4,FAILED,,9351330,,False,False,UPLOAD
2026-07-29,20260729T213131.mp4,FAILED,,10201206,,False,False,UPLOAD
2026-07-29,20260729T210127.mp4,FAILED,,9478211,,False,False,UPLOAD
2026-07-29,20260729T203127.mp4,FAILED,,9398625,,False,False,UPLOAD
2026-07-29,20260729T200124.mp4,FAILED,,9579513,,False,False,UPLOAD
2026-07-29,20260729T193135.mp4,FAILED,,9665954,,False,False,UPLOAD
2026-07-29,20260729T190132.mp4,FAILED,,9316879,,False,False,UPLOAD
2026-07-29,20260729T183124.mp4,FAILED,,9261483,,False,False,UPLOAD
2026-07-29,20260729T180128.mp4,FAILED,,9835981,,False,False,UPLOAD
2026-07-29,20260729T173126.mp4,FAILED,,9289853,,False,False,UPLOAD
2026-07-29,20260729T170127.mp4,FAILED,,9609122,,False,False,UPLOAD
2026-07-29,20260729T163125.mp4,FAILED,,9866344,,False,False,UPLOAD
2026-07-29,20260729T160131.mp4,FAILED,,9676673,,False,False,UPLOAD
2026-07-29,20260729T153125.mp4,FAILED,,9697899,,False,False,UPLOAD
2026-07-29,20260729T150131.mp4,FAILED,,9816843,,False,False,UPLOAD
2026-07-29,20260729T143127.mp4,FAILED,,9629414,,False,False,UPLOAD
2026-07-29,20260729T140133.mp4,FAILED,,9293357,,False,False,UPLOAD
2026-07-29,20260729T133124.mp4,FAILED,,9885661,,False,False,UPLOAD
2026-07-29,20260729T130134.mp4,FAILED,,9789063,,False,False,UPLOAD
2026-07-29,20260729T123124.mp4,FAILED,,9355822,,False,False,UPLOAD
2026-07-29,20260729T120132.mp4,FAILED,,9732572,,False,False,UPLOAD
2026-07-29,20260729T113125.mp4,FAILED,,9845877,,False,False,UPLOAD
2026-07-29,20260729T110130.mp4,FAILED,,9305492,,False,False,UPLOAD
2026-07-29,20260729T103126.mp4,FAILED,,10118443,,False,False,UPLOAD
2026-07-29,20260729T100128.mp4,FAILED,,10100227,,False,False,UPLOAD
2026-07-29,20260729T093127.mp4,FAILED,,10175023,,False,False,UPLOAD
2026-07-29,20260729T090132.mp4,FAILED,,10134626,,False,False,UPLOAD
2026-07-29,20260729T083126.mp4,FAILED,,10332318,,False,False,UPLOAD
2026-07-29,20260729T080131.mp4,FAILED,,10180228,,False,False,UPLOAD
2026-07-29,20260729T073128.mp4,FAILED,,9590519,,False,False,UPLOAD
2026-07-29,20260729T070133.mp4,SYNCED,3596,9312173,9312173,True,True,RECLAIM
2026-07-29,20260729T063125.mp4,SYNCED,3595,10202017,10202017,True,True,RECLAIM
2026-07-29,20260729T060131.mp4,SYNCED,3594,9314423,9314423,True,True,RECLAIM
2026-07-29,20260729T053127.mp4,SYNCED,3593,9317574,9317574,True,True,RECLAIM
2026-07-29,20260729T050125.mp4,SYNCED,3592,10371234,10371234,True,True,RECLAIM
2026-07-29,20260729T043126.mp4,FAILED,,10164645,10164645,True,True,ALREADY-ON-SERVER
2026-07-29,20260729T040129.mp4,SYNCED,3590,9410364,9410364,True,True,RECLAIM
2026-07-29,20260729T033124.mp4,SYNCED,3589,9320615,9320615,True,True,RECLAIM
2026-07-29,20260729T030132.mp4,SYNCED,3588,9313752,9313752,True,True,RECLAIM
2026-07-29,20260729T023131.mp4,SYNCED,3587,9311093,9311093,True,True,RECLAIM
2026-07-29,20260729T020132.mp4,SYNCED,3586,10195179,10195179,True,True,RECLAIM
2026-07-29,20260729T013125.mp4,FAILED,,9414464,,False,False,UPLOAD
2026-07-29,20260729T010134.mp4,SYNCED,3585,9477032,9477032,True,True,RECLAIM
2026-07-29,20260729T003126.mp4,SYNCED,3584,9311346,9311346,True,True,RECLAIM
2026-07-29,20260729T000131.mp4,SYNCED,3583,9496736,9496736,True,True,RECLAIM
2026-07-28,20260728T233127.mp4,SYNCED,3582,9308195,9308195,True,True,RECLAIM
2026-07-28,20260728T230129.mp4,SYNCED,3581,10277990,10277990,True,True,RECLAIM
2026-07-28,20260728T223130.mp4,SYNCED,3580,9859996,9859996,True,True,RECLAIM
2026-07-28,20260728T220126.mp4,SYNCED,3579,9698593,9698593,True,True,RECLAIM
2026-07-28,20260728T213133.mp4,SYNCED,3578,9706848,9706848,True,True,RECLAIM
2026-07-28,20260728T210130.mp4,SYNCED,3577,9541073,9541073,True,True,RECLAIM
2026-07-28,20260728T203128.mp4,SYNCED,3576,9336244,9336244,True,True,RECLAIM
2026-07-28,20260728T200125.mp4,SYNCED,3575,9838223,9838223,True,True,RECLAIM
2026-07-28,20260728T193125.mp4,SYNCED,3574,9759169,9759169,True,True,RECLAIM
2026-07-28,20260728T190126.mp4,SYNCED,3573,9517498,9517498,True,True,RECLAIM
2026-07-28,20260728T183134.mp4,SYNCED,3572,9635888,9635888,True,True,RECLAIM
2026-07-28,20260728T180127.mp4,SYNCED,3571,9854442,9854442,True,True,RECLAIM
2026-07-28,20260728T173131.mp4,SYNCED,3570,9893151,9893151,True,True,RECLAIM
2026-07-28,20260728T170125.mp4,SYNCED,3569,9282373,9282373,True,True,RECLAIM
2026-07-28,20260728T163128.mp4,SYNCED,3568,9895132,9895132,True,True,RECLAIM
2026-07-28,20260728T160125.mp4,SYNCED,3567,9280502,9280502,True,True,RECLAIM
2026-07-28,20260728T153133.mp4,SYNCED,3566,10069062,10069062,True,True,RECLAIM
2026-07-28,20260728T150125.mp4,SYNCED,3565,9883184,9883184,True,True,RECLAIM
2026-07-28,20260728T143125.mp4,SYNCED,3564,9268260,9268260,True,True,RECLAIM
2026-07-28,20260728T140129.mp4,SYNCED,3563,9283658,9283658,True,True,RECLAIM
2026-07-28,20260728T133132.mp4,SYNCED,3562,9505088,9505088,True,True,RECLAIM
2026-07-28,20260728T130125.mp4,SYNCED,3561,9282847,9282847,True,True,RECLAIM
2026-07-28,20260728T123134.mp4,SYNCED,3560,10017584,10017584,True,True,RECLAIM
2026-07-28,20260728T120126.mp4,SYNCED,3559,9281817,9281817,True,True,RECLAIM
2026-07-28,20260728T113128.mp4,SYNCED,3558,9875319,9875319,True,True,RECLAIM
2026-07-28,20260728T110132.mp4,SYNCED,3557,9301848,9301848,True,True,RECLAIM
2026-07-28,20260728T103125.mp4,SYNCED,3556,9312974,9312974,True,True,RECLAIM
2026-07-28,20260728T100133.mp4,SYNCED,3555,10161627,10161627,True,True,RECLAIM
2026-07-28,20260728T093130.mp4,SYNCED,3554,9314587,9314587,True,True,RECLAIM
2026-07-28,20260728T090126.mp4,SYNCED,3553,9311875,9311875,True,True,RECLAIM
2026-07-28,20260728T083130.mp4,SYNCED,3552,9559498,9559498,True,True,RECLAIM
2026-07-28,20260728T080127.mp4,SYNCED,3551,9372756,9372756,True,True,RECLAIM
2026-07-28,20260728T073127.mp4,SYNCED,3550,10055249,10055249,True,True,RECLAIM
2026-07-28,20260728T070128.mp4,SYNCED,3549,9312263,9312263,True,True,RECLAIM
2026-07-28,20260728T063126.mp4,SYNCED,3548,9317729,9317729,True,True,RECLAIM
2026-07-28,20260728T060126.mp4,SYNCED,3547,10359692,10359692,True,True,RECLAIM
2026-07-28,20260728T053128.mp4,SYNCED,3546,9488744,9488744,True,True,RECLAIM
2026-07-28,20260728T050129.mp4,SYNCED,3545,10085000,10085000,True,True,RECLAIM
2026-07-28,20260728T043128.mp4,SYNCED,3544,10178832,10178832,True,True,RECLAIM
2026-07-28,20260728T040135.mp4,SYNCED,3543,9454293,9454293,True,True,RECLAIM
2026-07-28,20260728T033129.mp4,SYNCED,3542,9318351,9318351,True,True,RECLAIM
2026-07-28,20260728T030128.mp4,SYNCED,3541,10237470,10237470,True,True,RECLAIM
2026-07-28,20260728T023131.mp4,SYNCED,3540,9318135,9318135,True,True,RECLAIM
2026-07-28,20260728T020123.mp4,SYNCED,3539,10164363,10164363,True,True,RECLAIM
2026-07-28,20260728T013132.mp4,SYNCED,3538,9312619,9312619,True,True,RECLAIM
2026-07-28,20260728T010125.mp4,FAILED,,9925631,9925631,True,True,ALREADY-ON-SERVER
2026-07-28,20260728T003131.mp4,SYNCED,3536,10345416,10345416,True,True,RECLAIM
2026-07-28,20260728T000124.mp4,FAILED,,10352005,10352005,True,True,ALREADY-ON-SERVER
2026-07-27,20260727T233132.mp4,SYNCED,3534,10278632,10278632,True,True,RECLAIM
2026-07-27,20260727T230127.mp4,SYNCED,3533,10087993,10087993,True,True,RECLAIM
2026-07-27,20260727T223132.mp4,SYNCED,3532,9754479,9754479,True,True,RECLAIM
2026-07-27,20260727T220127.mp4,SYNCED,3531,9899135,9899135,True,True,RECLAIM
2026-07-27,20260727T213126.mp4,SYNCED,3530,9284399,9284399,True,True,RECLAIM
2026-07-27,20260727T210134.mp4,SYNCED,3529,9914309,9914309,True,True,RECLAIM
2026-07-27,20260727T203125.mp4,SYNCED,3528,10046260,10046260,True,True,RECLAIM
2026-07-27,20260727T200131.mp4,SYNCED,3527,9683773,9683773,True,True,RECLAIM
2026-07-27,20260727T193128.mp4,SYNCED,3526,9762517,9762517,True,True,RECLAIM
2026-07-27,20260727T190133.mp4,SYNCED,3525,9288685,9288685,True,True,RECLAIM
2026-07-27,20260727T183128.mp4,SYNCED,3524,9662390,9662390,True,True,RECLAIM
2026-07-27,20260727T180126.mp4,SYNCED,3523,9877508,9877508,True,True,RECLAIM
2026-07-27,20260727T173126.mp4,SYNCED,3522,9668368,9668368,True,True,RECLAIM
2026-07-27,20260727T170133.mp4,SYNCED,3521,10093580,10093580,True,True,RECLAIM
2026-07-27,20260727T163128.mp4,SYNCED,3520,9560283,9560283,True,True,RECLAIM
2026-07-27,20260727T160133.mp4,SYNCED,3519,9850721,9850721,True,True,RECLAIM
2026-07-27,20260727T153126.mp4,SYNCED,3518,9619100,9619100,True,True,RECLAIM
2026-07-27,20260727T150125.mp4,SYNCED,3517,9902191,9902191,True,True,RECLAIM
2026-07-27,20260727T143132.mp4,SYNCED,3516,9874318,9874318,True,True,RECLAIM
2026-07-27,20260727T140133.mp4,SYNCED,3515,9444186,9444186,True,True,RECLAIM
2026-07-27,20260727T133131.mp4,SYNCED,3514,9364349,9364349,True,True,RECLAIM
2026-07-27,20260727T130124.mp4,SYNCED,3513,9286622,9286622,True,True,RECLAIM
2026-07-27,20260727T123132.mp4,SYNCED,3512,9563253,9563253,True,True,RECLAIM
2026-07-27,20260727T120132.mp4,SYNCED,3511,9471882,9471882,True,True,RECLAIM
2026-07-27,20260727T113129.mp4,SYNCED,3510,9394732,9394732,True,True,RECLAIM
2026-07-27,20260727T110132.mp4,SYNCED,3509,9617415,9617415,True,True,RECLAIM
2026-07-27,20260727T103123.mp4,SYNCED,3508,10058044,10058044,True,True,RECLAIM
2026-07-27,20260727T100127.mp4,SYNCED,3507,10294545,10294545,True,True,RECLAIM
2026-07-27,20260727T093131.mp4,SYNCED,3506,10270318,10270318,True,True,RECLAIM
2026-07-27,20260727T090132.mp4,SYNCED,3505,10044003,10044003,True,True,RECLAIM
2026-07-27,20260727T083124.mp4,SYNCED,3504,9378927,9378927,True,True,RECLAIM
2026-07-27,20260727T080131.mp4,SYNCED,3503,9308971,9308971,True,True,RECLAIM
2026-07-27,20260727T073126.mp4,SYNCED,3502,9313888,9313888,True,True,RECLAIM
2026-07-27,20260727T070133.mp4,SYNCED,3501,9486556,9486556,True,True,RECLAIM
2026-07-27,20260727T063123.mp4,SYNCED,3500,9312484,9312484,True,True,RECLAIM
2026-07-27,20260727T060132.mp4,SYNCED,3499,10273050,10273050,True,True,RECLAIM
2026-07-27,20260727T053126.mp4,FAILED,,9411323,9411323,True,True,ALREADY-ON-SERVER
2026-07-27,20260727T050133.mp4,SYNCED,3497,9399204,9399204,True,True,RECLAIM
2026-07-27,20260727T043131.mp4,SYNCED,3496,9971396,9971396,True,True,RECLAIM
2026-07-27,20260727T040126.mp4,SYNCED,3495,9311088,9311088,True,True,RECLAIM
2026-07-27,20260727T033134.mp4,SYNCED,3494,9363333,9363333,True,True,RECLAIM
2026-07-27,20260727T030126.mp4,SYNCED,3493,10077669,10077669,True,True,RECLAIM
2026-07-27,20260727T023132.mp4,SYNCED,3492,9453338,9453338,True,True,RECLAIM
2026-07-27,20260727T020129.mp4,SYNCED,3491,10124928,10124928,True,True,RECLAIM
2026-07-27,20260727T013124.mp4,SYNCED,3490,10032778,10032778,True,True,RECLAIM
2026-07-27,20260727T010133.mp4,SYNCED,3489,10080308,10080308,True,True,RECLAIM
2026-07-27,20260727T003132.mp4,SYNCED,3488,10048539,10048539,True,True,RECLAIM
2026-07-27,20260727T000123.mp4,SYNCED,3487,10213167,10213167,True,True,RECLAIM
2026-07-26,20260726T233132.mp4,FAILED,,10065390,,False,False,UPLOAD
2026-07-26,20260726T230126.mp4,SYNCED,3486,9336414,9336414,True,True,RECLAIM
2026-07-26,20260726T223131.mp4,SYNCED,3485,9476668,9476668,True,True,RECLAIM
2026-07-26,20260726T220126.mp4,FAILED,,10247675,10247675,True,True,ALREADY-ON-SERVER
2026-07-26,20260726T213127.mp4,SYNCED,3483,9924752,9924752,True,True,RECLAIM
2026-07-26,20260726T210125.mp4,SYNCED,3482,9287383,9287383,True,True,RECLAIM
2026-07-26,20260726T203127.mp4,SYNCED,3481,9626062,9626062,True,True,RECLAIM
2026-07-26,20260726T200130.mp4,SYNCED,3480,9809991,9809991,True,True,RECLAIM
2026-07-26,20260726T193131.mp4,SYNCED,3479,9576332,9576332,True,True,RECLAIM
2026-07-26,20260726T190126.mp4,SYNCED,3478,9324779,9324779,True,True,RECLAIM
2026-07-26,20260726T183131.mp4,SYNCED,3477,9938347,9938347,True,True,RECLAIM
2026-07-26,20260726T180133.mp4,SYNCED,3476,9440565,9440565,True,True,RECLAIM
2026-07-26,20260726T173124.mp4,SYNCED,3475,9966162,9966162,True,True,RECLAIM
2026-07-26,20260726T170129.mp4,FAILED,,9380195,,False,False,UPLOAD
2026-07-26,20260726T163128.mp4,SYNCED,3474,9475015,9475015,True,True,RECLAIM
2026-07-26,20260726T160128.mp4,SYNCED,3473,9485952,9485952,True,True,RECLAIM
2026-07-26,20260726T153132.mp4,SYNCED,3472,9979655,9979655,True,True,RECLAIM
2026-07-26,20260726T150124.mp4,SYNCED,3471,9966641,9966641,True,True,RECLAIM
2026-07-26,20260726T143131.mp4,SYNCED,3470,9368063,9368063,True,True,RECLAIM
2026-07-26,20260726T140130.mp4,SYNCED,3469,9284429,9284429,True,True,RECLAIM
2026-07-26,20260726T133126.mp4,SYNCED,3468,9988483,9988483,True,True,RECLAIM
2026-07-26,20260726T130133.mp4,SYNCED,3467,9945146,9945146,True,True,RECLAIM
2026-07-26,20260726T123124.mp4,SYNCED,3466,9272844,9272844,True,True,RECLAIM
2026-07-26,20260726T120128.mp4,FAILED,,9641707,,False,False,UPLOAD
2026-07-26,20260726T113133.mp4,SYNCED,3465,9280756,9280756,True,True,RECLAIM
2026-07-26,20260726T110126.mp4,SYNCED,3464,9415383,9415383,True,True,RECLAIM
2026-07-26,20260726T103128.mp4,SYNCED,3463,10079527,10079527,True,True,RECLAIM
2026-07-26,20260726T100124.mp4,SYNCED,3462,9308839,9308839,True,True,RECLAIM
2026-07-26,20260726T093127.mp4,SYNCED,3461,9565597,9565597,True,True,RECLAIM
2026-07-26,20260726T090125.mp4,SYNCED,3460,10037980,10037980,True,True,RECLAIM
2026-07-26,20260726T083133.mp4,SYNCED,3459,9480271,9480271,True,True,RECLAIM
2026-07-26,20260726T080124.mp4,SYNCED,3458,9312183,9312183,True,True,RECLAIM
2026-07-26,20260726T073131.mp4,SYNCED,3457,10052730,10052730,True,True,RECLAIM
2026-07-26,20260726T070132.mp4,SYNCED,3456,9309376,9309376,True,True,RECLAIM
2026-07-26,20260726T063127.mp4,SYNCED,3455,9521663,9521663,True,True,RECLAIM
2026-07-26,20260726T060132.mp4,SYNCED,3454,10142870,10142870,True,True,RECLAIM
2026-07-26,20260726T053134.mp4,SYNCED,3453,10266142,10266142,True,True,RECLAIM
2026-07-26,20260726T050126.mp4,SYNCED,3452,9316547,9316547,True,True,RECLAIM
2026-07-26,20260726T043126.mp4,SYNCED,3451,9314431,9314431,True,True,RECLAIM
2026-07-26,20260726T040124.mp4,SYNCED,3450,9674468,9674468,True,True,RECLAIM
2026-07-26,20260726T033125.mp4,SYNCED,3449,10058639,10058639,True,True,RECLAIM
2026-07-26,20260726T030124.mp4,SYNCED,3448,9302658,9302658,True,True,RECLAIM
2026-07-26,20260726T023131.mp4,SYNCED,3447,10270370,10270370,True,True,RECLAIM
2026-07-26,20260726T020126.mp4,SYNCED,3446,9565415,9565415,True,True,RECLAIM
2026-07-26,20260726T013129.mp4,SYNCED,3445,9310698,9310698,True,True,RECLAIM
2026-07-26,20260726T010129.mp4,SYNCED,3444,10353192,10353192,True,True,RECLAIM
2026-07-26,20260726T003124.mp4,FAILED,,9311964,9311964,True,True,ALREADY-ON-SERVER
2026-07-26,20260726T000126.mp4,SYNCED,3442,9314587,9314587,True,True,RECLAIM
2026-07-25,20260725T233129.mp4,SYNCED,3441,9309428,9309428,True,True,RECLAIM
2026-07-25,20260725T230129.mp4,SYNCED,3440,10315934,10315934,True,True,RECLAIM
2026-07-25,20260725T223124.mp4,SYNCED,3439,9282552,9282552,True,True,RECLAIM
2026-07-25,20260725T220128.mp4,SYNCED,3438,9286439,9286439,True,True,RECLAIM
2026-07-25,20260725T213128.mp4,SYNCED,3437,9432661,9432661,True,True,RECLAIM
2026-07-25,20260725T210130.mp4,SYNCED,3436,9908556,9908556,True,True,RECLAIM
2026-07-25,20260725T203124.mp4,SYNCED,3435,9827974,9827974,True,True,RECLAIM
2026-07-25,20260725T200132.mp4,SYNCED,3434,9995994,9995994,True,True,RECLAIM
2026-07-25,20260725T193125.mp4,SYNCED,3433,9887127,9887127,True,True,RECLAIM
2026-07-25,20260725T190128.mp4,SYNCED,3432,9936260,9936260,True,True,RECLAIM
2026-07-25,20260725T183124.mp4,SYNCED,3431,9796602,9796602,True,True,RECLAIM
2026-07-25,20260725T180132.mp4,SYNCED,3430,9289497,9289497,True,True,RECLAIM
2026-07-25,20260725T173126.mp4,SYNCED,3429,9527539,9527539,True,True,RECLAIM
2026-07-25,20260725T170126.mp4,SYNCED,3428,9873372,9873372,True,True,RECLAIM
2026-07-25,20260725T163124.mp4,SYNCED,3427,9689028,9689028,True,True,RECLAIM
2026-07-25,20260725T160131.mp4,SYNCED,3426,9821277,9821277,True,True,RECLAIM
2026-07-25,20260725T153131.mp4,SYNCED,3425,9282819,9282819,True,True,RECLAIM
2026-07-25,20260725T150127.mp4,FAILED,3424,9332832,9332832,True,True,ALREADY-ON-SERVER
2026-07-25,20260725T143128.mp4,SYNCED,3423,9818157,9818157,True,True,RECLAIM
2026-07-25,20260725T140124.mp4,FAILED,,9754093,,False,False,UPLOAD
2026-07-25,20260725T133132.mp4,SYNCED,3422,9289118,9289118,True,True,RECLAIM
2026-07-25,20260725T130128.mp4,SYNCED,3421,9870756,9870756,True,True,RECLAIM
2026-07-25,20260725T123132.mp4,SYNCED,3420,9821348,9821348,True,True,RECLAIM
2026-07-25,20260725T120127.mp4,SYNCED,3419,9356675,9356675,True,True,RECLAIM
2026-07-25,20260725T113125.mp4,SYNCED,3418,9283186,9283186,True,True,RECLAIM
2026-07-25,20260725T110134.mp4,SYNCED,3417,9309735,9309735,True,True,RECLAIM
2026-07-25,20260725T103131.mp4,SYNCED,3416,10255830,10255830,True,True,RECLAIM
2026-07-25,20260725T100132.mp4,SYNCED,3415,9623213,9623213,True,True,RECLAIM
2026-07-25,20260725T093129.mp4,FAILED,,9983515,9983515,True,True,ALREADY-ON-SERVER
2026-07-25,20260725T090131.mp4,SYNCED,3413,10120534,10120534,True,True,RECLAIM
2026-07-25,20260725T083126.mp4,SYNCED,3412,10049612,10049612,True,True,RECLAIM
2026-07-25,20260725T080128.mp4,SYNCED,3411,10008178,10008178,True,True,RECLAIM
2026-07-25,20260725T073132.mp4,SYNCED,3410,9309718,9309718,True,True,RECLAIM
2026-07-25,20260725T070126.mp4,SYNCED,3409,10268012,10268012,True,True,RECLAIM
2026-07-25,20260725T063131.mp4,SYNCED,3408,9313814,9313814,True,True,RECLAIM
2026-07-25,20260725T060125.mp4,SYNCED,3407,9633867,9633867,True,True,RECLAIM
2026-07-25,20260725T053131.mp4,SYNCED,3406,9539553,9539553,True,True,RECLAIM
2026-07-25,20260725T050130.mp4,SYNCED,3405,9568575,9568575,True,True,RECLAIM
2026-07-25,20260725T043128.mp4,SYNCED,3404,9538595,9538595,True,True,RECLAIM
2026-07-25,20260725T040132.mp4,SYNCED,3403,10062621,10062621,True,True,RECLAIM
2026-07-25,20260725T033128.mp4,FAILED,,9316043,9316043,True,True,ALREADY-ON-SERVER
2026-07-25,20260725T030132.mp4,SYNCED,3401,9309943,9309943,True,True,RECLAIM
2026-07-25,20260725T023130.mp4,SYNCED,3400,10258851,10258851,True,True,RECLAIM
2026-07-25,20260725T020131.mp4,SYNCED,3399,10375625,10375625,True,True,RECLAIM
2026-07-25,20260725T013124.mp4,SYNCED,3398,9554300,9554300,True,True,RECLAIM
2026-07-25,20260725T010129.mp4,FAILED,,9308633,9308633,True,True,ALREADY-ON-SERVER
2026-07-25,20260725T003132.mp4,SYNCED,3396,9522492,9522492,True,True,RECLAIM
2026-07-25,20260725T000124.mp4,SYNCED,3395,9312219,9312219,True,True,RECLAIM
2026-07-24,20260724T233129.mp4,SYNCED,3394,9471412,9471412,True,True,RECLAIM
2026-07-24,20260724T230131.mp4,SYNCED,3393,10099277,10099277,True,True,RECLAIM
2026-07-24,20260724T223123.mp4,SYNCED,3392,9280564,9280564,True,True,RECLAIM
2026-07-24,20260724T220127.mp4,SYNCED,3391,9311116,9311116,True,True,RECLAIM
2026-07-24,20260724T213126.mp4,SYNCED,3390,9277687,9277687,True,True,RECLAIM
2026-07-24,20260724T210134.mp4,SYNCED,3389,9607074,9607074,True,True,RECLAIM
2026-07-24,20260724T203124.mp4,SYNCED,3388,9543321,9543321,True,True,RECLAIM
2026-07-24,20260724T200135.mp4,SYNCED,3387,10118401,10118401,True,True,RECLAIM
2026-07-24,20260724T193132.mp4,SYNCED,3386,9747247,9747247,True,True,RECLAIM
2026-07-24,20260724T190124.mp4,SYNCED,3385,9468989,9468989,True,True,RECLAIM
2026-07-24,20260724T183134.mp4,SYNCED,3384,10122207,10122207,True,True,RECLAIM
2026-07-24,20260724T180133.mp4,SYNCED,3383,10124812,10124812,True,True,RECLAIM
2026-07-24,20260724T173126.mp4,SYNCED,3382,9723729,9723729,True,True,RECLAIM
2026-07-24,20260724T170131.mp4,FAILED,,9286732,,False,False,UPLOAD
2026-07-24,20260724T163127.mp4,SYNCED,3381,9275397,9275397,True,True,RECLAIM
2026-07-24,20260724T160127.mp4,SYNCED,3380,10041556,10041556,True,True,RECLAIM
2026-07-24,20260724T153124.mp4,SYNCED,3379,9283420,9283420,True,True,RECLAIM
2026-07-24,20260724T150131.mp4,SYNCED,3378,9881261,9881261,True,True,RECLAIM
2026-07-24,20260724T143127.mp4,SYNCED,3377,9868522,9868522,True,True,RECLAIM
2026-07-24,20260724T140127.mp4,SYNCED,3376,9917964,9917964,True,True,RECLAIM
2026-07-24,20260724T133133.mp4,SYNCED,3375,9282700,9282700,True,True,RECLAIM
2026-07-24,20260724T130124.mp4,SYNCED,3374,9867309,9867309,True,True,RECLAIM
2026-07-24,20260724T123127.mp4,SYNCED,3373,9282329,9282329,True,True,RECLAIM
2026-07-24,20260724T120127.mp4,SYNCED,3372,9929589,9929589,True,True,RECLAIM
2026-07-24,20260724T113126.mp4,SYNCED,3371,9920940,9920940,True,True,RECLAIM
2026-07-24,20260724T110130.mp4,SYNCED,3370,9307430,9307430,True,True,RECLAIM
2026-07-24,20260724T103128.mp4,SYNCED,3369,9988465,9988465,True,True,RECLAIM
2026-07-24,20260724T100134.mp4,SYNCED,3368,9960851,9960851,True,True,RECLAIM
2026-07-24,20260724T093127.mp4,SYNCED,3367,9538962,9538962,True,True,RECLAIM
2026-07-24,20260724T090124.mp4,SYNCED,3366,10012813,10012813,True,True,RECLAIM
2026-07-24,20260724T083126.mp4,SYNCED,3365,9314242,9314242,True,True,RECLAIM
2026-07-24,20260724T080128.mp4,SYNCED,3364,9307878,9307878,True,True,RECLAIM
2026-07-24,20260724T073125.mp4,SYNCED,3363,9996687,9996687,True,True,RECLAIM
2026-07-24,20260724T070125.mp4,SYNCED,3362,9307642,9307642,True,True,RECLAIM
2026-07-24,20260724T063129.mp4,SYNCED,3361,9443480,9443480,True,True,RECLAIM
2026-07-24,20260724T060132.mp4,SYNCED,3360,9536406,9536406,True,True,RECLAIM
2026-07-24,20260724T053125.mp4,FAILED,,9572285,9572285,True,True,ALREADY-ON-SERVER
2026-07-24,20260724T050126.mp4,SYNCED,3358,10164470,10164470,True,True,RECLAIM
2026-07-24,20260724T043124.mp4,SYNCED,3357,9353165,9353165,True,True,RECLAIM
2026-07-24,20260724T040131.mp4,SYNCED,3356,10129478,10129478,True,True,RECLAIM
2026-07-24,20260724T033130.mp4,SYNCED,3355,10069192,10069192,True,True,RECLAIM
2026-07-24,20260724T030127.mp4,SYNCED,3354,10089176,10089176,True,True,RECLAIM
2026-07-24,20260724T023132.mp4,SYNCED,3353,9446292,9446292,True,True,RECLAIM
2026-07-24,20260724T020128.mp4,SYNCED,3352,9315110,9315110,True,True,RECLAIM
2026-07-24,20260724T013131.mp4,SYNCED,3351,9308394,9308394,True,True,RECLAIM
2026-07-24,20260724T010128.mp4,SYNCED,3350,9316676,9316676,True,True,RECLAIM
2026-07-24,20260724T003130.mp4,FAILED,,9488440,,False,False,UPLOAD
2026-07-24,20260724T000130.mp4,FAILED,,10212355,,False,False,UPLOAD
2026-07-23,20260723T233128.mp4,FAILED,,10076683,,False,False,UPLOAD
2026-07-23,20260723T230127.mp4,FAILED,,9653123,,False,False,UPLOAD
2026-07-23,20260723T223127.mp4,FAILED,,9889060,,False,False,UPLOAD
2026-07-23,20260723T220130.mp4,FAILED,,9554378,,False,False,UPLOAD
2026-07-23,20260723T213123.mp4,FAILED,,10064052,,False,False,UPLOAD
2026-07-23,20260723T210123.mp4,FAILED,,9717583,,False,False,UPLOAD
2026-07-23,20260723T203130.mp4,FAILED,,9350994,,False,False,UPLOAD
2026-07-23,20260723T200123.mp4,FAILED,,10004557,,False,False,UPLOAD
2026-07-23,20260723T193130.mp4,FAILED,,9334869,,False,False,UPLOAD
2026-07-23,20260723T190122.mp4,FAILED,,9600926,,False,False,UPLOAD
2026-07-23,20260723T183124.mp4,FAILED,,9633777,,False,False,UPLOAD
2026-07-23,20260723T180125.mp4,FAILED,,9892835,,False,False,UPLOAD
2026-07-23,20260723T173129.mp4,FAILED,,9976625,,False,False,UPLOAD
2026-07-23,20260723T170125.mp4,FAILED,,9739700,,False,False,UPLOAD
2026-07-23,20260723T163129.mp4,FAILED,,9629384,,False,False,UPLOAD
2026-07-23,20260723T160129.mp4,FAILED,,9980992,,False,False,UPLOAD
2026-07-23,20260723T153123.mp4,FAILED,,9422657,,False,False,UPLOAD
2026-07-23,20260723T150130.mp4,FAILED,,9566334,,False,False,UPLOAD
2026-07-23,20260723T143122.mp4,FAILED,,9286565,,False,False,UPLOAD
2026-07-23,20260723T140125.mp4,FAILED,,9499809,,False,False,UPLOAD
2026-07-23,20260723T133123.mp4,FAILED,,9912018,,False,False,UPLOAD
2026-07-23,20260723T130131.mp4,FAILED,,9829395,,False,False,UPLOAD
2026-07-23,20260723T123124.mp4,FAILED,,9562412,,False,False,UPLOAD
2026-07-23,20260723T120131.mp4,FAILED,,9721850,,False,False,UPLOAD
2026-07-23,20260723T113122.mp4,FAILED,,9367323,,False,False,UPLOAD
2026-07-23,20260723T110128.mp4,FAILED,,9469126,,False,False,UPLOAD
2026-07-23,20260723T103131.mp4,FAILED,,9313034,,False,False,UPLOAD
2026-07-23,20260723T100123.mp4,FAILED,,10081078,,False,False,UPLOAD
2026-07-23,20260723T093124.mp4,FAILED,,9334149,,False,False,UPLOAD
2026-07-23,20260723T090129.mp4,FAILED,,9553703,,False,False,UPLOAD
2026-07-23,20260723T083128.mp4,FAILED,,9310092,,False,False,UPLOAD
2026-07-23,20260723T080127.mp4,FAILED,,9311142,,False,False,UPLOAD
2026-07-23,20260723T073131.mp4,FAILED,,9352002,,False,False,UPLOAD
2026-07-23,20260723T070122.mp4,FAILED,,10096964,,False,False,UPLOAD
2026-07-23,20260723T063130.mp4,FAILED,,9553328,,False,False,UPLOAD
2026-07-23,20260723T060123.mp4,FAILED,,9568717,,False,False,UPLOAD
2026-07-23,20260723T053130.mp4,FAILED,,9496548,,False,False,UPLOAD
2026-07-23,20260723T050128.mp4,FAILED,,9370518,,False,False,UPLOAD
2026-07-23,20260723T043122.mp4,FAILED,,10297463,,False,False,UPLOAD
2026-07-23,20260723T040122.mp4,FAILED,,9318164,,False,False,UPLOAD
2026-07-23,20260723T033129.mp4,FAILED,,9312173,,False,False,UPLOAD
2026-07-23,20260723T030126.mp4,FAILED,,9881296,,False,False,UPLOAD
2026-07-23,20260723T023122.mp4,FAILED,,9305484,,False,False,UPLOAD
2026-07-23,20260723T020130.mp4,FAILED,,9382133,,False,False,UPLOAD
2026-07-23,20260723T013123.mp4,FAILED,,9304572,,False,False,UPLOAD
2026-07-23,20260723T010124.mp4,FAILED,,10189705,,False,False,UPLOAD
2026-07-23,20260723T003123.mp4,FAILED,,9505491,,False,False,UPLOAD
2026-07-23,20260723T000121.mp4,FAILED,,9309351,,False,False,UPLOAD
2026-07-22,20260722T233128.mp4,FAILED,,10078913,,False,False,UPLOAD
2026-07-22,20260722T230130.mp4,FAILED,,10066533,,False,False,UPLOAD
2026-07-22,20260722T223130.mp4,FAILED,,9963289,,False,False,UPLOAD
2026-07-22,20260722T220122.mp4,FAILED,,9280614,,False,False,UPLOAD
2026-07-22,20260722T213124.mp4,FAILED,,9639890,,False,False,UPLOAD
2026-07-22,20260722T210125.mp4,FAILED,,9478622,,False,False,UPLOAD
2026-07-22,20260722T203130.mp4,FAILED,,9778535,,False,False,UPLOAD
2026-07-22,20260722T200128.mp4,FAILED,,9890651,,False,False,UPLOAD
2026-07-22,20260722T193123.mp4,SYNCED,3349,9281943,9281943,True,True,RECLAIM
2026-07-22,20260722T190126.mp4,SYNCED,3348,9807343,9807343,True,True,RECLAIM
2026-07-22,20260722T183124.mp4,SYNCED,3347,9344051,9344051,True,True,RECLAIM
2026-07-22,20260722T180131.mp4,SYNCED,3346,9421399,9421399,True,True,RECLAIM
2026-07-22,20260722T173124.mp4,SYNCED,3345,9977085,9977085,True,True,RECLAIM
2026-07-22,20260722T170128.mp4,SYNCED,3344,9285227,9285227,True,True,RECLAIM
2026-07-22,20260722T163125.mp4,FAILED,,9934350,,False,False,UPLOAD
2026-07-22,20260722T160126.mp4,SYNCED,3343,9280589,9280589,True,True,RECLAIM
2026-07-22,20260722T153125.mp4,SYNCED,3342,9804518,9804518,True,True,RECLAIM
2026-07-22,20260722T150132.mp4,SYNCED,3341,10005763,10005763,True,True,RECLAIM
2026-07-22,20260722T143125.mp4,SYNCED,3340,9854579,9854579,True,True,RECLAIM
2026-07-22,20260722T140131.mp4,SYNCED,3339,9703002,9703002,True,True,RECLAIM
2026-07-22,20260722T133131.mp4,SYNCED,3338,9281342,9281342,True,True,RECLAIM
2026-07-22,20260722T130123.mp4,SYNCED,3337,9283683,9283683,True,True,RECLAIM
2026-07-22,20260722T123131.mp4,SYNCED,3336,9984927,9984927,True,True,RECLAIM
2026-07-22,20260722T120124.mp4,SYNCED,3335,9357518,9357518,True,True,RECLAIM
2026-07-22,20260722T113133.mp4,SYNCED,3334,9906126,9906126,True,True,RECLAIM
2026-07-22,20260722T110133.mp4,SYNCED,3333,10050646,10050646,True,True,RECLAIM
2026-07-22,20260722T103134.mp4,SYNCED,3332,9394145,9394145,True,True,RECLAIM
2026-07-22,20260722T100124.mp4,SYNCED,3331,9305653,9305653,True,True,RECLAIM
2026-07-22,20260722T093128.mp4,SYNCED,3330,9344393,9344393,True,True,RECLAIM
2026-07-22,20260722T090123.mp4,SYNCED,3329,9414922,9414922,True,True,RECLAIM
2026-07-22,20260722T083132.mp4,SYNCED,3328,9502966,9502966,True,True,RECLAIM
2026-07-22,20260722T080127.mp4,SYNCED,3327,9355741,9355741,True,True,RECLAIM
2026-07-22,20260722T073135.mp4,SYNCED,3326,9309868,9309868,True,True,RECLAIM
2026-07-22,20260722T070124.mp4,SYNCED,3325,10017001,10017001,True,True,RECLAIM
2026-07-22,20260722T063125.mp4,SYNCED,3324,9650527,9650527,True,True,RECLAIM
2026-07-22,20260722T060129.mp4,SYNCED,3323,9328246,9328246,True,True,RECLAIM
2026-07-22,20260722T053125.mp4,FAILED,,9308887,9308887,True,True,ALREADY-ON-SERVER
2026-07-22,20260722T050131.mp4,SYNCED,3321,10358174,10358174,True,True,RECLAIM
2026-07-22,20260722T043126.mp4,SYNCED,3320,9316273,9316273,True,True,RECLAIM
2026-07-22,20260722T040131.mp4,SYNCED,3319,10065346,10065346,True,True,RECLAIM
2026-07-22,20260722T033123.mp4,SYNCED,3318,9311453,9311453,True,True,RECLAIM
2026-07-22,20260722T030132.mp4,SYNCED,3317,9302516,9302516,True,True,RECLAIM
2026-07-22,20260722T023131.mp4,SYNCED,3316,9307435,9307435,True,True,RECLAIM
2026-07-22,20260722T020131.mp4,SYNCED,3315,9308410,9308410,True,True,RECLAIM
2026-07-22,20260722T013124.mp4,SYNCED,3314,9302405,9302405,True,True,RECLAIM
2026-07-22,20260722T010129.mp4,FAILED,,10121338,10121338,True,True,ALREADY-ON-SERVER
2026-07-22,20260722T003130.mp4,SYNCED,3312,10183711,10183711,True,True,RECLAIM
2026-07-22,20260722T000126.mp4,FAILED,,10238360,10238360,True,True,ALREADY-ON-SERVER
2026-07-21,20260721T233131.mp4,SYNCED,3310,10068089,10068089,True,True,RECLAIM
2026-07-21,20260721T230124.mp4,FAILED,,10135308,10135308,True,True,ALREADY-ON-SERVER
2026-07-21,20260721T223133.mp4,SYNCED,3308,9554722,9554722,True,True,RECLAIM
2026-07-21,20260721T220127.mp4,SYNCED,3307,9647236,9647236,True,True,RECLAIM
2026-07-21,20260721T213135.mp4,SYNCED,3306,9560770,9560770,True,True,RECLAIM
2026-07-21,20260721T210129.mp4,SYNCED,3305,9404239,9404239,True,True,RECLAIM
2026-07-21,20260721T203130.mp4,SYNCED,3304,9647857,9647857,True,True,RECLAIM
2026-07-21,20260721T200124.mp4,FAILED,,9377372,,False,False,UPLOAD
2026-07-21,20260721T193133.mp4,SYNCED,3303,9716930,9716930,True,True,RECLAIM
2026-07-21,20260721T190124.mp4,SYNCED,3302,9472780,9472780,True,True,RECLAIM
2026-07-21,20260721T183133.mp4,SYNCED,3301,9692491,9692491,True,True,RECLAIM
2026-07-21,20260721T180124.mp4,SYNCED,3300,9958022,9958022,True,True,RECLAIM
2026-07-21,20260721T173131.mp4,SYNCED,3299,9317573,9317573,True,True,RECLAIM
2026-07-21,20260721T170131.mp4,SYNCED,3298,9590389,9590389,True,True,RECLAIM
2026-07-21,20260721T163131.mp4,SYNCED,3297,9821267,9821267,True,True,RECLAIM
2026-07-21,20260721T160123.mp4,SYNCED,3296,9910460,9910460,True,True,RECLAIM
2026-07-21,20260721T153127.mp4,SYNCED,3295,9635121,9635121,True,True,RECLAIM
2026-07-21,20260721T150131.mp4,SYNCED,3294,10013474,10013474,True,True,RECLAIM
2026-07-21,20260721T143126.mp4,SYNCED,3293,9626293,9626293,True,True,RECLAIM
2026-07-21,20260721T140124.mp4,SYNCED,3292,9284464,9284464,True,True,RECLAIM
2026-07-21,20260721T133126.mp4,SYNCED,3291,9626297,9626297,True,True,RECLAIM
2026-07-21,20260721T130127.mp4,SYNCED,3290,9286432,9286432,True,True,RECLAIM
2026-07-21,20260721T123124.mp4,SYNCED,3289,9880208,9880208,True,True,RECLAIM
2026-07-21,20260721T120126.mp4,SYNCED,3288,9913532,9913532,True,True,RECLAIM
2026-07-21,20260721T113126.mp4,SYNCED,3287,9431370,9431370,True,True,RECLAIM
2026-07-21,20260721T110132.mp4,SYNCED,3286,9391816,9391816,True,True,RECLAIM
2026-07-21,20260721T103126.mp4,FAILED,,10066890,10066890,True,True,ALREADY-ON-SERVER
2026-07-21,20260721T100133.mp4,SYNCED,3284,9540296,9540296,True,True,RECLAIM
2026-07-21,20260721T093126.mp4,SYNCED,3283,10044277,10044277,True,True,RECLAIM
2026-07-21,20260721T090126.mp4,SYNCED,3282,10052973,10052973,True,True,RECLAIM
2026-07-21,20260721T083131.mp4,SYNCED,3281,9468688,9468688,True,True,RECLAIM
2026-07-21,20260721T080131.mp4,SYNCED,3280,10043891,10043891,True,True,RECLAIM
2026-07-21,20260721T073127.mp4,SYNCED,3279,10230712,10230712,True,True,RECLAIM
2026-07-21,20260721T070126.mp4,SYNCED,3278,10153464,10153464,True,True,RECLAIM
2026-07-21,20260721T063126.mp4,SYNCED,3277,10000379,10000379,True,True,RECLAIM
2026-07-21,20260721T060131.mp4,SYNCED,3276,10579196,10579196,True,True,RECLAIM
2026-07-21,20260721T053126.mp4,SYNCED,3275,9312299,9312299,True,True,RECLAIM
2026-07-21,20260721T050131.mp4,SYNCED,3274,9314633,9314633,True,True,RECLAIM
2026-07-21,20260721T043129.mp4,SYNCED,3273,9318391,9318391,True,True,RECLAIM
2026-07-21,20260721T040127.mp4,SYNCED,3272,10263735,10263735,True,True,RECLAIM
2026-07-21,20260721T033126.mp4,SYNCED,3271,9308849,9308849,True,True,RECLAIM
2026-07-21,20260721T030130.mp4,SYNCED,3270,9461769,9461769,True,True,RECLAIM
2026-07-21,20260721T023126.mp4,SYNCED,3269,9464530,9464530,True,True,RECLAIM
2026-07-21,20260721T020128.mp4,SYNCED,3268,10366231,10366231,True,True,RECLAIM
2026-07-21,20260721T013134.mp4,SYNCED,3267,9308787,9308787,True,True,RECLAIM
2026-07-21,20260721T010127.mp4,SYNCED,3266,9440814,9440814,True,True,RECLAIM
2026-07-21,20260721T003126.mp4,SYNCED,3265,9304515,9304515,True,True,RECLAIM
2026-07-21,20260721T000132.mp4,SYNCED,3264,9314108,9314108,True,True,RECLAIM
2026-07-20,20260720T233129.mp4,SYNCED,3263,9353927,9353927,True,True,RECLAIM
2026-07-20,20260720T230132.mp4,SYNCED,3262,9310929,9310929,True,True,RECLAIM
2026-07-20,20260720T223126.mp4,SYNCED,3261,9329294,9329294,True,True,RECLAIM
2026-07-20,20260720T220129.mp4,SYNCED,3260,10129094,10129094,True,True,RECLAIM
2026-07-20,20260720T213134.mp4,SYNCED,3259,9291867,9291867,True,True,RECLAIM
2026-07-20,20260720T210126.mp4,SYNCED,3258,9797811,9797811,True,True,RECLAIM
2026-07-20,20260720T203126.mp4,SYNCED,3257,9339911,9339911,True,True,RECLAIM
2026-07-20,20260720T200129.mp4,SYNCED,3256,9619288,9619288,True,True,RECLAIM
2026-07-20,20260720T193130.mp4,SYNCED,3255,9882184,9882184,True,True,RECLAIM
2026-07-20,20260720T190126.mp4,SYNCED,3254,9284515,9284515,True,True,RECLAIM
2026-07-20,20260720T183124.mp4,SYNCED,3253,9883219,9883219,True,True,RECLAIM
2026-07-20,20260720T180127.mp4,SYNCED,3252,9880016,9880016,True,True,RECLAIM
2026-07-20,20260720T173131.mp4,SYNCED,3251,9655353,9655353,True,True,RECLAIM
2026-07-20,20260720T170127.mp4,SYNCED,3250,10073194,10073194,True,True,RECLAIM
2026-07-20,20260720T163131.mp4,SYNCED,3249,9298296,9298296,True,True,RECLAIM
2026-07-20,20260720T160133.mp4,SYNCED,3248,9771905,9771905,True,True,RECLAIM
2026-07-20,20260720T153124.mp4,SYNCED,3247,9482991,9482991,True,True,RECLAIM
2026-07-20,20260720T150127.mp4,SYNCED,3246,9830028,9830028,True,True,RECLAIM
2026-07-20,20260720T143126.mp4,SYNCED,3245,9545616,9545616,True,True,RECLAIM
2026-07-20,20260720T140131.mp4,SYNCED,3244,9285627,9285627,True,True,RECLAIM
2026-07-20,20260720T133129.mp4,SYNCED,3243,9548914,9548914,True,True,RECLAIM
2026-07-20,20260720T130131.mp4,SYNCED,3242,9821857,9821857,True,True,RECLAIM
2026-07-20,20260720T123126.mp4,SYNCED,3241,9403068,9403068,True,True,RECLAIM
2026-07-20,20260720T120127.mp4,SYNCED,3240,9546045,9546045,True,True,RECLAIM
2026-07-20,20260720T113132.mp4,SYNCED,3239,9737518,9737518,True,True,RECLAIM
2026-07-20,20260720T110125.mp4,SYNCED,3238,9306069,9306069,True,True,RECLAIM
2026-07-20,20260720T103133.mp4,FAILED,,9533755,,False,False,UPLOAD
2026-07-20,20260720T100131.mp4,SYNCED,3237,10160257,10160257,True,True,RECLAIM
2026-07-20,20260720T093127.mp4,SYNCED,3236,10377500,10377500,True,True,RECLAIM
2026-07-20,20260720T090132.mp4,SYNCED,3235,9310086,9310086,True,True,RECLAIM
2026-07-20,20260720T083124.mp4,SYNCED,3234,9314680,9314680,True,True,RECLAIM
2026-07-20,20260720T080130.mp4,SYNCED,3233,10866894,10866894,True,True,RECLAIM
2026-07-20,20260720T073131.mp4,SYNCED,3232,10031708,10031708,True,True,RECLAIM
2026-07-20,20260720T070132.mp4,SYNCED,3231,9393137,9393137,True,True,RECLAIM
2026-07-20,20260720T063128.mp4,SYNCED,3230,10104624,10104624,True,True,RECLAIM
2026-07-20,20260720T060135.mp4,SYNCED,3229,9315131,9315131,True,True,RECLAIM
2026-07-20,20260720T053127.mp4,FAILED,,9461509,9461509,True,True,ALREADY-ON-SERVER
2026-07-20,20260720T050129.mp4,FAILED,,10113657,,False,False,UPLOAD
2026-07-20,20260720T043128.mp4,SYNCED,3227,9318349,9318349,True,True,RECLAIM
2026-07-20,20260720T040123.mp4,FAILED,,10024784,,False,False,UPLOAD
2026-07-20,20260720T033131.mp4,SYNCED,3226,9314927,9314927,True,True,RECLAIM
2026-07-20,20260720T030123.mp4,SYNCED,3225,9315595,9315595,True,True,RECLAIM
2026-07-20,20260720T023128.mp4,SYNCED,3224,9353022,9353022,True,True,RECLAIM
2026-07-20,20260720T020131.mp4,SYNCED,3223,10047289,10047289,True,True,RECLAIM
2026-07-20,20260720T013123.mp4,FAILED,,10088026,10088026,True,True,ALREADY-ON-SERVER
2026-07-20,20260720T010128.mp4,SYNCED,3221,9576047,9576047,True,True,RECLAIM
2026-07-20,20260720T003124.mp4,SYNCED,3220,9372237,9372237,True,True,RECLAIM
2026-07-20,20260720T000132.mp4,SYNCED,3219,9314558,9314558,True,True,RECLAIM
2026-07-19,20260719T233126.mp4,SYNCED,3218,9311644,9311644,True,True,RECLAIM
2026-07-19,20260719T230126.mp4,SYNCED,3217,9514798,9514798,True,True,RECLAIM
2026-07-19,20260719T223126.mp4,SYNCED,3216,9284266,9284266,True,True,RECLAIM
2026-07-19,20260719T220128.mp4,SYNCED,3215,9651485,9651485,True,True,RECLAIM
2026-07-19,20260719T213124.mp4,SYNCED,3214,9717723,9717723,True,True,RECLAIM
2026-07-19,20260719T210126.mp4,SYNCED,3213,9298525,9298525,True,True,RECLAIM
2026-07-19,20260719T203131.mp4,SYNCED,3212,9599076,9599076,True,True,RECLAIM
2026-07-19,20260719T200124.mp4,SYNCED,3211,9508090,9508090,True,True,RECLAIM
2026-07-19,20260719T193126.mp4,SYNCED,3210,9446138,9446138,True,True,RECLAIM
2026-07-19,20260719T190134.mp4,SYNCED,3209,9613728,9613728,True,True,RECLAIM
2026-07-19,20260719T183126.mp4,SYNCED,3208,9751705,9751705,True,True,RECLAIM
2026-07-19,20260719T180122.mp4,SYNCED,3207,9283614,9283614,True,True,RECLAIM
2026-07-19,20260719T173126.mp4,SYNCED,3206,9276409,9276409,True,True,RECLAIM
2026-07-19,20260719T170133.mp4,SYNCED,3205,10138155,10138155,True,True,RECLAIM
2026-07-19,20260719T163127.mp4,SYNCED,3204,9540243,9540243,True,True,RECLAIM
2026-07-19,20260719T160126.mp4,SYNCED,3203,9287140,9287140,True,True,RECLAIM
2026-07-19,20260719T153131.mp4,SYNCED,3202,9536976,9536976,True,True,RECLAIM
2026-07-19,20260719T150126.mp4,SYNCED,3201,9905907,9905907,True,True,RECLAIM
2026-07-19,20260719T143127.mp4,SYNCED,3200,9310129,9310129,True,True,RECLAIM
2026-07-19,20260719T140128.mp4,SYNCED,3199,9672394,9672394,True,True,RECLAIM
2026-07-19,20260719T133124.mp4,SYNCED,3198,9288912,9288912,True,True,RECLAIM
2026-07-19,20260719T130131.mp4,SYNCED,3197,9818153,9818153,True,True,RECLAIM
2026-07-19,20260719T123124.mp4,SYNCED,3196,9884463,9884463,True,True,RECLAIM
2026-07-19,20260719T120132.mp4,SYNCED,3195,9283762,9283762,True,True,RECLAIM
2026-07-19,20260719T113124.mp4,FAILED,3194,9807915,9807915,True,True,ALREADY-ON-SERVER
2026-07-19,20260719T110126.mp4,SYNCED,3193,9471441,9471441,True,True,RECLAIM
2026-07-19,20260719T103132.mp4,SYNCED,3192,9310405,9310405,True,True,RECLAIM
2026-07-19,20260719T100124.mp4,SYNCED,3191,9315022,9315022,True,True,RECLAIM
2026-07-19,20260719T093125.mp4,SYNCED,3190,9403638,9403638,True,True,RECLAIM
2026-07-19,20260719T090125.mp4,SYNCED,3189,9310393,9310393,True,True,RECLAIM
2026-07-19,20260719T083131.mp4,SYNCED,3188,9469321,9469321,True,True,RECLAIM
2026-07-19,20260719T080124.mp4,SYNCED,3187,9309516,9309516,True,True,RECLAIM
2026-07-19,20260719T073128.mp4,SYNCED,3186,10001990,10001990,True,True,RECLAIM
2026-07-19,20260719T070124.mp4,SYNCED,3185,9509380,9509380,True,True,RECLAIM
2026-07-19,20260719T063126.mp4,SYNCED,3184,9516065,9516065,True,True,RECLAIM
2026-07-19,20260719T060130.mp4,SYNCED,3183,10318307,10318307,True,True,RECLAIM
2026-07-19,20260719T053125.mp4,SYNCED,3182,10117854,10117854,True,True,RECLAIM
2026-07-19,20260719T050129.mp4,SYNCED,3181,10050503,10050503,True,True,RECLAIM
2026-07-19,20260719T043127.mp4,SYNCED,3180,9578840,9578840,True,True,RECLAIM
2026-07-19,20260719T040131.mp4,SYNCED,3179,9324202,9324202,True,True,RECLAIM
2026-07-19,20260719T033126.mp4,SYNCED,3178,10098428,10098428,True,True,RECLAIM
2026-07-19,20260719T030130.mp4,SYNCED,3177,10107762,10107762,True,True,RECLAIM
2026-07-19,20260719T023124.mp4,SYNCED,3176,10039491,10039491,True,True,RECLAIM
2026-07-19,20260719T020126.mp4,SYNCED,3175,9315048,9315048,True,True,RECLAIM
2026-07-19,20260719T013123.mp4,SYNCED,3174,10302688,10302688,True,True,RECLAIM
2026-07-19,20260719T010128.mp4,SYNCED,3173,9475515,9475515,True,True,RECLAIM
2026-07-19,20260719T003126.mp4,SYNCED,3172,10308745,10308745,True,True,RECLAIM
2026-07-19,20260719T000125.mp4,SYNCED,3171,9313442,9313442,True,True,RECLAIM
2026-07-18,20260718T233131.mp4,SYNCED,3170,10030412,10030412,True,True,RECLAIM
2026-07-18,20260718T230128.mp4,SYNCED,3169,10094144,10094144,True,True,RECLAIM
2026-07-18,20260718T223127.mp4,SYNCED,3168,9285283,9285283,True,True,RECLAIM
2026-07-18,20260718T220124.mp4,SYNCED,3167,9829138,9829138,True,True,RECLAIM
2026-07-18,20260718T213133.mp4,SYNCED,3166,9286398,9286398,True,True,RECLAIM
2026-07-18,20260718T210123.mp4,SYNCED,3165,9285420,9285420,True,True,RECLAIM
2026-07-18,20260718T203126.mp4,SYNCED,3164,9410171,9410171,True,True,RECLAIM
2026-07-18,20260718T200124.mp4,SYNCED,3163,9881841,9881841,True,True,RECLAIM
2026-07-18,20260718T193126.mp4,SYNCED,3162,9288866,9288866,True,True,RECLAIM
2026-07-18,20260718T190124.mp4,SYNCED,3161,9282899,9282899,True,True,RECLAIM
2026-07-18,20260718T183124.mp4,SYNCED,3160,9575522,9575522,True,True,RECLAIM
2026-07-18,20260718T180131.mp4,SYNCED,3159,9967991,9967991,True,True,RECLAIM
2026-07-18,20260718T173131.mp4,SYNCED,3158,9875827,9875827,True,True,RECLAIM
2026-07-18,20260718T170125.mp4,SYNCED,3157,9466067,9466067,True,True,RECLAIM
2026-07-18,20260718T163126.mp4,SYNCED,3156,9499000,9499000,True,True,RECLAIM
2026-07-18,20260718T160124.mp4,SYNCED,3155,9891597,9891597,True,True,RECLAIM
2026-07-18,20260718T153131.mp4,SYNCED,3154,9450526,9450526,True,True,RECLAIM
2026-07-18,20260718T150131.mp4,SYNCED,3153,9893581,9893581,True,True,RECLAIM
2026-07-18,20260718T143125.mp4,SYNCED,3152,9867735,9867735,True,True,RECLAIM
2026-07-18,20260718T140130.mp4,SYNCED,3151,9781255,9781255,True,True,RECLAIM
2026-07-18,20260718T133126.mp4,SYNCED,3150,9891844,9891844,True,True,RECLAIM
2026-07-18,20260718T130127.mp4,SYNCED,3149,9898512,9898512,True,True,RECLAIM
2026-07-18,20260718T123127.mp4,SYNCED,3148,10116936,10116936,True,True,RECLAIM
2026-07-18,20260718T120131.mp4,SYNCED,3147,9320298,9320298,True,True,RECLAIM
2026-07-18,20260718T113128.mp4,SYNCED,3146,9459894,9459894,True,True,RECLAIM
2026-07-18,20260718T110132.mp4,SYNCED,3145,9301144,9301144,True,True,RECLAIM
2026-07-18,20260718T103128.mp4,SYNCED,3144,9535968,9535968,True,True,RECLAIM
2026-07-18,20260718T100132.mp4,SYNCED,3143,10047237,10047237,True,True,RECLAIM
2026-07-18,20260718T093125.mp4,SYNCED,3142,10051412,10051412,True,True,RECLAIM
2026-07-18,20260718T090126.mp4,SYNCED,3141,10046689,10046689,True,True,RECLAIM
2026-07-18,20260718T083126.mp4,SYNCED,3140,9310378,9310378,True,True,RECLAIM
2026-07-18,20260718T080131.mp4,SYNCED,3139,10006850,10006850,True,True,RECLAIM
2026-07-18,20260718T073125.mp4,SYNCED,3138,9988904,9988904,True,True,RECLAIM
2026-07-18,20260718T070133.mp4,SYNCED,3137,9567228,9567228,True,True,RECLAIM
2026-07-18,20260718T063127.mp4,SYNCED,3136,9435467,9435467,True,True,RECLAIM
2026-07-18,20260718T060132.mp4,SYNCED,3135,9310360,9310360,True,True,RECLAIM
2026-07-18,20260718T053124.mp4,SYNCED,3134,9538612,9538612,True,True,RECLAIM
2026-07-18,20260718T050128.mp4,SYNCED,3133,10121356,10121356,True,True,RECLAIM
2026-07-18,20260718T043127.mp4,SYNCED,3132,9556340,9556340,True,True,RECLAIM
2026-07-18,20260718T040126.mp4,SYNCED,3131,9315744,9315744,True,True,RECLAIM
2026-07-18,20260718T033128.mp4,SYNCED,3130,9315286,9315286,True,True,RECLAIM
2026-07-18,20260718T030130.mp4,SYNCED,3129,9315112,9315112,True,True,RECLAIM
2026-07-18,20260718T023125.mp4,SYNCED,3128,9313886,9313886,True,True,RECLAIM
2026-07-18,20260718T020130.mp4,SYNCED,3127,9320169,9320169,True,True,RECLAIM
2026-07-18,20260718T013126.mp4,SYNCED,3126,10306229,10306229,True,True,RECLAIM
2026-07-18,20260718T010127.mp4,SYNCED,3125,9411063,9411063,True,True,RECLAIM
2026-07-18,20260718T003126.mp4,SYNCED,3124,9317336,9317336,True,True,RECLAIM
2026-07-18,20260718T000126.mp4,SYNCED,3123,10114493,10114493,True,True,RECLAIM
2026-07-17,20260717T233126.mp4,SYNCED,3122,10169568,10169568,True,True,RECLAIM
2026-07-17,20260717T230134.mp4,SYNCED,3121,9401981,9401981,True,True,RECLAIM
2026-07-17,20260717T223128.mp4,SYNCED,3120,10014468,10014468,True,True,RECLAIM
2026-07-17,20260717T220131.mp4,SYNCED,3119,9887547,9887547,True,True,RECLAIM
2026-07-17,20260717T213124.mp4,SYNCED,3118,9331333,9331333,True,True,RECLAIM
2026-07-17,20260717T210126.mp4,SYNCED,3117,9287147,9287147,True,True,RECLAIM
2026-07-17,20260717T203124.mp4,SYNCED,3116,9274899,9274899,True,True,RECLAIM
2026-07-17,20260717T200134.mp4,SYNCED,3115,9572387,9572387,True,True,RECLAIM
2026-07-17,20260717T193128.mp4,SYNCED,3114,9549570,9549570,True,True,RECLAIM
2026-07-17,20260717T190124.mp4,SYNCED,3113,9285346,9285346,True,True,RECLAIM
2026-07-17,20260717T183132.mp4,SYNCED,3112,9514631,9514631,True,True,RECLAIM
2026-07-17,20260717T180124.mp4,SYNCED,3111,9892129,9892129,True,True,RECLAIM
2026-07-17,20260717T173129.mp4,SYNCED,3110,9416765,9416765,True,True,RECLAIM
2026-07-17,20260717T170126.mp4,SYNCED,3109,9893041,9893041,True,True,RECLAIM
2026-07-17,20260717T163124.mp4,SYNCED,3108,9288794,9288794,True,True,RECLAIM
2026-07-17,20260717T160128.mp4,SYNCED,3107,9695581,9695581,True,True,RECLAIM
2026-07-17,20260717T153131.mp4,SYNCED,3106,9888548,9888548,True,True,RECLAIM
2026-07-17,20260717T150131.mp4,SYNCED,3105,9448758,9448758,True,True,RECLAIM
2026-07-17,20260717T143133.mp4,SYNCED,3104,9718605,9718605,True,True,RECLAIM
2026-07-17,20260717T140127.mp4,SYNCED,3103,9937604,9937604,True,True,RECLAIM
2026-07-17,20260717T133131.mp4,SYNCED,3102,9719544,9719544,True,True,RECLAIM
2026-07-17,20260717T130124.mp4,SYNCED,3101,9791897,9791897,True,True,RECLAIM
2026-07-17,20260717T123126.mp4,SYNCED,3100,9892111,9892111,True,True,RECLAIM
2026-07-17,20260717T120124.mp4,SYNCED,3099,9852942,9852942,True,True,RECLAIM
2026-07-17,20260717T113128.mp4,SYNCED,3098,9991281,9991281,True,True,RECLAIM
2026-07-17,20260717T110131.mp4,SYNCED,3097,10070550,10070550,True,True,RECLAIM
2026-07-17,20260717T103124.mp4,FAILED,,10112846,10112846,True,True,ALREADY-ON-SERVER
2026-07-17,20260717T100131.mp4,SYNCED,3095,10161306,10161306,True,True,RECLAIM
2026-07-17,20260717T093123.mp4,SYNCED,3094,9314792,9314792,True,True,RECLAIM
2026-07-17,20260717T090126.mp4,SYNCED,3093,9387690,9387690,True,True,RECLAIM
2026-07-17,20260717T083131.mp4,SYNCED,3092,9513883,9513883,True,True,RECLAIM
2026-07-17,20260717T080123.mp4,SYNCED,3091,9506968,9506968,True,True,RECLAIM
2026-07-17,20260717T073131.mp4,SYNCED,3090,9536517,9536517,True,True,RECLAIM
2026-07-17,20260717T070126.mp4,SYNCED,3089,10044413,10044413,True,True,RECLAIM
2026-07-17,20260717T063126.mp4,SYNCED,3088,10030891,10030891,True,True,RECLAIM
2026-07-17,20260717T060133.mp4,SYNCED,3087,9314463,9314463,True,True,RECLAIM
2026-07-17,20260717T053131.mp4,SYNCED,3086,10173252,10173252,True,True,RECLAIM
2026-07-17,20260717T050123.mp4,SYNCED,3085,9584230,9584230,True,True,RECLAIM
2026-07-17,20260717T043132.mp4,SYNCED,3084,10013802,10013802,True,True,RECLAIM
2026-07-17,20260717T040126.mp4,SYNCED,3083,9314736,9314736,True,True,RECLAIM
2026-07-17,20260717T033128.mp4,SYNCED,3082,10250521,10250521,True,True,RECLAIM
2026-07-17,20260717T030123.mp4,FAILED,,10134633,,False,False,UPLOAD
2026-07-17,20260717T023133.mp4,SYNCED,3081,10182769,10182769,True,True,RECLAIM
2026-07-17,20260717T020127.mp4,SYNCED,3080,10298774,10298774,True,True,RECLAIM
2026-07-17,20260717T013123.mp4,SYNCED,3079,9312209,9312209,True,True,RECLAIM
2026-07-17,20260717T010129.mp4,SYNCED,3078,9313224,9313224,True,True,RECLAIM
2026-07-17,20260717T003128.mp4,FAILED,,10156173,10156173,True,True,ALREADY-ON-SERVER
2026-07-17,20260717T000131.mp4,SYNCED,3076,9314309,9314309,True,True,RECLAIM
2026-07-16,20260716T233127.mp4,FAILED,,10313484,10313484,True,True,ALREADY-ON-SERVER
2026-07-16,20260716T230128.mp4,SYNCED,3074,9479427,9479427,True,True,RECLAIM
2026-07-16,20260716T223131.mp4,SYNCED,3073,9994046,9994046,True,True,RECLAIM
2026-07-16,20260716T220124.mp4,SYNCED,3072,9688086,9688086,True,True,RECLAIM
2026-07-16,20260716T213131.mp4,SYNCED,3071,9285974,9285974,True,True,RECLAIM
2026-07-16,20260716T210124.mp4,SYNCED,3070,9763992,9763992,True,True,RECLAIM
2026-07-16,20260716T203129.mp4,SYNCED,3069,9928686,9928686,True,True,RECLAIM
2026-07-16,20260716T200133.mp4,SYNCED,3068,9594514,9594514,True,True,RECLAIM
2026-07-16,20260716T193126.mp4,SYNCED,3067,9598592,9598592,True,True,RECLAIM
2026-07-16,20260716T190127.mp4,SYNCED,3066,9409193,9409193,True,True,RECLAIM
2026-07-16,20260716T183131.mp4,SYNCED,3065,9828016,9828016,True,True,RECLAIM
2026-07-16,20260716T180131.mp4,SYNCED,3064,10095357,10095357,True,True,RECLAIM
2026-07-16,20260716T173132.mp4,SYNCED,3063,9894079,9894079,True,True,RECLAIM
2026-07-16,20260716T170131.mp4,SYNCED,3062,9609821,9609821,True,True,RECLAIM
2026-07-16,20260716T163126.mp4,SYNCED,3061,9285878,9285878,True,True,RECLAIM
2026-07-16,20260716T160123.mp4,SYNCED,3060,9246234,9246234,True,True,RECLAIM
2026-07-16,20260716T153128.mp4,SYNCED,3059,9363523,9363523,True,True,RECLAIM
2026-07-16,20260716T150127.mp4,SYNCED,3058,9353373,9353373,True,True,RECLAIM
2026-07-16,20260716T143124.mp4,SYNCED,3057,9929841,9929841,True,True,RECLAIM
2026-07-16,20260716T140124.mp4,SYNCED,3056,9281762,9281762,True,True,RECLAIM
2026-07-16,20260716T133131.mp4,SYNCED,3055,9814815,9814815,True,True,RECLAIM
2026-07-16,20260716T130124.mp4,SYNCED,3054,9854303,9854303,True,True,RECLAIM
2026-07-16,20260716T123133.mp4,SYNCED,3053,9286397,9286397,True,True,RECLAIM
2026-07-16,20260716T120125.mp4,SYNCED,3052,9403673,9403673,True,True,RECLAIM
2026-07-16,20260716T113126.mp4,SYNCED,3051,9442368,9442368,True,True,RECLAIM
2026-07-16,20260716T110132.mp4,SYNCED,3050,9634214,9634214,True,True,RECLAIM
2026-07-16,20260716T103124.mp4,SYNCED,3049,9310993,9310993,True,True,RECLAIM
2026-07-16,20260716T100128.mp4,FAILED,,9310368,,False,False,UPLOAD
2026-07-16,20260716T093125.mp4,FAILED,,9318071,9318071,True,True,ALREADY-ON-SERVER
2026-07-16,20260716T090132.mp4,SYNCED,3047,9317096,9317096,True,True,RECLAIM
2026-07-16,20260716T083128.mp4,SYNCED,3046,10090048,10090048,True,True,RECLAIM
2026-07-16,20260716T080125.mp4,SYNCED,3045,10048595,10048595,True,True,RECLAIM
2026-07-16,20260716T073127.mp4,SYNCED,3044,9404787,9404787,True,True,RECLAIM
2026-07-16,20260716T070128.mp4,SYNCED,3043,10155911,10155911,True,True,RECLAIM
2026-07-16,20260716T063125.mp4,SYNCED,3042,9313253,9313253,True,True,RECLAIM
2026-07-16,20260716T060130.mp4,SYNCED,3041,10060703,10060703,True,True,RECLAIM
2026-07-16,20260716T053125.mp4,SYNCED,3040,10066538,10066538,True,True,RECLAIM
2026-07-16,20260716T050126.mp4,SYNCED,3039,9547830,9547830,True,True,RECLAIM
2026-07-16,20260716T043127.mp4,SYNCED,3038,10265638,10265638,True,True,RECLAIM
2026-07-16,20260716T040132.mp4,SYNCED,3037,9310821,9310821,True,True,RECLAIM
2026-07-16,20260716T033125.mp4,SYNCED,3036,9581302,9581302,True,True,RECLAIM
2026-07-16,20260716T030126.mp4,SYNCED,3035,9309446,9309446,True,True,RECLAIM
2026-07-16,20260716T023124.mp4,SYNCED,3034,10144999,10144999,True,True,RECLAIM
2026-07-16,20260716T020131.mp4,SYNCED,3033,10133454,10133454,True,True,RECLAIM
2026-07-16,20260716T013123.mp4,FAILED,,10686583,10686583,True,True,ALREADY-ON-SERVER
2026-07-16,20260716T010131.mp4,SYNCED,3031,9605973,9605973,True,True,RECLAIM
2026-07-16,20260716T003127.mp4,SYNCED,3030,10117507,10117507,True,True,RECLAIM
2026-07-16,20260716T000124.mp4,SYNCED,3029,9310859,9310859,True,True,RECLAIM
2026-07-15,20260715T233128.mp4,SYNCED,3028,10270859,10270859,True,True,RECLAIM
2026-07-15,20260715T230126.mp4,SYNCED,3027,10191926,10191926,True,True,RECLAIM
2026-07-15,20260715T223127.mp4,SYNCED,3026,9290399,9290399,True,True,RECLAIM
2026-07-15,20260715T220124.mp4,SYNCED,3025,9270677,9270677,True,True,RECLAIM
2026-07-15,20260715T213132.mp4,SYNCED,3024,9755795,9755795,True,True,RECLAIM
2026-07-15,20260715T210131.mp4,SYNCED,3023,9391014,9391014,True,True,RECLAIM
2026-07-15,20260715T203129.mp4,SYNCED,3022,10148042,10148042,True,True,RECLAIM
2026-07-15,20260715T200131.mp4,SYNCED,3021,9284180,9284180,True,True,RECLAIM
2026-07-15,20260715T193125.mp4,SYNCED,3020,9517256,9517256,True,True,RECLAIM
2026-07-15,20260715T190124.mp4,SYNCED,3019,9282616,9282616,True,True,RECLAIM
2026-07-15,20260715T183126.mp4,SYNCED,3018,9381293,9381293,True,True,RECLAIM
2026-07-15,20260715T180124.mp4,SYNCED,3017,9659487,9659487,True,True,RECLAIM
2026-07-15,20260715T173124.mp4,SYNCED,3016,9341239,9341239,True,True,RECLAIM
2026-07-15,20260715T170131.mp4,SYNCED,3015,9296781,9296781,True,True,RECLAIM
2026-07-15,20260715T163125.mp4,SYNCED,3014,9667053,9667053,True,True,RECLAIM
2026-07-15,20260715T160130.mp4,SYNCED,3013,9271065,9271065,True,True,RECLAIM
2026-07-15,20260715T153127.mp4,SYNCED,3012,9470885,9470885,True,True,RECLAIM
2026-07-15,20260715T150131.mp4,SYNCED,3011,9990400,9990400,True,True,RECLAIM
2026-07-15,20260715T143127.mp4,SYNCED,3010,9582605,9582605,True,True,RECLAIM
2026-07-15,20260715T140124.mp4,SYNCED,3009,9575699,9575699,True,True,RECLAIM
2026-07-15,20260715T133127.mp4,SYNCED,3008,9669794,9669794,True,True,RECLAIM
2026-07-15,20260715T130124.mp4,SYNCED,3007,9884858,9884858,True,True,RECLAIM
2026-07-15,20260715T123126.mp4,SYNCED,3006,9289385,9289385,True,True,RECLAIM
2026-07-15,20260715T120131.mp4,SYNCED,3005,9287457,9287457,True,True,RECLAIM
2026-07-15,20260715T113125.mp4,SYNCED,3004,10093714,10093714,True,True,RECLAIM
2026-07-15,20260715T110129.mp4,SYNCED,3003,9521056,9521056,True,True,RECLAIM
2026-07-15,20260715T103126.mp4,SYNCED,3002,10224544,10224544,True,True,RECLAIM
2026-07-15,20260715T100124.mp4,SYNCED,3001,10184873,10184873,True,True,RECLAIM
2026-07-15,20260715T093133.mp4,SYNCED,3000,9493067,9493067,True,True,RECLAIM
2026-07-15,20260715T090125.mp4,SYNCED,2999,10138500,10138500,True,True,RECLAIM
2026-07-15,20260715T083133.mp4,SYNCED,2998,9312168,9312168,True,True,RECLAIM
2026-07-15,20260715T080131.mp4,SYNCED,2997,10349768,10349768,True,True,RECLAIM
2026-07-15,20260715T073127.mp4,SYNCED,2996,9313439,9313439,True,True,RECLAIM
2026-07-15,20260715T070126.mp4,SYNCED,2995,9481287,9481287,True,True,RECLAIM
2026-07-15,20260715T063126.mp4,SYNCED,2994,9311869,9311869,True,True,RECLAIM
2026-07-15,20260715T060123.mp4,FAILED,,9310401,9310401,True,True,ALREADY-ON-SERVER
2026-07-15,20260715T053131.mp4,SYNCED,2992,10319518,10319518,True,True,RECLAIM
2026-07-15,20260715T050126.mp4,FAILED,,9552179,,False,False,UPLOAD
2026-07-15,20260715T043127.mp4,SYNCED,2991,9307774,9307774,True,True,RECLAIM
2026-07-15,20260715T040126.mp4,SYNCED,2990,9315069,9315069,True,True,RECLAIM
2026-07-15,20260715T033137.mp4,SYNCED,2989,10151315,10151315,True,True,RECLAIM
2026-07-15,20260715T030124.mp4,SYNCED,2988,9313029,9313029,True,True,RECLAIM
2026-07-15,20260715T023128.mp4,SYNCED,2987,9305315,9305315,True,True,RECLAIM
2026-07-15,20260715T020124.mp4,SYNCED,2986,9313026,9313026,True,True,RECLAIM
2026-07-15,20260715T013131.mp4,SYNCED,2985,9307018,9307018,True,True,RECLAIM
2026-07-15,20260715T010125.mp4,SYNCED,2984,9313011,9313011,True,True,RECLAIM
2026-07-15,20260715T003131.mp4,SYNCED,2983,10179863,10179863,True,True,RECLAIM
2026-07-15,20260715T000124.mp4,FAILED,,10086730,10086730,True,True,ALREADY-ON-SERVER
2026-07-14,20260714T233126.mp4,SYNCED,2981,9423979,9423979,True,True,RECLAIM
2026-07-14,20260714T230124.mp4,SYNCED,2980,10010334,10010334,True,True,RECLAIM
2026-07-14,20260714T223126.mp4,SYNCED,2979,9546840,9546840,True,True,RECLAIM
2026-07-14,20260714T220128.mp4,SYNCED,2978,9733178,9733178,True,True,RECLAIM
2026-07-14,20260714T213124.mp4,SYNCED,2977,9759342,9759342,True,True,RECLAIM
2026-07-14,20260714T210133.mp4,SYNCED,2976,9659763,9659763,True,True,RECLAIM
2026-07-14,20260714T203125.mp4,SYNCED,2975,9288819,9288819,True,True,RECLAIM
2026-07-14,20260714T200131.mp4,SYNCED,2974,9637843,9637843,True,True,RECLAIM
2026-07-14,20260714T193128.mp4,SYNCED,2973,9928537,9928537,True,True,RECLAIM
2026-07-14,20260714T190124.mp4,SYNCED,2972,9729248,9729248,True,True,RECLAIM
2026-07-14,20260714T183132.mp4,SYNCED,2971,9494002,9494002,True,True,RECLAIM
2026-07-14,20260714T180128.mp4,SYNCED,2970,10185805,10185805,True,True,RECLAIM
2026-07-14,20260714T173131.mp4,SYNCED,2969,9582090,9582090,True,True,RECLAIM
2026-07-14,20260714T170132.mp4,SYNCED,2968,9845298,9845298,True,True,RECLAIM
2026-07-14,20260714T163131.mp4,SYNCED,2967,9507528,9507528,True,True,RECLAIM
2026-07-14,20260714T160123.mp4,SYNCED,2966,9618229,9618229,True,True,RECLAIM
2026-07-14,20260714T153131.mp4,SYNCED,2965,9887228,9887228,True,True,RECLAIM
2026-07-14,20260714T150131.mp4,SYNCED,2964,9659069,9659069,True,True,RECLAIM
2026-07-14,20260714T143125.mp4,SYNCED,2963,9906079,9906079,True,True,RECLAIM
2026-07-14,20260714T140131.mp4,SYNCED,2962,9634873,9634873,True,True,RECLAIM
2026-07-14,20260714T133128.mp4,SYNCED,2961,9912136,9912136,True,True,RECLAIM
2026-07-14,20260714T130124.mp4,SYNCED,2960,9794153,9794153,True,True,RECLAIM
2026-07-14,20260714T123125.mp4,SYNCED,2959,9284084,9284084,True,True,RECLAIM
2026-07-14,20260714T120123.mp4,SYNCED,2958,9861095,9861095,True,True,RECLAIM
2026-07-14,20260714T113131.mp4,SYNCED,2957,9415917,9415917,True,True,RECLAIM
2026-07-14,20260714T110128.mp4,SYNCED,2956,10332760,10332760,True,True,RECLAIM
2026-07-14,20260714T103124.mp4,SYNCED,2955,10102550,10102550,True,True,RECLAIM
2026-07-14,20260714T100124.mp4,SYNCED,2954,9309832,9309832,True,True,RECLAIM
2026-07-14,20260714T093133.mp4,SYNCED,2953,9314561,9314561,True,True,RECLAIM
2026-07-14,20260714T090130.mp4,SYNCED,2952,10166168,10166168,True,True,RECLAIM
2026-07-14,20260714T083131.mp4,SYNCED,2951,10170491,10170491,True,True,RECLAIM
2026-07-14,20260714T080125.mp4,SYNCED,2950,10142104,10142104,True,True,RECLAIM
2026-07-14,20260714T073131.mp4,SYNCED,2949,9467843,9467843,True,True,RECLAIM
2026-07-14,20260714T070128.mp4,SYNCED,2948,10331665,10331665,True,True,RECLAIM
2026-07-14,20260714T063128.mp4,SYNCED,2947,9309159,9309159,True,True,RECLAIM
2026-07-14,20260714T060132.mp4,SYNCED,2946,9315752,9315752,True,True,RECLAIM
2026-07-14,20260714T053127.mp4,SYNCED,2945,10230121,10230121,True,True,RECLAIM
2026-07-14,20260714T050124.mp4,SYNCED,2944,9349080,9349080,True,True,RECLAIM
2026-07-14,20260714T043133.mp4,SYNCED,2943,9460147,9460147,True,True,RECLAIM
2026-07-14,20260714T040131.mp4,SYNCED,2942,9450735,9450735,True,True,RECLAIM
2026-07-14,20260714T033123.mp4,LOCAL,2941,9307077,9307077,True,True,ALREADY-ON-SERVER
2026-07-14,20260714T030130.mp4,SYNCED,2940,9606504,9606504,True,True,RECLAIM
2026-07-14,20260714T023129.mp4,SYNCED,2939,9308419,9308419,True,True,RECLAIM
2026-07-14,20260714T020127.mp4,SYNCED,2938,9309514,9309514,True,True,RECLAIM
2026-07-14,20260714T013127.mp4,SYNCED,2937,9439720,9439720,True,True,RECLAIM
2026-07-14,20260714T010126.mp4,SYNCED,2936,10116341,10116341,True,True,RECLAIM
2026-07-14,20260714T003124.mp4,SYNCED,2935,10195323,10195323,True,True,RECLAIM
2026-07-14,20260714T000127.mp4,SYNCED,2934,10152246,10152246,True,True,RECLAIM
2026-07-13,20260713T233133.mp4,SYNCED,2933,10280410,10280410,True,True,RECLAIM
2026-07-13,20260713T230133.mp4,SYNCED,2932,9315813,9315813,True,True,RECLAIM
2026-07-13,20260713T223122.mp4,SYNCED,2931,9268415,9268415,True,True,RECLAIM
2026-07-13,20260713T220132.mp4,SYNCED,2930,10014313,10014313,True,True,RECLAIM
2026-07-13,20260713T213129.mp4,SYNCED,2929,9774079,9774079,True,True,RECLAIM
2026-07-13,20260713T210127.mp4,SYNCED,2928,9660061,9660061,True,True,RECLAIM
2026-07-13,20260713T203131.mp4,SYNCED,2927,9681880,9681880,True,True,RECLAIM
2026-07-13,20260713T200128.mp4,SYNCED,2926,9646108,9646108,True,True,RECLAIM
2026-07-13,20260713T193127.mp4,SYNCED,2925,9351183,9351183,True,True,RECLAIM
2026-07-13,20260713T190131.mp4,SYNCED,2924,9657445,9657445,True,True,RECLAIM
2026-07-13,20260713T183128.mp4,SYNCED,2923,9696034,9696034,True,True,RECLAIM
2026-07-13,20260713T180124.mp4,SYNCED,2922,9666851,9666851,True,True,RECLAIM
2026-07-13,20260713T173132.mp4,SYNCED,2921,9729705,9729705,True,True,RECLAIM
2026-07-13,20260713T170126.mp4,SYNCED,2920,9286855,9286855,True,True,RECLAIM
2026-07-13,20260713T163131.mp4,SYNCED,2919,9288107,9288107,True,True,RECLAIM
2026-07-13,20260713T160129.mp4,SYNCED,2918,9299048,9299048,True,True,RECLAIM
2026-07-13,20260713T153126.mp4,SYNCED,2917,9453065,9453065,True,True,RECLAIM
2026-07-13,20260713T150131.mp4,SYNCED,2916,9458727,9458727,True,True,RECLAIM
2026-07-13,20260713T143125.mp4,FAILED,,9764316,,False,False,UPLOAD
2026-07-13,20260713T140131.mp4,SYNCED,2915,9301877,9301877,True,True,RECLAIM
2026-07-13,20260713T133127.mp4,SYNCED,2914,9737101,9737101,True,True,RECLAIM
2026-07-13,20260713T130133.mp4,SYNCED,2913,10154347,10154347,True,True,RECLAIM
2026-07-13,20260713T123131.mp4,SYNCED,2912,9879473,9879473,True,True,RECLAIM
2026-07-13,20260713T120124.mp4,SYNCED,2911,9764512,9764512,True,True,RECLAIM
2026-07-13,20260713T113133.mp4,SYNCED,2910,9807271,9807271,True,True,RECLAIM
2026-07-13,20260713T110127.mp4,SYNCED,2909,9652865,9652865,True,True,RECLAIM
2026-07-13,20260713T103131.mp4,SYNCED,2908,9311473,9311473,True,True,RECLAIM
2026-07-13,20260713T100124.mp4,SYNCED,2907,10247747,10247747,True,True,RECLAIM
2026-07-13,20260713T093133.mp4,SYNCED,2906,9405829,9405829,True,True,RECLAIM
2026-07-13,20260713T090125.mp4,SYNCED,2905,10197720,10197720,True,True,RECLAIM
2026-07-13,20260713T083131.mp4,SYNCED,2904,9314909,9314909,True,True,RECLAIM
2026-07-13,20260713T080127.mp4,FAILED,2903,9541318,9541318,True,True,ALREADY-ON-SERVER
2026-07-13,20260713T073133.mp4,SYNCED,2902,10228102,10228102,True,True,RECLAIM
2026-07-13,20260713T070130.mp4,SYNCED,2901,10527601,10527601,True,True,RECLAIM
2026-07-13,20260713T063123.mp4,SYNCED,2900,9453361,9453361,True,True,RECLAIM
2026-07-13,20260713T060131.mp4,SYNCED,2899,9315501,9315501,True,True,RECLAIM
2026-07-13,20260713T053128.mp4,FAILED,,9501662,9501662,True,True,ALREADY-ON-SERVER
2026-07-13,20260713T050133.mp4,SYNCED,2897,10167192,10167192,True,True,RECLAIM
2026-07-13,20260713T043126.mp4,FAILED,,10172489,10172489,True,True,ALREADY-ON-SERVER
2026-07-13,20260713T040129.mp4,SYNCED,2895,10125444,10125444,True,True,RECLAIM
2026-07-13,20260713T033124.mp4,SYNCED,2894,9316460,9316460,True,True,RECLAIM
2026-07-13,20260713T030133.mp4,SYNCED,2893,9325501,9325501,True,True,RECLAIM
2026-07-13,20260713T023126.mp4,SYNCED,2892,10276309,10276309,True,True,RECLAIM
2026-07-13,20260713T020126.mp4,SYNCED,2891,9314880,9314880,True,True,RECLAIM
2026-07-13,20260713T013122.mp4,SYNCED,2890,10308130,10308130,True,True,RECLAIM
2026-07-13,20260713T010131.mp4,SYNCED,2889,9473632,9473632,True,True,RECLAIM
2026-07-13,20260713T003127.mp4,SYNCED,2888,9316179,9316179,True,True,RECLAIM
2026-07-13,20260713T000126.mp4,SYNCED,2887,9314557,9314557,True,True,RECLAIM
2026-07-12,20260712T233132.mp4,SYNCED,2886,9579818,9579818,True,True,RECLAIM
2026-07-12,20260712T230126.mp4,FAILED,,10080469,10080469,True,True,ALREADY-ON-SERVER
2026-07-12,20260712T223130.mp4,SYNCED,2884,9706533,9706533,True,True,RECLAIM
2026-07-12,20260712T220133.mp4,SYNCED,2883,9660067,9660067,True,True,RECLAIM
2026-07-12,20260712T213122.mp4,SYNCED,2882,9897133,9897133,True,True,RECLAIM
2026-07-12,20260712T210131.mp4,SYNCED,2881,9882937,9882937,True,True,RECLAIM
2026-07-12,20260712T203127.mp4,SYNCED,2880,9908143,9908143,True,True,RECLAIM
2026-07-12,20260712T200133.mp4,SYNCED,2879,9543545,9543545,True,True,RECLAIM
2026-07-12,20260712T193124.mp4,SYNCED,2878,9611393,9611393,True,True,RECLAIM
2026-07-12,20260712T190127.mp4,SYNCED,2877,9437909,9437909,True,True,RECLAIM
2026-07-12,20260712T183128.mp4,SYNCED,2876,9356286,9356286,True,True,RECLAIM
2026-07-12,20260712T180124.mp4,SYNCED,2875,9841937,9841937,True,True,RECLAIM
2026-07-12,20260712T173133.mp4,SYNCED,2874,9263120,9263120,True,True,RECLAIM
2026-07-12,20260712T170124.mp4,SYNCED,2873,9340541,9340541,True,True,RECLAIM
2026-07-12,20260712T163133.mp4,SYNCED,2872,9558745,9558745,True,True,RECLAIM
2026-07-12,20260712T160127.mp4,FAILED,,9652734,,False,False,UPLOAD
2026-07-12,20260712T153130.mp4,SYNCED,2871,9619647,9619647,True,True,RECLAIM
2026-07-12,20260712T150130.mp4,SYNCED,2870,9608008,9608008,True,True,RECLAIM
2026-07-12,20260712T143127.mp4,SYNCED,2869,10165617,10165617,True,True,RECLAIM
2026-07-12,20260712T140133.mp4,SYNCED,2868,9534116,9534116,True,True,RECLAIM
2026-07-12,20260712T133125.mp4,SYNCED,2867,9611459,9611459,True,True,RECLAIM
2026-07-12,20260712T130122.mp4,SYNCED,2866,9292063,9292063,True,True,RECLAIM
2026-07-12,20260712T123131.mp4,SYNCED,2865,9390360,9390360,True,True,RECLAIM
2026-07-12,20260712T120124.mp4,SYNCED,2864,9288930,9288930,True,True,RECLAIM
2026-07-12,20260712T113131.mp4,SYNCED,2863,9288999,9288999,True,True,RECLAIM
2026-07-12,20260712T110127.mp4,SYNCED,2862,10200469,10200469,True,True,RECLAIM
2026-07-12,20260712T103125.mp4,SYNCED,2861,9343566,9343566,True,True,RECLAIM
2026-07-12,20260712T100132.mp4,SYNCED,2860,9524964,9524964,True,True,RECLAIM
2026-07-12,20260712T093127.mp4,SYNCED,2859,9500108,9500108,True,True,RECLAIM
2026-07-12,20260712T090124.mp4,SYNCED,2858,9390961,9390961,True,True,RECLAIM
2026-07-12,20260712T083132.mp4,SYNCED,2857,9317834,9317834,True,True,RECLAIM
2026-07-12,20260712T080124.mp4,FAILED,2856,9312641,9312641,True,True,ALREADY-ON-SERVER
2026-07-12,20260712T073131.mp4,FAILED,,10112462,,False,False,UPLOAD
2026-07-12,20260712T070128.mp4,SYNCED,2855,9314776,9314776,True,True,RECLAIM
2026-07-12,20260712T063125.mp4,SYNCED,2854,10168846,10168846,True,True,RECLAIM
2026-07-12,20260712T060126.mp4,SYNCED,2853,10263741,10263741,True,True,RECLAIM
2026-07-12,20260712T053127.mp4,FAILED,2852,9447602,9447602,True,True,ALREADY-ON-SERVER
2026-07-12,20260712T050126.mp4,FAILED,,9318828,9318828,True,True,ALREADY-ON-SERVER
2026-07-12,20260712T043132.mp4,SYNCED,2850,9445210,9445210,True,True,RECLAIM
2026-07-12,20260712T040125.mp4,SYNCED,2849,9317511,9317511,True,True,RECLAIM
2026-07-12,20260712T033137.mp4,SYNCED,2848,9312547,9312547,True,True,RECLAIM
2026-07-12,20260712T030124.mp4,SYNCED,2847,9314270,9314270,True,True,RECLAIM
2026-07-12,20260712T023131.mp4,SYNCED,2846,9318362,9318362,True,True,RECLAIM
2026-07-12,20260712T020126.mp4,SYNCED,2845,9459500,9459500,True,True,RECLAIM
2026-07-12,20260712T013133.mp4,SYNCED,2844,9316741,9316741,True,True,RECLAIM
2026-07-12,20260712T010127.mp4,SYNCED,2843,10150075,10150075,True,True,RECLAIM
2026-07-12,20260712T003131.mp4,FAILED,2842,9502368,9502368,True,True,ALREADY-ON-SERVER
2026-07-12,20260712T000129.mp4,SYNCED,2841,9310522,9310522,True,True,RECLAIM
2026-07-11,20260711T233125.mp4,SYNCED,2840,10085130,10085130,True,True,RECLAIM
2026-07-11,20260711T230133.mp4,SYNCED,2839,9555864,9555864,True,True,RECLAIM
2026-07-11,20260711T223124.mp4,SYNCED,2838,9896542,9896542,True,True,RECLAIM
2026-07-11,20260711T220133.mp4,SYNCED,2837,9630943,9630943,True,True,RECLAIM
2026-07-11,20260711T213131.mp4,SYNCED,2836,9768140,9768140,True,True,RECLAIM
2026-07-11,20260711T210128.mp4,SYNCED,2835,9383868,9383868,True,True,RECLAIM
2026-07-11,20260711T203127.mp4,SYNCED,2834,9484539,9484539,True,True,RECLAIM
2026-07-11,20260711T200131.mp4,SYNCED,2833,9997150,9997150,True,True,RECLAIM
2026-07-11,20260711T193125.mp4,SYNCED,2832,9287242,9287242,True,True,RECLAIM
2026-07-11,20260711T190126.mp4,SYNCED,2831,9793147,9793147,True,True,RECLAIM
2026-07-11,20260711T183125.mp4,SYNCED,2830,9289232,9289232,True,True,RECLAIM
2026-07-11,20260711T180126.mp4,SYNCED,2829,9920568,9920568,True,True,RECLAIM
2026-07-11,20260711T173123.mp4,SYNCED,2828,9173791,9173791,True,True,RECLAIM
2026-07-11,20260711T170133.mp4,SYNCED,2827,10001456,10001456,True,True,RECLAIM
2026-07-11,20260711T163125.mp4,SYNCED,2826,9426692,9426692,True,True,RECLAIM
2026-07-11,20260711T160125.mp4,SYNCED,2825,9719605,9719605,True,True,RECLAIM
2026-07-11,20260711T153131.mp4,SYNCED,2824,9578554,9578554,True,True,RECLAIM
2026-07-11,20260711T150123.mp4,SYNCED,2823,9758873,9758873,True,True,RECLAIM
2026-07-11,20260711T143131.mp4,SYNCED,2822,9831552,9831552,True,True,RECLAIM
2026-07-11,20260711T140124.mp4,SYNCED,2821,9904975,9904975,True,True,RECLAIM
2026-07-11,20260711T133131.mp4,SYNCED,2820,9837690,9837690,True,True,RECLAIM
2026-07-11,20260711T130125.mp4,SYNCED,2819,9512991,9512991,True,True,RECLAIM
2026-07-11,20260711T123128.mp4,SYNCED,2818,9354935,9354935,True,True,RECLAIM
2026-07-11,20260711T120123.mp4,SYNCED,2817,9284992,9284992,True,True,RECLAIM
2026-07-11,20260711T113131.mp4,SYNCED,2816,9494153,9494153,True,True,RECLAIM
2026-07-11,20260711T110124.mp4,SYNCED,2815,9304475,9304475,True,True,RECLAIM
2026-07-11,20260711T103126.mp4,FAILED,2814,9311605,9311605,True,True,ALREADY-ON-SERVER
2026-07-11,20260711T100122.mp4,SYNCED,2813,10797802,10797802,True,True,RECLAIM
2026-07-11,20260711T093131.mp4,SYNCED,2812,9306795,9306795,True,True,RECLAIM
2026-07-11,20260711T090125.mp4,SYNCED,2811,9500312,9500312,True,True,RECLAIM
2026-07-11,20260711T083131.mp4,SYNCED,2810,9442668,9442668,True,True,RECLAIM
2026-07-11,20260711T080127.mp4,SYNCED,2809,10138823,10138823,True,True,RECLAIM
2026-07-11,20260711T073133.mp4,SYNCED,2808,9519594,9519594,True,True,RECLAIM
2026-07-11,20260711T070123.mp4,SYNCED,2807,9453053,9453053,True,True,RECLAIM
2026-07-11,20260711T063131.mp4,SYNCED,2806,10137459,10137459,True,True,RECLAIM
2026-07-11,20260711T060124.mp4,SYNCED,2805,10080962,10080962,True,True,RECLAIM
2026-07-11,20260711T053125.mp4,SYNCED,2804,10187953,10187953,True,True,RECLAIM
2026-07-11,20260711T050124.mp4,SYNCED,2803,9318545,9318545,True,True,RECLAIM
2026-07-11,20260711T043131.mp4,FAILED,,9460776,,False,False,UPLOAD
2026-07-11,20260711T040124.mp4,SYNCED,2802,10182540,10182540,True,True,RECLAIM
2026-07-11,20260711T033131.mp4,SYNCED,2801,10200408,10200408,True,True,RECLAIM
2026-07-11,20260711T030124.mp4,SYNCED,2800,10392174,10392174,True,True,RECLAIM
2026-07-11,20260711T023136.mp4,SYNCED,2799,9312628,9312628,True,True,RECLAIM
2026-07-11,20260711T020131.mp4,SYNCED,2798,9312425,9312425,True,True,RECLAIM
2026-07-11,20260711T013125.mp4,SYNCED,2797,9311408,9311408,True,True,RECLAIM
2026-07-11,20260711T010133.mp4,SYNCED,2796,10142468,10142468,True,True,RECLAIM
2026-07-11,20260711T003132.mp4,SYNCED,2795,10163386,10163386,True,True,RECLAIM
2026-07-11,20260711T000131.mp4,FAILED,,9326695,,False,False,UPLOAD
2026-07-10,20260710T233128.mp4,SYNCED,2794,9312610,9312610,True,True,RECLAIM
2026-07-10,20260710T230126.mp4,SYNCED,2793,9308666,9308666,True,True,RECLAIM
2026-07-10,20260710T223134.mp4,SYNCED,2792,9784467,9784467,True,True,RECLAIM
2026-07-10,20260710T220131.mp4,SYNCED,2791,9708041,9708041,True,True,RECLAIM
2026-07-10,20260710T213125.mp4,SYNCED,2790,9399817,9399817,True,True,RECLAIM
2026-07-10,20260710T210133.mp4,SYNCED,2789,10080565,10080565,True,True,RECLAIM
2026-07-10,20260710T203131.mp4,SYNCED,2788,9917991,9917991,True,True,RECLAIM
2026-07-10,20260710T200124.mp4,SYNCED,2787,9296721,9296721,True,True,RECLAIM
2026-07-10,20260710T193128.mp4,SYNCED,2786,9328405,9328405,True,True,RECLAIM
2026-07-10,20260710T190127.mp4,SYNCED,2785,9342733,9342733,True,True,RECLAIM
2026-07-10,20260710T183134.mp4,SYNCED,2784,9891570,9891570,True,True,RECLAIM
2026-07-10,20260710T180128.mp4,SYNCED,2783,9970427,9970427,True,True,RECLAIM
2026-07-10,20260710T173124.mp4,SYNCED,2782,9488344,9488344,True,True,RECLAIM
2026-07-10,20260710T170124.mp4,SYNCED,2781,9765971,9765971,True,True,RECLAIM
2026-07-10,20260710T163131.mp4,SYNCED,2780,9724090,9724090,True,True,RECLAIM
2026-07-10,20260710T160124.mp4,SYNCED,2779,9277397,9277397,True,True,RECLAIM
2026-07-10,20260710T153126.mp4,SYNCED,2778,9477425,9477425,True,True,RECLAIM
2026-07-10,20260710T150124.mp4,SYNCED,2777,9291219,9291219,True,True,RECLAIM
2026-07-10,20260710T143126.mp4,SYNCED,2776,9563227,9563227,True,True,RECLAIM
2026-07-10,20260710T140123.mp4,SYNCED,2775,9849304,9849304,True,True,RECLAIM
2026-07-10,20260710T133126.mp4,SYNCED,2774,9869024,9869024,True,True,RECLAIM
2026-07-10,20260710T130124.mp4,SYNCED,2773,9854089,9854089,True,True,RECLAIM
2026-07-10,20260710T123128.mp4,SYNCED,2772,9713692,9713692,True,True,RECLAIM
2026-07-10,20260710T120132.mp4,SYNCED,2771,9625708,9625708,True,True,RECLAIM
2026-07-10,20260710T113127.mp4,SYNCED,2770,9821222,9821222,True,True,RECLAIM
2026-07-10,20260710T110134.mp4,SYNCED,2769,9376540,9376540,True,True,RECLAIM
2026-07-10,20260710T103124.mp4,FAILED,,9311035,9311035,True,True,ALREADY-ON-SERVER
2026-07-10,20260710T100128.mp4,SYNCED,2767,9307777,9307777,True,True,RECLAIM
2026-07-10,20260710T093124.mp4,SYNCED,2766,10048297,10048297,True,True,RECLAIM
2026-07-10,20260710T090133.mp4,SYNCED,2765,9309336,9309336,True,True,RECLAIM
2026-07-10,20260710T083124.mp4,SYNCED,2764,9346657,9346657,True,True,RECLAIM
2026-07-10,20260710T080133.mp4,SYNCED,2763,9358628,9358628,True,True,RECLAIM
2026-07-10,20260710T073123.mp4,SYNCED,2762,10076608,10076608,True,True,RECLAIM
2026-07-10,20260710T070131.mp4,SYNCED,2761,9304686,9304686,True,True,RECLAIM
2026-07-10,20260710T063124.mp4,SYNCED,2760,9598500,9598500,True,True,RECLAIM
2026-07-10,20260710T060127.mp4,SYNCED,2759,9437919,9437919,True,True,RECLAIM
2026-07-10,20260710T053133.mp4,SYNCED,2758,9309752,9309752,True,True,RECLAIM
2026-07-10,20260710T050130.mp4,SYNCED,2757,10110395,10110395,True,True,RECLAIM
2026-07-10,20260710T043135.mp4,SYNCED,2756,9504337,9504337,True,True,RECLAIM
2026-07-10,20260710T040124.mp4,SYNCED,2755,9685955,9685955,True,True,RECLAIM
2026-07-10,20260710T033126.mp4,SYNCED,2754,10173020,10173020,True,True,RECLAIM
2026-07-10,20260710T030131.mp4,SYNCED,2753,9295857,9295857,True,True,RECLAIM
2026-07-10,20260710T023124.mp4,SYNCED,2752,9603967,9603967,True,True,RECLAIM
2026-07-10,20260710T020128.mp4,SYNCED,2751,9334466,9334466,True,True,RECLAIM
2026-07-10,20260710T013127.mp4,SYNCED,2750,9382965,9382965,True,True,RECLAIM
2026-07-10,20260710T010133.mp4,SYNCED,2749,10257799,10257799,True,True,RECLAIM
2026-07-10,20260710T003131.mp4,SYNCED,2748,9337321,9337321,True,True,RECLAIM
2026-07-10,20260710T000127.mp4,SYNCED,2747,10149586,10149586,True,True,RECLAIM
2026-07-09,20260709T233133.mp4,SYNCED,2746,9308774,9308774,True,True,RECLAIM
2026-07-09,20260709T230124.mp4,SYNCED,2745,9348496,9348496,True,True,RECLAIM
2026-07-09,20260709T223131.mp4,SYNCED,2744,9588865,9588865,True,True,RECLAIM
2026-07-09,20260709T220124.mp4,SYNCED,2743,9394048,9394048,True,True,RECLAIM
2026-07-09,20260709T213129.mp4,SYNCED,2742,9361803,9361803,True,True,RECLAIM
2026-07-09,20260709T210129.mp4,SYNCED,2741,9280750,9280750,True,True,RECLAIM
2026-07-09,20260709T203123.mp4,SYNCED,2740,9289126,9289126,True,True,RECLAIM
2026-07-09,20260709T200130.mp4,SYNCED,2739,9413560,9413560,True,True,RECLAIM
2026-07-09,20260709T193126.mp4,SYNCED,2738,9280287,9280287,True,True,RECLAIM
2026-07-09,20260709T190124.mp4,SYNCED,2737,9828708,9828708,True,True,RECLAIM
2026-07-09,20260709T183133.mp4,SYNCED,2736,9583668,9583668,True,True,RECLAIM
2026-07-09,20260709T180124.mp4,SYNCED,2735,9917692,9917692,True,True,RECLAIM
2026-07-09,20260709T173129.mp4,SYNCED,2734,9906645,9906645,True,True,RECLAIM
2026-07-09,20260709T170125.mp4,SYNCED,2733,9650970,9650970,True,True,RECLAIM
2026-07-09,20260709T163127.mp4,SYNCED,2732,9747603,9747603,True,True,RECLAIM
2026-07-09,20260709T160124.mp4,SYNCED,2731,9287720,9287720,True,True,RECLAIM
2026-07-09,20260709T153125.mp4,SYNCED,2730,10055341,10055341,True,True,RECLAIM
2026-07-09,20260709T150132.mp4,SYNCED,2729,9811494,9811494,True,True,RECLAIM
2026-07-09,20260709T143124.mp4,SYNCED,2728,9937199,9937199,True,True,RECLAIM
2026-07-09,20260709T140126.mp4,SYNCED,2727,9251172,9251172,True,True,RECLAIM
2026-07-09,20260709T133125.mp4,SYNCED,2726,9729904,9729904,True,True,RECLAIM
2026-07-09,20260709T130132.mp4,SYNCED,2725,9759301,9759301,True,True,RECLAIM
2026-07-09,20260709T123128.mp4,SYNCED,2724,9416769,9416769,True,True,RECLAIM
2026-07-09,20260709T120124.mp4,SYNCED,2723,9281468,9281468,True,True,RECLAIM
2026-07-09,20260709T113125.mp4,SYNCED,2722,9889831,9889831,True,True,RECLAIM
2026-07-09,20260709T110128.mp4,SYNCED,2721,10356935,10356935,True,True,RECLAIM
2026-07-09,20260709T103124.mp4,SYNCED,2720,9367406,9367406,True,True,RECLAIM
2026-07-09,20260709T100131.mp4,SYNCED,2719,9439990,9439990,True,True,RECLAIM
2026-07-09,20260709T093124.mp4,SYNCED,2718,9342803,9342803,True,True,RECLAIM
2026-07-09,20260709T090130.mp4,SYNCED,2717,9306670,9306670,True,True,RECLAIM
2026-07-09,20260709T083124.mp4,SYNCED,2716,9311118,9311118,True,True,RECLAIM
2026-07-09,20260709T080126.mp4,FAILED,,10290239,10290239,True,True,ALREADY-ON-SERVER
2026-07-09,20260709T073134.mp4,SYNCED,2714,10143654,10143654,True,True,RECLAIM
2026-07-09,20260709T070124.mp4,SYNCED,2713,9350485,9350485,True,True,RECLAIM
2026-07-09,20260709T063129.mp4,SYNCED,2712,9307865,9307865,True,True,RECLAIM
2026-07-09,20260709T060131.mp4,SYNCED,2711,9608561,9608561,True,True,RECLAIM
2026-07-09,20260709T053132.mp4,SYNCED,2710,9465245,9465245,True,True,RECLAIM
2026-07-09,20260709T050127.mp4,SYNCED,2709,10137164,10137164,True,True,RECLAIM
2026-07-09,20260709T043132.mp4,SYNCED,2708,10381736,10381736,True,True,RECLAIM
2026-07-09,20260709T040124.mp4,SYNCED,2707,9313086,9313086,True,True,RECLAIM
2026-07-09,20260709T033133.mp4,SYNCED,2706,9317416,9317416,True,True,RECLAIM
2026-07-09,20260709T030129.mp4,SYNCED,2705,10333945,10333945,True,True,RECLAIM
2026-07-09,20260709T023124.mp4,SYNCED,2704,9314949,9314949,True,True,RECLAIM
2026-07-09,20260709T020132.mp4,SYNCED,2703,10198446,10198446,True,True,RECLAIM
2026-07-09,20260709T013124.mp4,SYNCED,2702,9316225,9316225,True,True,RECLAIM
2026-07-09,20260709T010133.mp4,SYNCED,2701,9363953,9363953,True,True,RECLAIM
2026-07-09,20260709T003124.mp4,FAILED,,10144996,10144996,True,True,ALREADY-ON-SERVER
2026-07-09,20260709T000131.mp4,SYNCED,2699,9312752,9312752,True,True,RECLAIM
2026-07-08,20260708T233131.mp4,SYNCED,2698,9310857,9310857,True,True,RECLAIM
2026-07-08,20260708T230126.mp4,SYNCED,2697,10274139,10274139,True,True,RECLAIM
2026-07-08,20260708T223127.mp4,SYNCED,2696,10117297,10117297,True,True,RECLAIM
2026-07-08,20260708T220126.mp4,SYNCED,2695,9356277,9356277,True,True,RECLAIM
2026-07-08,20260708T213131.mp4,SYNCED,2694,9681300,9681300,True,True,RECLAIM
2026-07-08,20260708T210128.mp4,SYNCED,2693,9295674,9295674,True,True,RECLAIM
2026-07-08,20260708T203126.mp4,SYNCED,2692,9809567,9809567,True,True,RECLAIM
2026-07-08,20260708T200131.mp4,SYNCED,2691,9397827,9397827,True,True,RECLAIM
2026-07-08,20260708T193125.mp4,SYNCED,2690,9967212,9967212,True,True,RECLAIM
2026-07-08,20260708T190126.mp4,SYNCED,2689,9289234,9289234,True,True,RECLAIM
2026-07-08,20260708T183126.mp4,SYNCED,2688,10065936,10065936,True,True,RECLAIM
2026-07-08,20260708T180126.mp4,SYNCED,2687,9861549,9861549,True,True,RECLAIM
2026-07-08,20260708T173131.mp4,SYNCED,2686,9774542,9774542,True,True,RECLAIM
2026-07-08,20260708T170127.mp4,SYNCED,2685,9833705,9833705,True,True,RECLAIM
2026-07-08,20260708T163131.mp4,SYNCED,2684,9720664,9720664,True,True,RECLAIM
2026-07-08,20260708T160126.mp4,SYNCED,2683,9801215,9801215,True,True,RECLAIM
2026-07-08,20260708T153126.mp4,SYNCED,2682,9330930,9330930,True,True,RECLAIM
2026-07-08,20260708T150125.mp4,SYNCED,2681,9766794,9766794,True,True,RECLAIM
2026-07-08,20260708T143127.mp4,SYNCED,2680,9690937,9690937,True,True,RECLAIM
2026-07-08,20260708T140125.mp4,SYNCED,2679,9290813,9290813,True,True,RECLAIM
2026-07-08,20260708T133126.mp4,SYNCED,2678,9288678,9288678,True,True,RECLAIM
2026-07-08,20260708T130135.mp4,SYNCED,2677,9363981,9363981,True,True,RECLAIM
2026-07-08,20260708T123124.mp4,SYNCED,2676,9280889,9280889,True,True,RECLAIM
2026-07-08,20260708T120129.mp4,SYNCED,2675,9964248,9964248,True,True,RECLAIM
2026-07-08,20260708T113127.mp4,SYNCED,2674,10113330,10113330,True,True,RECLAIM
2026-07-08,20260708T110126.mp4,SYNCED,2673,9330163,9330163,True,True,RECLAIM
2026-07-08,20260708T103133.mp4,SYNCED,2672,10182482,10182482,True,True,RECLAIM
2026-07-08,20260708T100126.mp4,SYNCED,2671,10067811,10067811,True,True,RECLAIM
2026-07-08,20260708T093131.mp4,SYNCED,2670,9698796,9698796,True,True,RECLAIM
2026-07-08,20260708T090125.mp4,SYNCED,2669,9311119,9311119,True,True,RECLAIM
2026-07-08,20260708T083131.mp4,SYNCED,2668,9309333,9309333,True,True,RECLAIM
2026-07-08,20260708T080124.mp4,FAILED,,10376879,10376879,True,True,ALREADY-ON-SERVER
2026-07-08,20260708T073131.mp4,SYNCED,2666,9374154,9374154,True,True,RECLAIM
2026-07-08,20260708T070133.mp4,SYNCED,2665,9317424,9317424,True,True,RECLAIM
2026-07-08,20260708T063127.mp4,SYNCED,2664,9314327,9314327,True,True,RECLAIM
2026-07-08,20260708T060125.mp4,SYNCED,2663,10152102,10152102,True,True,RECLAIM
2026-07-08,20260708T053133.mp4,SYNCED,2662,9560719,9560719,True,True,RECLAIM
2026-07-08,20260708T050124.mp4,SYNCED,2661,9316937,9316937,True,True,RECLAIM
2026-07-08,20260708T043124.mp4,SYNCED,2660,10215033,10215033,True,True,RECLAIM
2026-07-08,20260708T040130.mp4,SYNCED,2659,9341148,9341148,True,True,RECLAIM
2026-07-08,20260708T033127.mp4,SYNCED,2658,9454173,9454173,True,True,RECLAIM
2026-07-08,20260708T030134.mp4,SYNCED,2657,9391084,9391084,True,True,RECLAIM
2026-07-08,20260708T023124.mp4,SYNCED,2656,9391850,9391850,True,True,RECLAIM
2026-07-08,20260708T020130.mp4,SYNCED,2655,9445437,9445437,True,True,RECLAIM
2026-07-08,20260708T013127.mp4,SYNCED,2654,9307840,9307840,True,True,RECLAIM
2026-07-08,20260708T010131.mp4,SYNCED,2653,9306209,9306209,True,True,RECLAIM
2026-07-08,20260708T003122.mp4,FAILED,,9352216,,False,False,UPLOAD
2026-07-08,20260708T000126.mp4,SYNCED,2652,9318824,9318824,True,True,RECLAIM
2026-07-07,20260707T233131.mp4,SYNCED,2651,10050849,10050849,True,True,RECLAIM
2026-07-07,20260707T230124.mp4,SYNCED,2650,10183466,10183466,True,True,RECLAIM
2026-07-07,20260707T223133.mp4,SYNCED,2649,9949334,9949334,True,True,RECLAIM
2026-07-07,20260707T220124.mp4,SYNCED,2648,9275283,9275283,True,True,RECLAIM
2026-07-07,20260707T213123.mp4,SYNCED,2647,9276566,9276566,True,True,RECLAIM
2026-07-07,20260707T210131.mp4,SYNCED,2646,9736206,9736206,True,True,RECLAIM
2026-07-07,20260707T203122.mp4,SYNCED,2645,9337905,9337905,True,True,RECLAIM
2026-07-07,20260707T200133.mp4,SYNCED,2644,9454137,9454137,True,True,RECLAIM
2026-07-07,20260707T193124.mp4,SYNCED,2643,9284326,9284326,True,True,RECLAIM
2026-07-07,20260707T190130.mp4,SYNCED,2642,9645671,9645671,True,True,RECLAIM
2026-07-07,20260707T183124.mp4,SYNCED,2641,9282927,9282927,True,True,RECLAIM
2026-07-07,20260707T180133.mp4,SYNCED,2640,9555358,9555358,True,True,RECLAIM
2026-07-07,20260707T173125.mp4,SYNCED,2639,9285226,9285226,True,True,RECLAIM
2026-07-07,20260707T170126.mp4,FAILED,2638,9860164,9860164,True,True,ALREADY-ON-SERVER
2026-07-07,20260707T163128.mp4,SYNCED,2637,9293360,9293360,True,True,RECLAIM
2026-07-07,20260707T160127.mp4,SYNCED,2636,10196819,10196819,True,True,RECLAIM
2026-07-07,20260707T153131.mp4,FAILED,,9289053,,False,False,UPLOAD
2026-07-07,20260707T150125.mp4,SYNCED,2635,9278034,9278034,True,True,RECLAIM
2026-07-07,20260707T143125.mp4,SYNCED,2634,9859154,9859154,True,True,RECLAIM
2026-07-07,20260707T140125.mp4,SYNCED,2633,9878303,9878303,True,True,RECLAIM
2026-07-07,20260707T133125.mp4,SYNCED,2632,9753234,9753234,True,True,RECLAIM
2026-07-07,20260707T130127.mp4,FAILED,,9286660,,False,False,UPLOAD
2026-07-07,20260707T123124.mp4,SYNCED,2631,9258407,9258407,True,True,RECLAIM
2026-07-07,20260707T120124.mp4,SYNCED,2630,9284715,9284715,True,True,RECLAIM
2026-07-07,20260707T113124.mp4,SYNCED,2629,9276884,9276884,True,True,RECLAIM
2026-07-07,20260707T110133.mp4,SYNCED,2628,9440967,9440967,True,True,RECLAIM
2026-07-07,20260707T103127.mp4,SYNCED,2627,9317673,9317673,True,True,RECLAIM
2026-07-07,20260707T100122.mp4,SYNCED,2626,9313319,9313319,True,True,RECLAIM
2026-07-07,20260707T093128.mp4,SYNCED,2625,9478351,9478351,True,True,RECLAIM
2026-07-07,20260707T090122.mp4,SYNCED,2624,9825991,9825991,True,True,RECLAIM
2026-07-07,20260707T083124.mp4,SYNCED,2623,9542352,9542352,True,True,RECLAIM
2026-07-07,20260707T080127.mp4,SYNCED,2622,9312690,9312690,True,True,RECLAIM
2026-07-07,20260707T073127.mp4,SYNCED,2621,10278973,10278973,True,True,RECLAIM
2026-07-07,20260707T070125.mp4,SYNCED,2620,10061757,10061757,True,True,RECLAIM
2026-07-07,20260707T063124.mp4,SYNCED,2619,9768022,9768022,True,True,RECLAIM
2026-07-07,20260707T060125.mp4,FAILED,2618,9314336,9314336,True,True,ALREADY-ON-SERVER
2026-07-07,20260707T053127.mp4,SYNCED,2617,10116013,10116013,True,True,RECLAIM
2026-07-07,20260707T050123.mp4,SYNCED,2616,9315643,9315643,True,True,RECLAIM
2026-07-07,20260707T043127.mp4,SYNCED,2615,9316326,9316326,True,True,RECLAIM
2026-07-07,20260707T040127.mp4,SYNCED,2614,9317338,9317338,True,True,RECLAIM
2026-07-07,20260707T033125.mp4,SYNCED,2613,10248891,10248891,True,True,RECLAIM
2026-07-07,20260707T030127.mp4,SYNCED,2612,9363720,9363720,True,True,RECLAIM
2026-07-07,20260707T023129.mp4,SYNCED,2611,9308998,9308998,True,True,RECLAIM
2026-07-07,20260707T020125.mp4,SYNCED,2610,10097856,10097856,True,True,RECLAIM
2026-07-07,20260707T013125.mp4,SYNCED,2609,9306593,9306593,True,True,RECLAIM
2026-07-07,20260707T010128.mp4,SYNCED,2608,10316118,10316118,True,True,RECLAIM
2026-07-07,20260707T003125.mp4,FAILED,,9310405,9310405,True,True,ALREADY-ON-SERVER
2026-07-07,20260707T000127.mp4,FAILED,,9373364,,False,False,UPLOAD
2026-07-06,20260706T233124.mp4,SYNCED,2606,9313489,9313489,True,True,RECLAIM
2026-07-06,20260706T230130.mp4,SYNCED,2605,9370343,9370343,True,True,RECLAIM
2026-07-06,20260706T223125.mp4,SYNCED,2604,9755961,9755961,True,True,RECLAIM
2026-07-06,20260706T220128.mp4,SYNCED,2603,9927921,9927921,True,True,RECLAIM
2026-07-06,20260706T213125.mp4,SYNCED,2602,9462030,9462030,True,True,RECLAIM
2026-07-06,20260706T210129.mp4,SYNCED,2601,9293678,9293678,True,True,RECLAIM
2026-07-06,20260706T203125.mp4,SYNCED,2600,9565849,9565849,True,True,RECLAIM
2026-07-06,20260706T200125.mp4,SYNCED,2599,9287799,9287799,True,True,RECLAIM
2026-07-06,20260706T193125.mp4,SYNCED,2598,9387820,9387820,True,True,RECLAIM
2026-07-06,20260706T190124.mp4,SYNCED,2597,9278519,9278519,True,True,RECLAIM
2026-07-06,20260706T183122.mp4,SYNCED,2596,9943141,9943141,True,True,RECLAIM
2026-07-06,20260706T180124.mp4,SYNCED,2595,9240157,9240157,True,True,RECLAIM
2026-07-06,20260706T173122.mp4,FAILED,,9284291,,False,False,UPLOAD
2026-07-06,20260706T170128.mp4,SYNCED,2594,9396355,9396355,True,True,RECLAIM
2026-07-06,20260706T163125.mp4,SYNCED,2593,9926219,9926219,True,True,RECLAIM
2026-07-06,20260706T160127.mp4,SYNCED,2592,9896520,9896520,True,True,RECLAIM
2026-07-06,20260706T153127.mp4,SYNCED,2591,9633000,9633000,True,True,RECLAIM
2026-07-06,20260706T150124.mp4,SYNCED,2590,9283011,9283011,True,True,RECLAIM
2026-07-06,20260706T143127.mp4,SYNCED,2589,9514673,9514673,True,True,RECLAIM
2026-07-06,20260706T140127.mp4,SYNCED,2588,9889064,9889064,True,True,RECLAIM
2026-07-06,20260706T133130.mp4,SYNCED,2587,10222419,10222419,True,True,RECLAIM
2026-07-06,20260706T130122.mp4,SYNCED,2586,10026492,10026492,True,True,RECLAIM
2026-07-06,20260706T123129.mp4,SYNCED,2585,9623870,9623870,True,True,RECLAIM
2026-07-06,20260706T120128.mp4,SYNCED,2584,10005333,10005333,True,True,RECLAIM
2026-07-06,20260706T113125.mp4,SYNCED,2583,9697510,9697510,True,True,RECLAIM
2026-07-06,20260706T110126.mp4,SYNCED,2582,9307784,9307784,True,True,RECLAIM
2026-07-06,20260706T103127.mp4,SYNCED,2581,9426408,9426408,True,True,RECLAIM
2026-07-06,20260706T100125.mp4,SYNCED,2580,9314862,9314862,True,True,RECLAIM
2026-07-06,20260706T093129.mp4,SYNCED,2579,10117937,10117937,True,True,RECLAIM
2026-07-06,20260706T090127.mp4,SYNCED,2578,9355140,9355140,True,True,RECLAIM
2026-07-06,20260706T083125.mp4,SYNCED,2577,10133059,10133059,True,True,RECLAIM
2026-07-06,20260706T080127.mp4,SYNCED,2576,9319487,9319487,True,True,RECLAIM
2026-07-06,20260706T073125.mp4,FAILED,,9318114,9318114,True,True,ALREADY-ON-SERVER
2026-07-06,20260706T070128.mp4,SYNCED,2574,9313420,9313420,True,True,RECLAIM
2026-07-06,20260706T063124.mp4,SYNCED,2573,9319516,9319516,True,True,RECLAIM
2026-07-06,20260706T060129.mp4,SYNCED,2572,9319689,9319689,True,True,RECLAIM
2026-07-06,20260706T053125.mp4,FAILED,,9518371,9518371,True,True,ALREADY-ON-SERVER
2026-07-06,20260706T050127.mp4,SYNCED,2570,9432790,9432790,True,True,RECLAIM
2026-07-06,20260706T043125.mp4,SYNCED,2569,10333252,10333252,True,True,RECLAIM
2026-07-06,20260706T040127.mp4,SYNCED,2568,9312408,9312408,True,True,RECLAIM
2026-07-06,20260706T033131.mp4,SYNCED,2567,9318024,9318024,True,True,RECLAIM
2026-07-06,20260706T030127.mp4,SYNCED,2566,10116957,10116957,True,True,RECLAIM
2026-07-06,20260706T023125.mp4,SYNCED,2565,10200503,10200503,True,True,RECLAIM
2026-07-06,20260706T020129.mp4,SYNCED,2564,10153369,10153369,True,True,RECLAIM
2026-07-06,20260706T013125.mp4,FAILED,,9306696,9306696,True,True,ALREADY-ON-SERVER
2026-07-06,20260706T010127.mp4,SYNCED,2562,9551122,9551122,True,True,RECLAIM
2026-07-06,20260706T003122.mp4,FAILED,,10344791,10344791,True,True,ALREADY-ON-SERVER
2026-07-06,20260706T000125.mp4,SYNCED,2560,9656813,9656813,True,True,RECLAIM
2026-07-05,20260705T233127.mp4,FAILED,,9313746,9313746,True,True,ALREADY-ON-SERVER
2026-07-05,20260705T230128.mp4,SYNCED,2558,9305555,9305555,True,True,RECLAIM
2026-07-05,20260705T223129.mp4,SYNCED,2557,9291046,9291046,True,True,RECLAIM
2026-07-05,20260705T220125.mp4,SYNCED,2556,9663081,9663081,True,True,RECLAIM
2026-07-05,20260705T213123.mp4,SYNCED,2555,9645395,9645395,True,True,RECLAIM
2026-07-05,20260705T210134.mp4,SYNCED,2554,9670589,9670589,True,True,RECLAIM
2026-07-05,20260705T203125.mp4,SYNCED,2553,9754429,9754429,True,True,RECLAIM
2026-07-05,20260705T200128.mp4,SYNCED,2552,9289560,9289560,True,True,RECLAIM
2026-07-05,20260705T193125.mp4,SYNCED,2551,9524635,9524635,True,True,RECLAIM
2026-07-05,20260705T190124.mp4,SYNCED,2550,9291434,9291434,True,True,RECLAIM
2026-07-05,20260705T183125.mp4,SYNCED,2549,9917936,9917936,True,True,RECLAIM
2026-07-05,20260705T180125.mp4,SYNCED,2548,9273509,9273509,True,True,RECLAIM
2026-07-05,20260705T173125.mp4,SYNCED,2547,9575848,9575848,True,True,RECLAIM
2026-07-05,20260705T170124.mp4,SYNCED,2546,9264770,9264770,True,True,RECLAIM
2026-07-05,20260705T163127.mp4,SYNCED,2545,10110867,10110867,True,True,RECLAIM
2026-07-05,20260705T160129.mp4,SYNCED,2544,9636574,9636574,True,True,RECLAIM
2026-07-05,20260705T153128.mp4,SYNCED,2543,9431621,9431621,True,True,RECLAIM
2026-07-05,20260705T150125.mp4,SYNCED,2542,9764405,9764405,True,True,RECLAIM
2026-07-05,20260705T143127.mp4,SYNCED,2541,9738413,9738413,True,True,RECLAIM
2026-07-05,20260705T140129.mp4,SYNCED,2540,9946473,9946473,True,True,RECLAIM
2026-07-05,20260705T133125.mp4,SYNCED,2539,9803925,9803925,True,True,RECLAIM
2026-07-05,20260705T130127.mp4,SYNCED,2538,9837387,9837387,True,True,RECLAIM
2026-07-05,20260705T123127.mp4,SYNCED,2537,9875525,9875525,True,True,RECLAIM
2026-07-05,20260705T120126.mp4,SYNCED,2536,9763299,9763299,True,True,RECLAIM
2026-07-05,20260705T113129.mp4,SYNCED,2535,9466429,9466429,True,True,RECLAIM
2026-07-05,20260705T110123.mp4,SYNCED,2534,9308455,9308455,True,True,RECLAIM
2026-07-05,20260705T103127.mp4,SYNCED,2533,9312415,9312415,True,True,RECLAIM
2026-07-05,20260705T100122.mp4,SYNCED,2532,9506989,9506989,True,True,RECLAIM
2026-07-05,20260705T093127.mp4,FAILED,,9318684,9318684,True,True,ALREADY-ON-SERVER
2026-07-05,20260705T090132.mp4,SYNCED,2530,9316068,9316068,True,True,RECLAIM
2026-07-05,20260705T083125.mp4,SYNCED,2529,10093989,10093989,True,True,RECLAIM
2026-07-05,20260705T080126.mp4,SYNCED,2528,9312666,9312666,True,True,RECLAIM
2026-07-05,20260705T073122.mp4,SYNCED,2527,9313436,9313436,True,True,RECLAIM
2026-07-05,20260705T070125.mp4,SYNCED,2526,9700670,9700670,True,True,RECLAIM
2026-07-05,20260705T063125.mp4,SYNCED,2525,10209060,10209060,True,True,RECLAIM
2026-07-05,20260705T060127.mp4,SYNCED,2524,9397134,9397134,True,True,RECLAIM
2026-07-05,20260705T053127.mp4,SYNCED,2523,10300188,10300188,True,True,RECLAIM
2026-07-05,20260705T050125.mp4,SYNCED,2522,10242295,10242295,True,True,RECLAIM
2026-07-05,20260705T043127.mp4,SYNCED,2521,10171082,10171082,True,True,RECLAIM
2026-07-05,20260705T040127.mp4,SYNCED,2520,9392710,9392710,True,True,RECLAIM
2026-07-05,20260705T033124.mp4,SYNCED,2519,9775015,9775015,True,True,RECLAIM
2026-07-05,20260705T030125.mp4,SYNCED,2518,9468658,9468658,True,True,RECLAIM
2026-07-05,20260705T023127.mp4,SYNCED,2517,9302479,9302479,True,True,RECLAIM
2026-07-05,20260705T020125.mp4,SYNCED,2516,9442814,9442814,True,True,RECLAIM
2026-07-05,20260705T013127.mp4,SYNCED,2515,10379490,10379490,True,True,RECLAIM
2026-07-05,20260705T010122.mp4,SYNCED,2514,9533578,9533578,True,True,RECLAIM
2026-07-05,20260705T003127.mp4,SYNCED,2513,9308614,9308614,True,True,RECLAIM
2026-07-05,20260705T000127.mp4,SYNCED,2512,10184766,10184766,True,True,RECLAIM
2026-07-04,20260704T233128.mp4,SYNCED,2511,9557415,9557415,True,True,RECLAIM
2026-07-04,20260704T230122.mp4,SYNCED,2510,9311536,9311536,True,True,RECLAIM
2026-07-04,20260704T223127.mp4,SYNCED,2509,9762379,9762379,True,True,RECLAIM
2026-07-04,20260704T220122.mp4,SYNCED,2508,9289463,9289463,True,True,RECLAIM
2026-07-04,20260704T213127.mp4,SYNCED,2507,9533544,9533544,True,True,RECLAIM
2026-07-04,20260704T210127.mp4,SYNCED,2506,9357089,9357089,True,True,RECLAIM
2026-07-04,20260704T203125.mp4,SYNCED,2505,9954428,9954428,True,True,RECLAIM
2026-07-04,20260704T200127.mp4,SYNCED,2504,9918299,9918299,True,True,RECLAIM
2026-07-04,20260704T193125.mp4,SYNCED,2503,9932977,9932977,True,True,RECLAIM
2026-07-04,20260704T190127.mp4,SYNCED,2502,9503790,9503790,True,True,RECLAIM
2026-07-04,20260704T183125.mp4,SYNCED,2501,9671105,9671105,True,True,RECLAIM
2026-07-04,20260704T180123.mp4,SYNCED,2500,9279424,9279424,True,True,RECLAIM
2026-07-04,20260704T173124.mp4,SYNCED,2499,9282606,9282606,True,True,RECLAIM
2026-07-04,20260704T170129.mp4,SYNCED,2498,9646283,9646283,True,True,RECLAIM
2026-07-04,20260704T163130.mp4,SYNCED,2497,10233631,10233631,True,True,RECLAIM
2026-07-04,20260704T160125.mp4,SYNCED,2496,9847493,9847493,True,True,RECLAIM
2026-07-04,20260704T153125.mp4,SYNCED,2495,9999500,9999500,True,True,RECLAIM
2026-07-04,20260704T150127.mp4,SYNCED,2494,10077570,10077570,True,True,RECLAIM
2026-07-04,20260704T143127.mp4,SYNCED,2493,9544582,9544582,True,True,RECLAIM
2026-07-04,20260704T140124.mp4,SYNCED,2492,9770027,9770027,True,True,RECLAIM
2026-07-04,20260704T133130.mp4,SYNCED,2491,9584576,9584576,True,True,RECLAIM
2026-07-04,20260704T130125.mp4,SYNCED,2490,10091394,10091394,True,True,RECLAIM
2026-07-04,20260704T123126.mp4,SYNCED,2489,9706570,9706570,True,True,RECLAIM
2026-07-04,20260704T120126.mp4,SYNCED,2488,10101421,10101421,True,True,RECLAIM
2026-07-04,20260704T113125.mp4,SYNCED,2487,9833016,9833016,True,True,RECLAIM
2026-07-04,20260704T110124.mp4,SYNCED,2486,9415541,9415541,True,True,RECLAIM
2026-07-04,20260704T103124.mp4,FAILED,,10093769,,False,False,UPLOAD
2026-07-04,20260704T100127.mp4,SYNCED,2485,10124839,10124839,True,True,RECLAIM
2026-07-04,20260704T093127.mp4,SYNCED,2484,9313517,9313517,True,True,RECLAIM
2026-07-04,20260704T090122.mp4,SYNCED,2483,10092163,10092163,True,True,RECLAIM
2026-07-04,20260704T083129.mp4,SYNCED,2482,9316434,9316434,True,True,RECLAIM
2026-07-04,20260704T080129.mp4,SYNCED,2481,9317070,9317070,True,True,RECLAIM
2026-07-04,20260704T073125.mp4,FAILED,,10109165,,False,False,UPLOAD
2026-07-04,20260704T070125.mp4,SYNCED,2480,9907302,9907302,True,True,RECLAIM
2026-07-04,20260704T063122.mp4,SYNCED,2479,9591753,9591753,True,True,RECLAIM
2026-07-04,20260704T060127.mp4,SYNCED,2478,9317485,9317485,True,True,RECLAIM
2026-07-04,20260704T053125.mp4,SYNCED,2477,9318707,9318707,True,True,RECLAIM
2026-07-04,20260704T050124.mp4,SYNCED,2476,10229825,10229825,True,True,RECLAIM
2026-07-04,20260704T043125.mp4,SYNCED,2475,9415392,9415392,True,True,RECLAIM
2026-07-04,20260704T040125.mp4,SYNCED,2474,9319114,9319114,True,True,RECLAIM
2026-07-04,20260704T033122.mp4,FAILED,,9863280,9863280,True,True,ALREADY-ON-SERVER
2026-07-04,20260704T030123.mp4,SYNCED,2472,10136524,10136524,True,True,RECLAIM
2026-07-04,20260704T023122.mp4,FAILED,,9315780,9315780,True,True,ALREADY-ON-SERVER
2026-07-04,20260704T020127.mp4,SYNCED,2470,9381120,9381120,True,True,RECLAIM
2026-07-04,20260704T013122.mp4,SYNCED,2469,9628633,9628633,True,True,RECLAIM
2026-07-04,20260704T010124.mp4,SYNCED,2468,9976868,9976868,True,True,RECLAIM
2026-07-04,20260704T003128.mp4,SYNCED,2467,10285221,10285221,True,True,RECLAIM
2026-07-04,20260704T000125.mp4,SYNCED,2466,10165481,10165481,True,True,RECLAIM
2026-07-03,20260703T233124.mp4,SYNCED,2465,9972548,9972548,True,True,RECLAIM
2026-07-03,20260703T230122.mp4,SYNCED,2464,9309350,9309350,True,True,RECLAIM
2026-07-03,20260703T223124.mp4,SYNCED,2463,9897596,9897596,True,True,RECLAIM
2026-07-03,20260703T220125.mp4,SYNCED,2462,9330341,9330341,True,True,RECLAIM
2026-07-03,20260703T213127.mp4,SYNCED,2461,9728847,9728847,True,True,RECLAIM
2026-07-03,20260703T210125.mp4,SYNCED,2460,9456056,9456056,True,True,RECLAIM
2026-07-03,20260703T203127.mp4,SYNCED,2459,9830170,9830170,True,True,RECLAIM
2026-07-03,20260703T200125.mp4,SYNCED,2458,9323153,9323153,True,True,RECLAIM
2026-07-03,20260703T193129.mp4,SYNCED,2457,9379035,9379035,True,True,RECLAIM
2026-07-03,20260703T190125.mp4,SYNCED,2456,9480671,9480671,True,True,RECLAIM
2026-07-03,20260703T183126.mp4,SYNCED,2455,9657183,9657183,True,True,RECLAIM
2026-07-03,20260703T180127.mp4,SYNCED,2454,9778442,9778442,True,True,RECLAIM
2026-07-03,20260703T173127.mp4,SYNCED,2453,9835609,9835609,True,True,RECLAIM
2026-07-03,20260703T170125.mp4,SYNCED,2452,9358631,9358631,True,True,RECLAIM
2026-07-03,20260703T163127.mp4,SYNCED,2451,10198670,10198670,True,True,RECLAIM
2026-07-03,20260703T160124.mp4,SYNCED,2450,9274007,9274007,True,True,RECLAIM
2026-07-03,20260703T153124.mp4,SYNCED,2449,9662247,9662247,True,True,RECLAIM
2026-07-03,20260703T150125.mp4,SYNCED,2448,9876408,9876408,True,True,RECLAIM
2026-07-03,20260703T143125.mp4,SYNCED,2447,9896075,9896075,True,True,RECLAIM
2026-07-03,20260703T140125.mp4,SYNCED,2446,9871527,9871527,True,True,RECLAIM
2026-07-03,20260703T133127.mp4,SYNCED,2445,9328464,9328464,True,True,RECLAIM
2026-07-03,20260703T130127.mp4,SYNCED,2444,9769950,9769950,True,True,RECLAIM
2026-07-03,20260703T123127.mp4,SYNCED,2443,10186989,10186989,True,True,RECLAIM
2026-07-03,20260703T120125.mp4,SYNCED,2442,9568736,9568736,True,True,RECLAIM
2026-07-03,20260703T113125.mp4,SYNCED,2441,9897251,9897251,True,True,RECLAIM
2026-07-03,20260703T110126.mp4,SYNCED,2440,9305268,9305268,True,True,RECLAIM
2026-07-03,20260703T103126.mp4,SYNCED,2439,9315428,9315428,True,True,RECLAIM
2026-07-03,20260703T100126.mp4,SYNCED,2438,9524453,9524453,True,True,RECLAIM
2026-07-03,20260703T093122.mp4,FAILED,,10238352,10238352,True,True,ALREADY-ON-SERVER
2026-07-03,20260703T090127.mp4,SYNCED,2436,10162111,10162111,True,True,RECLAIM
2026-07-03,20260703T083127.mp4,SYNCED,2435,9312254,9312254,True,True,RECLAIM
2026-07-03,20260703T080125.mp4,SYNCED,2434,10235634,10235634,True,True,RECLAIM
2026-07-03,20260703T073128.mp4,SYNCED,2433,9401415,9401415,True,True,RECLAIM
2026-07-03,20260703T070127.mp4,SYNCED,2432,10107230,10107230,True,True,RECLAIM
2026-07-03,20260703T063125.mp4,SYNCED,2431,9468411,9468411,True,True,RECLAIM
2026-07-03,20260703T060124.mp4,SYNCED,2430,10122326,10122326,True,True,RECLAIM
2026-07-03,20260703T053127.mp4,SYNCED,2429,10134801,10134801,True,True,RECLAIM
2026-07-03,20260703T050123.mp4,SYNCED,2428,10321846,10321846,True,True,RECLAIM
2026-07-03,20260703T043127.mp4,SYNCED,2427,9317734,9317734,True,True,RECLAIM
2026-07-03,20260703T040127.mp4,SYNCED,2426,10178530,10178530,True,True,RECLAIM
2026-07-03,20260703T031711.mp4,SYNCED,2425,9315911,9315911,True,True,RECLAIM
2026-07-03,20260703T030824.mp4,SYNCED,2424,9315823,9315823,True,True,RECLAIM
2026-07-03,20260703T024814.mp4,SYNCED,2423,9582447,9582447,True,True,RECLAIM
2026-07-02,20260702T034412.mp4,SYNCED,2422,9433194,9433194,True,True,RECLAIM
2026-07-02,20260702T033928.mp4,SYNCED,2421,9314885,9314885,True,True,RECLAIM
